Copyright 1986-2022 Xilinx, Inc. All Rights Reserved. Copyright 2022-2024 Advanced Micro Devices, Inc. All Rights Reserved.
---------------------------------------------------------------------------------------------------------------------------------------------------------------------------------------------------------------------
| Tool Version : Vivado v.2024.2 (win64) Build 5239630 Fri Nov 08 22:35:27 MST 2024
| Date         : Thu Sep 24 21:38:02 2026
| Host         : DESKTOP-6EVF12B running 64-bit major release  (build 9200)
| Command      : report_timing_summary -max_paths 10 -report_unconstrained -file NEXYS_A7_timing_summary_routed.rpt -pb NEXYS_A7_timing_summary_routed.pb -rpx NEXYS_A7_timing_summary_routed.rpx -warn_on_violation
| Design       : NEXYS_A7
| Device       : 7a100t-csg324
| Speed File   : -1  PRODUCTION 1.23 2018-06-13
| Design State : Routed
---------------------------------------------------------------------------------------------------------------------------------------------------------------------------------------------------------------------

Timing Summary Report

------------------------------------------------------------------------------------------------
| Timer Settings
| --------------
------------------------------------------------------------------------------------------------

  Enable Multi Corner Analysis               :  Yes
  Enable Pessimism Removal                   :  Yes
  Pessimism Removal Resolution               :  Nearest Common Node
  Enable Input Delay Default Clock           :  No
  Enable Preset / Clear Arcs                 :  No
  Disable Flight Delays                      :  No
  Ignore I/O Paths                           :  No
  Timing Early Launch at Borrowing Latches   :  No
  Borrow Time for Max Delay Exceptions       :  Yes
  Merge Timing Exceptions                    :  Yes
  Inter-SLR Compensation                     :  Conservative

  Corner  Analyze    Analyze    
  Name    Max Paths  Min Paths  
  ------  ---------  ---------  
  Slow    Yes        Yes        
  Fast    Yes        Yes        


------------------------------------------------------------------------------------------------
| Report Methodology
| ------------------
------------------------------------------------------------------------------------------------

Rule       Severity  Description                                 Violations  
---------  --------  ------------------------------------------  ----------  
SYNTH-6    Warning   Timing of a RAM block might be sub-optimal  1           
TIMING-18  Warning   Missing input or output delay               50          

Note: This report is based on the most recent report_methodology run and may not be up-to-date. Run report_methodology on the current design for the latest report.



check_timing report

Table of Contents
-----------------
1. checking no_clock (0)
2. checking constant_clock (0)
3. checking pulse_width_clock (0)
4. checking unconstrained_internal_endpoints (0)
5. checking no_input_delay (5)
6. checking no_output_delay (27)
7. checking multiple_clock (0)
8. checking generated_clocks (0)
9. checking loops (0)
10. checking partial_input_delay (0)
11. checking partial_output_delay (0)
12. checking latch_loops (0)

1. checking no_clock (0)
------------------------
 There are 0 register/latch pins with no clock.


2. checking constant_clock (0)
------------------------------
 There are 0 register/latch pins with constant_clock.


3. checking pulse_width_clock (0)
---------------------------------
 There are 0 register/latch pins which need pulse_width check


4. checking unconstrained_internal_endpoints (0)
------------------------------------------------
 There are 0 pins that are not constrained for maximum delay.

 There are 0 pins that are not constrained for maximum delay due to constant clock.


5. checking no_input_delay (5)
------------------------------
 There are 5 input ports with no input delay specified. (HIGH)

 There are 0 input ports with no input delay but user has a false path constraint.


6. checking no_output_delay (27)
--------------------------------
 There are 27 ports with no output delay specified. (HIGH)

 There are 0 ports with no output delay but user has a false path constraint

 There are 0 ports with no output delay but with a timing clock defined on it or propagating through it


7. checking multiple_clock (0)
------------------------------
 There are 0 register/latch pins with multiple clocks.


8. checking generated_clocks (0)
--------------------------------
 There are 0 generated clocks that are not connected to a clock source.


9. checking loops (0)
---------------------
 There are 0 combinational loops in the design.


10. checking partial_input_delay (0)
------------------------------------
 There are 0 input ports with partial input delay specified.


11. checking partial_output_delay (0)
-------------------------------------
 There are 0 ports with partial output delay specified.


12. checking latch_loops (0)
----------------------------
 There are 0 combinational latch loops in the design through latch input



------------------------------------------------------------------------------------------------
| Design Timing Summary
| ---------------------
------------------------------------------------------------------------------------------------

    WNS(ns)      TNS(ns)  TNS Failing Endpoints  TNS Total Endpoints      WHS(ns)      THS(ns)  THS Failing Endpoints  THS Total Endpoints     WPWS(ns)     TPWS(ns)  TPWS Failing Endpoints  TPWS Total Endpoints  
    -------      -------  ---------------------  -------------------      -------      -------  ---------------------  -------------------     --------     --------  ----------------------  --------------------  
      0.804        0.000                      0                  564        0.121        0.000                      0                  564        4.500        0.000                       0                   279  


All user specified timing constraints are met.


------------------------------------------------------------------------------------------------
| Clock Summary
| -------------
------------------------------------------------------------------------------------------------

Clock        Waveform(ns)       Period(ns)      Frequency(MHz)
-----        ------------       ----------      --------------
sys_clk_pin  {0.000 5.000}      10.000          100.000         


------------------------------------------------------------------------------------------------
| Intra Clock Table
| -----------------
------------------------------------------------------------------------------------------------

Clock             WNS(ns)      TNS(ns)  TNS Failing Endpoints  TNS Total Endpoints      WHS(ns)      THS(ns)  THS Failing Endpoints  THS Total Endpoints     WPWS(ns)     TPWS(ns)  TPWS Failing Endpoints  TPWS Total Endpoints  
-----             -------      -------  ---------------------  -------------------      -------      -------  ---------------------  -------------------     --------     --------  ----------------------  --------------------  
sys_clk_pin         0.804        0.000                      0                  468        0.121        0.000                      0                  468        4.500        0.000                       0                   279  


------------------------------------------------------------------------------------------------
| Inter Clock Table
| -----------------
------------------------------------------------------------------------------------------------

From Clock    To Clock          WNS(ns)      TNS(ns)  TNS Failing Endpoints  TNS Total Endpoints      WHS(ns)      THS(ns)  THS Failing Endpoints  THS Total Endpoints  
----------    --------          -------      -------  ---------------------  -------------------      -------      -------  ---------------------  -------------------  


------------------------------------------------------------------------------------------------
| Other Path Groups Table
| -----------------------
------------------------------------------------------------------------------------------------

Path Group         From Clock         To Clock               WNS(ns)      TNS(ns)  TNS Failing Endpoints  TNS Total Endpoints      WHS(ns)      THS(ns)  THS Failing Endpoints  THS Total Endpoints  
----------         ----------         --------               -------      -------  ---------------------  -------------------      -------      -------  ---------------------  -------------------  
**async_default**  sys_clk_pin        sys_clk_pin              5.254        0.000                      0                   96        0.377        0.000                      0                   96  


------------------------------------------------------------------------------------------------
| User Ignored Path Table
| -----------------------
------------------------------------------------------------------------------------------------

Path Group    From Clock    To Clock    
----------    ----------    --------    


------------------------------------------------------------------------------------------------
| Unconstrained Path Table
| ------------------------
------------------------------------------------------------------------------------------------

Path Group    From Clock    To Clock    
----------    ----------    --------    
(none)        sys_clk_pin                 
(none)                      sys_clk_pin   


------------------------------------------------------------------------------------------------
| Timing Details
| --------------
------------------------------------------------------------------------------------------------


---------------------------------------------------------------------------------------------------
From Clock:  sys_clk_pin
  To Clock:  sys_clk_pin

Setup :            0  Failing Endpoints,  Worst Slack        0.804ns,  Total Violation        0.000ns
Hold  :            0  Failing Endpoints,  Worst Slack        0.121ns,  Total Violation        0.000ns
PW    :            0  Failing Endpoints,  Worst Slack        4.500ns,  Total Violation        0.000ns
---------------------------------------------------------------------------------------------------


Max Delay Paths
--------------------------------------------------------------------------------------
Slack (MET) :             0.804ns  (required time - arrival time)
  Source:                 vga_t/h_r_reg[5]/C
                            (rising edge-triggered cell FDRE clocked by sys_clk_pin  {rise@0.000ns fall@5.000ns period=10.000ns})
  Destination:            vga_b/lit1_reg/D
                            (rising edge-triggered cell FDRE clocked by sys_clk_pin  {rise@0.000ns fall@5.000ns period=10.000ns})
  Path Group:             sys_clk_pin
  Path Type:              Setup (Max at Slow Process Corner)
  Requirement:            10.000ns  (sys_clk_pin rise@10.000ns - sys_clk_pin rise@0.000ns)
  Data Path Delay:        9.120ns  (logic 2.772ns (30.394%)  route 6.348ns (69.606%))
  Logic Levels:           10  (CARRY4=1 LUT2=1 LUT3=1 LUT5=4 LUT6=3)
  Clock Path Skew:        -0.121ns (DCD - SCD + CPR)
    Destination Clock Delay (DCD):    4.928ns = ( 14.928 - 10.000 ) 
    Source Clock Delay      (SCD):    5.308ns
    Clock Pessimism Removal (CPR):    0.259ns
  Clock Uncertainty:      0.035ns  ((TSJ^2 + TIJ^2)^1/2 + DJ) / 2 + PE
    Total System Jitter     (TSJ):    0.071ns
    Total Input Jitter      (TIJ):    0.000ns
    Discrete Jitter          (DJ):    0.000ns
    Phase Error              (PE):    0.000ns

    Location             Delay type                Incr(ns)  Path(ns)    Netlist Resource(s)
  -------------------------------------------------------------------    -------------------
                         (clock sys_clk_pin rise edge)
                                                      0.000     0.000 r  
    E3                                                0.000     0.000 r  CLK100MHZ (IN)
                         net (fo=0)                   0.000     0.000    CLK100MHZ
    E3                   IBUF (Prop_ibuf_I_O)         1.482     1.482 r  CLK100MHZ_IBUF_inst/O
                         net (fo=1, routed)           2.025     3.506    CLK100MHZ_IBUF
    BUFGCTRL_X0Y16       BUFG (Prop_bufg_I_O)         0.096     3.602 r  CLK100MHZ_IBUF_BUFG_inst/O
                         net (fo=278, routed)         1.706     5.308    vga_t/CLK100MHZ_IBUF_BUFG
    SLICE_X5Y109         FDRE                                         r  vga_t/h_r_reg[5]/C
  -------------------------------------------------------------------    -------------------
    SLICE_X5Y109         FDRE (Prop_fdre_C_Q)         0.456     5.764 r  vga_t/h_r_reg[5]/Q
                         net (fo=35, routed)          0.724     6.488    vga_t/h[5]
    SLICE_X5Y109         LUT2 (Prop_lut2_I1_O)        0.119     6.607 r  vga_t/grp1[2]_i_2/O
                         net (fo=4, routed)           0.759     7.367    vga_t/grp1[2]_i_2_n_0
    SLICE_X6Y111         LUT6 (Prop_lut6_I2_O)        0.332     7.699 r  vga_t/grp1[1]_i_5/O
                         net (fo=12, routed)          1.181     8.880    vga_t/h_r_reg[9]_1
    SLICE_X11Y110        LUT5 (Prop_lut5_I1_O)        0.153     9.033 r  vga_t/seg_shape_return4_carry_i_6/O
                         net (fo=2, routed)           0.506     9.539    vga_t/seg_shape_return4_carry_i_6_n_0
    SLICE_X10Y110        LUT3 (Prop_lut3_I1_O)        0.327     9.866 r  vga_t/seg_shape_return4_carry_i_3/O
                         net (fo=1, routed)           0.000     9.866    vga_b/S[2]
    SLICE_X10Y110        CARRY4 (Prop_carry4_S[2]_O[3])
                                                      0.352    10.218 f  vga_b/seg_shape_return4_carry/O[3]
                         net (fo=3, routed)           0.815    11.033    vga_t/O[3]
    SLICE_X10Y109        LUT5 (Prop_lut5_I1_O)        0.307    11.340 f  vga_t/ghost1_i_23/O
                         net (fo=4, routed)           0.522    11.863    vga_t/ghost1_i_23_n_0
    SLICE_X10Y109        LUT6 (Prop_lut6_I0_O)        0.124    11.987 f  vga_t/lit1_i_26/O
                         net (fo=1, routed)           0.600    12.587    vga_t/lit1_i_26_n_0
    SLICE_X8Y109         LUT5 (Prop_lut5_I4_O)        0.150    12.737 r  vga_t/lit1_i_10/O
                         net (fo=1, routed)           0.569    13.307    vga_t/lit1_i_10_n_0
    SLICE_X8Y110         LUT5 (Prop_lut5_I0_O)        0.328    13.635 r  vga_t/lit1_i_3/O
                         net (fo=1, routed)           0.670    14.305    vga_t/lit1_i_3_n_0
    SLICE_X8Y110         LUT6 (Prop_lut6_I1_O)        0.124    14.429 r  vga_t/lit1_i_1/O
                         net (fo=1, routed)           0.000    14.429    vga_b/lit1_reg_0
    SLICE_X8Y110         FDRE                                         r  vga_b/lit1_reg/D
  -------------------------------------------------------------------    -------------------

                         (clock sys_clk_pin rise edge)
                                                     10.000    10.000 r  
    E3                                                0.000    10.000 r  CLK100MHZ (IN)
                         net (fo=0)                   0.000    10.000    CLK100MHZ
    E3                   IBUF (Prop_ibuf_I_O)         1.411    11.411 r  CLK100MHZ_IBUF_inst/O
                         net (fo=1, routed)           1.920    13.331    CLK100MHZ_IBUF
    BUFGCTRL_X0Y16       BUFG (Prop_bufg_I_O)         0.091    13.422 r  CLK100MHZ_IBUF_BUFG_inst/O
                         net (fo=278, routed)         1.506    14.928    vga_b/CLK100MHZ_IBUF_BUFG
    SLICE_X8Y110         FDRE                                         r  vga_b/lit1_reg/C
                         clock pessimism              0.259    15.187    
                         clock uncertainty           -0.035    15.152    
    SLICE_X8Y110         FDRE (Setup_fdre_C_D)        0.081    15.233    vga_b/lit1_reg
  -------------------------------------------------------------------
                         required time                         15.233    
                         arrival time                         -14.429    
  -------------------------------------------------------------------
                         slack                                  0.804    

Slack (MET) :             1.838ns  (required time - arrival time)
  Source:                 vga_t/h_r_reg[5]/C
                            (rising edge-triggered cell FDRE clocked by sys_clk_pin  {rise@0.000ns fall@5.000ns period=10.000ns})
  Destination:            vga_b/ghost1_reg/D
                            (rising edge-triggered cell FDRE clocked by sys_clk_pin  {rise@0.000ns fall@5.000ns period=10.000ns})
  Path Group:             sys_clk_pin
  Path Type:              Setup (Max at Slow Process Corner)
  Requirement:            10.000ns  (sys_clk_pin rise@10.000ns - sys_clk_pin rise@0.000ns)
  Data Path Delay:        8.034ns  (logic 2.520ns (31.366%)  route 5.514ns (68.634%))
  Logic Levels:           8  (CARRY4=1 LUT2=1 LUT3=1 LUT4=1 LUT5=1 LUT6=3)
  Clock Path Skew:        -0.121ns (DCD - SCD + CPR)
    Destination Clock Delay (DCD):    4.928ns = ( 14.928 - 10.000 ) 
    Source Clock Delay      (SCD):    5.308ns
    Clock Pessimism Removal (CPR):    0.259ns
  Clock Uncertainty:      0.035ns  ((TSJ^2 + TIJ^2)^1/2 + DJ) / 2 + PE
    Total System Jitter     (TSJ):    0.071ns
    Total Input Jitter      (TIJ):    0.000ns
    Discrete Jitter          (DJ):    0.000ns
    Phase Error              (PE):    0.000ns

    Location             Delay type                Incr(ns)  Path(ns)    Netlist Resource(s)
  -------------------------------------------------------------------    -------------------
                         (clock sys_clk_pin rise edge)
                                                      0.000     0.000 r  
    E3                                                0.000     0.000 r  CLK100MHZ (IN)
                         net (fo=0)                   0.000     0.000    CLK100MHZ
    E3                   IBUF (Prop_ibuf_I_O)         1.482     1.482 r  CLK100MHZ_IBUF_inst/O
                         net (fo=1, routed)           2.025     3.506    CLK100MHZ_IBUF
    BUFGCTRL_X0Y16       BUFG (Prop_bufg_I_O)         0.096     3.602 r  CLK100MHZ_IBUF_BUFG_inst/O
                         net (fo=278, routed)         1.706     5.308    vga_t/CLK100MHZ_IBUF_BUFG
    SLICE_X5Y109         FDRE                                         r  vga_t/h_r_reg[5]/C
  -------------------------------------------------------------------    -------------------
    SLICE_X5Y109         FDRE (Prop_fdre_C_Q)         0.456     5.764 r  vga_t/h_r_reg[5]/Q
                         net (fo=35, routed)          0.724     6.488    vga_t/h[5]
    SLICE_X5Y109         LUT2 (Prop_lut2_I1_O)        0.119     6.607 r  vga_t/grp1[2]_i_2/O
                         net (fo=4, routed)           0.759     7.367    vga_t/grp1[2]_i_2_n_0
    SLICE_X6Y111         LUT6 (Prop_lut6_I2_O)        0.332     7.699 r  vga_t/grp1[1]_i_5/O
                         net (fo=12, routed)          1.181     8.880    vga_t/h_r_reg[9]_1
    SLICE_X11Y110        LUT5 (Prop_lut5_I1_O)        0.153     9.033 r  vga_t/seg_shape_return4_carry_i_6/O
                         net (fo=2, routed)           0.506     9.539    vga_t/seg_shape_return4_carry_i_6_n_0
    SLICE_X10Y110        LUT3 (Prop_lut3_I1_O)        0.327     9.866 r  vga_t/seg_shape_return4_carry_i_3/O
                         net (fo=1, routed)           0.000     9.866    vga_b/S[2]
    SLICE_X10Y110        CARRY4 (Prop_carry4_S[2]_O[3])
                                                      0.352    10.218 f  vga_b/seg_shape_return4_carry/O[3]
                         net (fo=3, routed)           0.815    11.033    vga_t/O[3]
    SLICE_X10Y109        LUT4 (Prop_lut4_I1_O)        0.329    11.362 f  vga_t/ghost1_i_10/O
                         net (fo=3, routed)           0.500    11.862    vga_t/ghost1_i_10_n_0
    SLICE_X11Y109        LUT6 (Prop_lut6_I5_O)        0.328    12.190 r  vga_t/ghost1_i_7/O
                         net (fo=3, routed)           1.029    13.219    vga_t/ghost1_i_7_n_0
    SLICE_X9Y110         LUT6 (Prop_lut6_I5_O)        0.124    13.343 r  vga_t/ghost1_i_1/O
                         net (fo=1, routed)           0.000    13.343    vga_b/ghost1_reg_0
    SLICE_X9Y110         FDRE                                         r  vga_b/ghost1_reg/D
  -------------------------------------------------------------------    -------------------

                         (clock sys_clk_pin rise edge)
                                                     10.000    10.000 r  
    E3                                                0.000    10.000 r  CLK100MHZ (IN)
                         net (fo=0)                   0.000    10.000    CLK100MHZ
    E3                   IBUF (Prop_ibuf_I_O)         1.411    11.411 r  CLK100MHZ_IBUF_inst/O
                         net (fo=1, routed)           1.920    13.331    CLK100MHZ_IBUF
    BUFGCTRL_X0Y16       BUFG (Prop_bufg_I_O)         0.091    13.422 r  CLK100MHZ_IBUF_BUFG_inst/O
                         net (fo=278, routed)         1.506    14.928    vga_b/CLK100MHZ_IBUF_BUFG
    SLICE_X9Y110         FDRE                                         r  vga_b/ghost1_reg/C
                         clock pessimism              0.259    15.187    
                         clock uncertainty           -0.035    15.152    
    SLICE_X9Y110         FDRE (Setup_fdre_C_D)        0.029    15.181    vga_b/ghost1_reg
  -------------------------------------------------------------------
                         required time                         15.181    
                         arrival time                         -13.343    
  -------------------------------------------------------------------
                         slack                                  1.838    

Slack (MET) :             2.357ns  (required time - arrival time)
  Source:                 top0/o_mode_reg[2]/C
                            (rising edge-triggered cell FDRE clocked by sys_clk_pin  {rise@0.000ns fall@5.000ns period=10.000ns})
  Destination:            top0/tick_cnt_reg[10]/R
                            (rising edge-triggered cell FDRE clocked by sys_clk_pin  {rise@0.000ns fall@5.000ns period=10.000ns})
  Path Group:             sys_clk_pin
  Path Type:              Setup (Max at Slow Process Corner)
  Requirement:            10.000ns  (sys_clk_pin rise@10.000ns - sys_clk_pin rise@0.000ns)
  Data Path Delay:        6.948ns  (logic 3.291ns (47.364%)  route 3.657ns (52.636%))
  Logic Levels:           10  (CARRY4=7 LUT3=1 LUT4=2)
  Clock Path Skew:        -0.022ns (DCD - SCD + CPR)
    Destination Clock Delay (DCD):    5.007ns = ( 15.007 - 10.000 ) 
    Source Clock Delay      (SCD):    5.304ns
    Clock Pessimism Removal (CPR):    0.275ns
  Clock Uncertainty:      0.035ns  ((TSJ^2 + TIJ^2)^1/2 + DJ) / 2 + PE
    Total System Jitter     (TSJ):    0.071ns
    Total Input Jitter      (TIJ):    0.000ns
    Discrete Jitter          (DJ):    0.000ns
    Phase Error              (PE):    0.000ns

    Location             Delay type                Incr(ns)  Path(ns)    Netlist Resource(s)
  -------------------------------------------------------------------    -------------------
                         (clock sys_clk_pin rise edge)
                                                      0.000     0.000 r  
    E3                                                0.000     0.000 r  CLK100MHZ (IN)
                         net (fo=0)                   0.000     0.000    CLK100MHZ
    E3                   IBUF (Prop_ibuf_I_O)         1.482     1.482 r  CLK100MHZ_IBUF_inst/O
                         net (fo=1, routed)           2.025     3.506    CLK100MHZ_IBUF
    BUFGCTRL_X0Y16       BUFG (Prop_bufg_I_O)         0.096     3.602 r  CLK100MHZ_IBUF_BUFG_inst/O
                         net (fo=278, routed)         1.702     5.304    top0/CLK100MHZ_IBUF_BUFG
    SLICE_X3Y115         FDRE                                         r  top0/o_mode_reg[2]/C
  -------------------------------------------------------------------    -------------------
    SLICE_X3Y115         FDRE (Prop_fdre_C_Q)         0.419     5.723 r  top0/o_mode_reg[2]/Q
                         net (fo=40, routed)          1.288     7.011    top0/LED_OBUF[2]
    SLICE_X1Y112         LUT3 (Prop_lut3_I0_O)        0.296     7.307 r  top0/tick1_carry_i_4/O
                         net (fo=1, routed)           0.000     7.307    top0/tick1_carry_i_4_n_0
    SLICE_X1Y112         CARRY4 (Prop_carry4_S[1]_CO[3])
                                                      0.550     7.857 r  top0/tick1_carry/CO[3]
                         net (fo=1, routed)           0.000     7.857    top0/tick1_carry_n_0
    SLICE_X1Y113         CARRY4 (Prop_carry4_CI_CO[3])
                                                      0.114     7.971 r  top0/tick1_carry__0/CO[3]
                         net (fo=1, routed)           0.000     7.971    top0/tick1_carry__0_n_0
    SLICE_X1Y114         CARRY4 (Prop_carry4_CI_CO[3])
                                                      0.114     8.085 r  top0/tick1_carry__1/CO[3]
                         net (fo=1, routed)           0.000     8.085    top0/tick1_carry__1_n_0
    SLICE_X1Y115         CARRY4 (Prop_carry4_CI_CO[3])
                                                      0.114     8.199 r  top0/tick1_carry__2/CO[3]
                         net (fo=1, routed)           0.000     8.199    top0/tick1_carry__2_n_0
    SLICE_X1Y116         CARRY4 (Prop_carry4_CI_O[1])
                                                      0.334     8.533 r  top0/tick1_carry__3/O[1]
                         net (fo=2, routed)           0.963     9.497    top0/tick1[18]
    SLICE_X2Y114         LUT4 (Prop_lut4_I1_O)        0.303     9.800 r  top0/tick0_carry__1_i_7/O
                         net (fo=1, routed)           0.000     9.800    top0/tick0_carry__1_i_7_n_0
    SLICE_X2Y114         CARRY4 (Prop_carry4_S[1]_CO[3])
                                                      0.533    10.333 r  top0/tick0_carry__1/CO[3]
                         net (fo=1, routed)           0.000    10.333    top0/tick0_carry__1_n_0
    SLICE_X2Y115         CARRY4 (Prop_carry4_CI_CO[1])
                                                      0.157    10.490 r  top0/tick0_carry__2/CO[1]
                         net (fo=2, routed)           0.499    10.988    top0/tick0
    SLICE_X3Y115         LUT4 (Prop_lut4_I2_O)        0.357    11.345 r  top0/tick_cnt[0]_i_1/O
                         net (fo=27, routed)          0.907    12.253    top0/tick_cnt[0]_i_1_n_0
    SLICE_X0Y112         FDRE                                         r  top0/tick_cnt_reg[10]/R
  -------------------------------------------------------------------    -------------------

                         (clock sys_clk_pin rise edge)
                                                     10.000    10.000 r  
    E3                                                0.000    10.000 r  CLK100MHZ (IN)
                         net (fo=0)                   0.000    10.000    CLK100MHZ
    E3                   IBUF (Prop_ibuf_I_O)         1.411    11.411 r  CLK100MHZ_IBUF_inst/O
                         net (fo=1, routed)           1.920    13.331    CLK100MHZ_IBUF
    BUFGCTRL_X0Y16       BUFG (Prop_bufg_I_O)         0.091    13.422 r  CLK100MHZ_IBUF_BUFG_inst/O
                         net (fo=278, routed)         1.585    15.007    top0/CLK100MHZ_IBUF_BUFG
    SLICE_X0Y112         FDRE                                         r  top0/tick_cnt_reg[10]/C
                         clock pessimism              0.275    15.282    
                         clock uncertainty           -0.035    15.247    
    SLICE_X0Y112         FDRE (Setup_fdre_C_R)       -0.637    14.610    top0/tick_cnt_reg[10]
  -------------------------------------------------------------------
                         required time                         14.610    
                         arrival time                         -12.253    
  -------------------------------------------------------------------
                         slack                                  2.357    

Slack (MET) :             2.357ns  (required time - arrival time)
  Source:                 top0/o_mode_reg[2]/C
                            (rising edge-triggered cell FDRE clocked by sys_clk_pin  {rise@0.000ns fall@5.000ns period=10.000ns})
  Destination:            top0/tick_cnt_reg[11]/R
                            (rising edge-triggered cell FDRE clocked by sys_clk_pin  {rise@0.000ns fall@5.000ns period=10.000ns})
  Path Group:             sys_clk_pin
  Path Type:              Setup (Max at Slow Process Corner)
  Requirement:            10.000ns  (sys_clk_pin rise@10.000ns - sys_clk_pin rise@0.000ns)
  Data Path Delay:        6.948ns  (logic 3.291ns (47.364%)  route 3.657ns (52.636%))
  Logic Levels:           10  (CARRY4=7 LUT3=1 LUT4=2)
  Clock Path Skew:        -0.022ns (DCD - SCD + CPR)
    Destination Clock Delay (DCD):    5.007ns = ( 15.007 - 10.000 ) 
    Source Clock Delay      (SCD):    5.304ns
    Clock Pessimism Removal (CPR):    0.275ns
  Clock Uncertainty:      0.035ns  ((TSJ^2 + TIJ^2)^1/2 + DJ) / 2 + PE
    Total System Jitter     (TSJ):    0.071ns
    Total Input Jitter      (TIJ):    0.000ns
    Discrete Jitter          (DJ):    0.000ns
    Phase Error              (PE):    0.000ns

    Location             Delay type                Incr(ns)  Path(ns)    Netlist Resource(s)
  -------------------------------------------------------------------    -------------------
                         (clock sys_clk_pin rise edge)
                                                      0.000     0.000 r  
    E3                                                0.000     0.000 r  CLK100MHZ (IN)
                         net (fo=0)                   0.000     0.000    CLK100MHZ
    E3                   IBUF (Prop_ibuf_I_O)         1.482     1.482 r  CLK100MHZ_IBUF_inst/O
                         net (fo=1, routed)           2.025     3.506    CLK100MHZ_IBUF
    BUFGCTRL_X0Y16       BUFG (Prop_bufg_I_O)         0.096     3.602 r  CLK100MHZ_IBUF_BUFG_inst/O
                         net (fo=278, routed)         1.702     5.304    top0/CLK100MHZ_IBUF_BUFG
    SLICE_X3Y115         FDRE                                         r  top0/o_mode_reg[2]/C
  -------------------------------------------------------------------    -------------------
    SLICE_X3Y115         FDRE (Prop_fdre_C_Q)         0.419     5.723 r  top0/o_mode_reg[2]/Q
                         net (fo=40, routed)          1.288     7.011    top0/LED_OBUF[2]
    SLICE_X1Y112         LUT3 (Prop_lut3_I0_O)        0.296     7.307 r  top0/tick1_carry_i_4/O
                         net (fo=1, routed)           0.000     7.307    top0/tick1_carry_i_4_n_0
    SLICE_X1Y112         CARRY4 (Prop_carry4_S[1]_CO[3])
                                                      0.550     7.857 r  top0/tick1_carry/CO[3]
                         net (fo=1, routed)           0.000     7.857    top0/tick1_carry_n_0
    SLICE_X1Y113         CARRY4 (Prop_carry4_CI_CO[3])
                                                      0.114     7.971 r  top0/tick1_carry__0/CO[3]
                         net (fo=1, routed)           0.000     7.971    top0/tick1_carry__0_n_0
    SLICE_X1Y114         CARRY4 (Prop_carry4_CI_CO[3])
                                                      0.114     8.085 r  top0/tick1_carry__1/CO[3]
                         net (fo=1, routed)           0.000     8.085    top0/tick1_carry__1_n_0
    SLICE_X1Y115         CARRY4 (Prop_carry4_CI_CO[3])
                                                      0.114     8.199 r  top0/tick1_carry__2/CO[3]
                         net (fo=1, routed)           0.000     8.199    top0/tick1_carry__2_n_0
    SLICE_X1Y116         CARRY4 (Prop_carry4_CI_O[1])
                                                      0.334     8.533 r  top0/tick1_carry__3/O[1]
                         net (fo=2, routed)           0.963     9.497    top0/tick1[18]
    SLICE_X2Y114         LUT4 (Prop_lut4_I1_O)        0.303     9.800 r  top0/tick0_carry__1_i_7/O
                         net (fo=1, routed)           0.000     9.800    top0/tick0_carry__1_i_7_n_0
    SLICE_X2Y114         CARRY4 (Prop_carry4_S[1]_CO[3])
                                                      0.533    10.333 r  top0/tick0_carry__1/CO[3]
                         net (fo=1, routed)           0.000    10.333    top0/tick0_carry__1_n_0
    SLICE_X2Y115         CARRY4 (Prop_carry4_CI_CO[1])
                                                      0.157    10.490 r  top0/tick0_carry__2/CO[1]
                         net (fo=2, routed)           0.499    10.988    top0/tick0
    SLICE_X3Y115         LUT4 (Prop_lut4_I2_O)        0.357    11.345 r  top0/tick_cnt[0]_i_1/O
                         net (fo=27, routed)          0.907    12.253    top0/tick_cnt[0]_i_1_n_0
    SLICE_X0Y112         FDRE                                         r  top0/tick_cnt_reg[11]/R
  -------------------------------------------------------------------    -------------------

                         (clock sys_clk_pin rise edge)
                                                     10.000    10.000 r  
    E3                                                0.000    10.000 r  CLK100MHZ (IN)
                         net (fo=0)                   0.000    10.000    CLK100MHZ
    E3                   IBUF (Prop_ibuf_I_O)         1.411    11.411 r  CLK100MHZ_IBUF_inst/O
                         net (fo=1, routed)           1.920    13.331    CLK100MHZ_IBUF
    BUFGCTRL_X0Y16       BUFG (Prop_bufg_I_O)         0.091    13.422 r  CLK100MHZ_IBUF_BUFG_inst/O
                         net (fo=278, routed)         1.585    15.007    top0/CLK100MHZ_IBUF_BUFG
    SLICE_X0Y112         FDRE                                         r  top0/tick_cnt_reg[11]/C
                         clock pessimism              0.275    15.282    
                         clock uncertainty           -0.035    15.247    
    SLICE_X0Y112         FDRE (Setup_fdre_C_R)       -0.637    14.610    top0/tick_cnt_reg[11]
  -------------------------------------------------------------------
                         required time                         14.610    
                         arrival time                         -12.253    
  -------------------------------------------------------------------
                         slack                                  2.357    

Slack (MET) :             2.357ns  (required time - arrival time)
  Source:                 top0/o_mode_reg[2]/C
                            (rising edge-triggered cell FDRE clocked by sys_clk_pin  {rise@0.000ns fall@5.000ns period=10.000ns})
  Destination:            top0/tick_cnt_reg[8]/R
                            (rising edge-triggered cell FDRE clocked by sys_clk_pin  {rise@0.000ns fall@5.000ns period=10.000ns})
  Path Group:             sys_clk_pin
  Path Type:              Setup (Max at Slow Process Corner)
  Requirement:            10.000ns  (sys_clk_pin rise@10.000ns - sys_clk_pin rise@0.000ns)
  Data Path Delay:        6.948ns  (logic 3.291ns (47.364%)  route 3.657ns (52.636%))
  Logic Levels:           10  (CARRY4=7 LUT3=1 LUT4=2)
  Clock Path Skew:        -0.022ns (DCD - SCD + CPR)
    Destination Clock Delay (DCD):    5.007ns = ( 15.007 - 10.000 ) 
    Source Clock Delay      (SCD):    5.304ns
    Clock Pessimism Removal (CPR):    0.275ns
  Clock Uncertainty:      0.035ns  ((TSJ^2 + TIJ^2)^1/2 + DJ) / 2 + PE
    Total System Jitter     (TSJ):    0.071ns
    Total Input Jitter      (TIJ):    0.000ns
    Discrete Jitter          (DJ):    0.000ns
    Phase Error              (PE):    0.000ns

    Location             Delay type                Incr(ns)  Path(ns)    Netlist Resource(s)
  -------------------------------------------------------------------    -------------------
                         (clock sys_clk_pin rise edge)
                                                      0.000     0.000 r  
    E3                                                0.000     0.000 r  CLK100MHZ (IN)
                         net (fo=0)                   0.000     0.000    CLK100MHZ
    E3                   IBUF (Prop_ibuf_I_O)         1.482     1.482 r  CLK100MHZ_IBUF_inst/O
                         net (fo=1, routed)           2.025     3.506    CLK100MHZ_IBUF
    BUFGCTRL_X0Y16       BUFG (Prop_bufg_I_O)         0.096     3.602 r  CLK100MHZ_IBUF_BUFG_inst/O
                         net (fo=278, routed)         1.702     5.304    top0/CLK100MHZ_IBUF_BUFG
    SLICE_X3Y115         FDRE                                         r  top0/o_mode_reg[2]/C
  -------------------------------------------------------------------    -------------------
    SLICE_X3Y115         FDRE (Prop_fdre_C_Q)         0.419     5.723 r  top0/o_mode_reg[2]/Q
                         net (fo=40, routed)          1.288     7.011    top0/LED_OBUF[2]
    SLICE_X1Y112         LUT3 (Prop_lut3_I0_O)        0.296     7.307 r  top0/tick1_carry_i_4/O
                         net (fo=1, routed)           0.000     7.307    top0/tick1_carry_i_4_n_0
    SLICE_X1Y112         CARRY4 (Prop_carry4_S[1]_CO[3])
                                                      0.550     7.857 r  top0/tick1_carry/CO[3]
                         net (fo=1, routed)           0.000     7.857    top0/tick1_carry_n_0
    SLICE_X1Y113         CARRY4 (Prop_carry4_CI_CO[3])
                                                      0.114     7.971 r  top0/tick1_carry__0/CO[3]
                         net (fo=1, routed)           0.000     7.971    top0/tick1_carry__0_n_0
    SLICE_X1Y114         CARRY4 (Prop_carry4_CI_CO[3])
                                                      0.114     8.085 r  top0/tick1_carry__1/CO[3]
                         net (fo=1, routed)           0.000     8.085    top0/tick1_carry__1_n_0
    SLICE_X1Y115         CARRY4 (Prop_carry4_CI_CO[3])
                                                      0.114     8.199 r  top0/tick1_carry__2/CO[3]
                         net (fo=1, routed)           0.000     8.199    top0/tick1_carry__2_n_0
    SLICE_X1Y116         CARRY4 (Prop_carry4_CI_O[1])
                                                      0.334     8.533 r  top0/tick1_carry__3/O[1]
                         net (fo=2, routed)           0.963     9.497    top0/tick1[18]
    SLICE_X2Y114         LUT4 (Prop_lut4_I1_O)        0.303     9.800 r  top0/tick0_carry__1_i_7/O
                         net (fo=1, routed)           0.000     9.800    top0/tick0_carry__1_i_7_n_0
    SLICE_X2Y114         CARRY4 (Prop_carry4_S[1]_CO[3])
                                                      0.533    10.333 r  top0/tick0_carry__1/CO[3]
                         net (fo=1, routed)           0.000    10.333    top0/tick0_carry__1_n_0
    SLICE_X2Y115         CARRY4 (Prop_carry4_CI_CO[1])
                                                      0.157    10.490 r  top0/tick0_carry__2/CO[1]
                         net (fo=2, routed)           0.499    10.988    top0/tick0
    SLICE_X3Y115         LUT4 (Prop_lut4_I2_O)        0.357    11.345 r  top0/tick_cnt[0]_i_1/O
                         net (fo=27, routed)          0.907    12.253    top0/tick_cnt[0]_i_1_n_0
    SLICE_X0Y112         FDRE                                         r  top0/tick_cnt_reg[8]/R
  -------------------------------------------------------------------    -------------------

                         (clock sys_clk_pin rise edge)
                                                     10.000    10.000 r  
    E3                                                0.000    10.000 r  CLK100MHZ (IN)
                         net (fo=0)                   0.000    10.000    CLK100MHZ
    E3                   IBUF (Prop_ibuf_I_O)         1.411    11.411 r  CLK100MHZ_IBUF_inst/O
                         net (fo=1, routed)           1.920    13.331    CLK100MHZ_IBUF
    BUFGCTRL_X0Y16       BUFG (Prop_bufg_I_O)         0.091    13.422 r  CLK100MHZ_IBUF_BUFG_inst/O
                         net (fo=278, routed)         1.585    15.007    top0/CLK100MHZ_IBUF_BUFG
    SLICE_X0Y112         FDRE                                         r  top0/tick_cnt_reg[8]/C
                         clock pessimism              0.275    15.282    
                         clock uncertainty           -0.035    15.247    
    SLICE_X0Y112         FDRE (Setup_fdre_C_R)       -0.637    14.610    top0/tick_cnt_reg[8]
  -------------------------------------------------------------------
                         required time                         14.610    
                         arrival time                         -12.253    
  -------------------------------------------------------------------
                         slack                                  2.357    

Slack (MET) :             2.357ns  (required time - arrival time)
  Source:                 top0/o_mode_reg[2]/C
                            (rising edge-triggered cell FDRE clocked by sys_clk_pin  {rise@0.000ns fall@5.000ns period=10.000ns})
  Destination:            top0/tick_cnt_reg[9]/R
                            (rising edge-triggered cell FDRE clocked by sys_clk_pin  {rise@0.000ns fall@5.000ns period=10.000ns})
  Path Group:             sys_clk_pin
  Path Type:              Setup (Max at Slow Process Corner)
  Requirement:            10.000ns  (sys_clk_pin rise@10.000ns - sys_clk_pin rise@0.000ns)
  Data Path Delay:        6.948ns  (logic 3.291ns (47.364%)  route 3.657ns (52.636%))
  Logic Levels:           10  (CARRY4=7 LUT3=1 LUT4=2)
  Clock Path Skew:        -0.022ns (DCD - SCD + CPR)
    Destination Clock Delay (DCD):    5.007ns = ( 15.007 - 10.000 ) 
    Source Clock Delay      (SCD):    5.304ns
    Clock Pessimism Removal (CPR):    0.275ns
  Clock Uncertainty:      0.035ns  ((TSJ^2 + TIJ^2)^1/2 + DJ) / 2 + PE
    Total System Jitter     (TSJ):    0.071ns
    Total Input Jitter      (TIJ):    0.000ns
    Discrete Jitter          (DJ):    0.000ns
    Phase Error              (PE):    0.000ns

    Location             Delay type                Incr(ns)  Path(ns)    Netlist Resource(s)
  -------------------------------------------------------------------    -------------------
                         (clock sys_clk_pin rise edge)
                                                      0.000     0.000 r  
    E3                                                0.000     0.000 r  CLK100MHZ (IN)
                         net (fo=0)                   0.000     0.000    CLK100MHZ
    E3                   IBUF (Prop_ibuf_I_O)         1.482     1.482 r  CLK100MHZ_IBUF_inst/O
                         net (fo=1, routed)           2.025     3.506    CLK100MHZ_IBUF
    BUFGCTRL_X0Y16       BUFG (Prop_bufg_I_O)         0.096     3.602 r  CLK100MHZ_IBUF_BUFG_inst/O
                         net (fo=278, routed)         1.702     5.304    top0/CLK100MHZ_IBUF_BUFG
    SLICE_X3Y115         FDRE                                         r  top0/o_mode_reg[2]/C
  -------------------------------------------------------------------    -------------------
    SLICE_X3Y115         FDRE (Prop_fdre_C_Q)         0.419     5.723 r  top0/o_mode_reg[2]/Q
                         net (fo=40, routed)          1.288     7.011    top0/LED_OBUF[2]
    SLICE_X1Y112         LUT3 (Prop_lut3_I0_O)        0.296     7.307 r  top0/tick1_carry_i_4/O
                         net (fo=1, routed)           0.000     7.307    top0/tick1_carry_i_4_n_0
    SLICE_X1Y112         CARRY4 (Prop_carry4_S[1]_CO[3])
                                                      0.550     7.857 r  top0/tick1_carry/CO[3]
                         net (fo=1, routed)           0.000     7.857    top0/tick1_carry_n_0
    SLICE_X1Y113         CARRY4 (Prop_carry4_CI_CO[3])
                                                      0.114     7.971 r  top0/tick1_carry__0/CO[3]
                         net (fo=1, routed)           0.000     7.971    top0/tick1_carry__0_n_0
    SLICE_X1Y114         CARRY4 (Prop_carry4_CI_CO[3])
                                                      0.114     8.085 r  top0/tick1_carry__1/CO[3]
                         net (fo=1, routed)           0.000     8.085    top0/tick1_carry__1_n_0
    SLICE_X1Y115         CARRY4 (Prop_carry4_CI_CO[3])
                                                      0.114     8.199 r  top0/tick1_carry__2/CO[3]
                         net (fo=1, routed)           0.000     8.199    top0/tick1_carry__2_n_0
    SLICE_X1Y116         CARRY4 (Prop_carry4_CI_O[1])
                                                      0.334     8.533 r  top0/tick1_carry__3/O[1]
                         net (fo=2, routed)           0.963     9.497    top0/tick1[18]
    SLICE_X2Y114         LUT4 (Prop_lut4_I1_O)        0.303     9.800 r  top0/tick0_carry__1_i_7/O
                         net (fo=1, routed)           0.000     9.800    top0/tick0_carry__1_i_7_n_0
    SLICE_X2Y114         CARRY4 (Prop_carry4_S[1]_CO[3])
                                                      0.533    10.333 r  top0/tick0_carry__1/CO[3]
                         net (fo=1, routed)           0.000    10.333    top0/tick0_carry__1_n_0
    SLICE_X2Y115         CARRY4 (Prop_carry4_CI_CO[1])
                                                      0.157    10.490 r  top0/tick0_carry__2/CO[1]
                         net (fo=2, routed)           0.499    10.988    top0/tick0
    SLICE_X3Y115         LUT4 (Prop_lut4_I2_O)        0.357    11.345 r  top0/tick_cnt[0]_i_1/O
                         net (fo=27, routed)          0.907    12.253    top0/tick_cnt[0]_i_1_n_0
    SLICE_X0Y112         FDRE                                         r  top0/tick_cnt_reg[9]/R
  -------------------------------------------------------------------    -------------------

                         (clock sys_clk_pin rise edge)
                                                     10.000    10.000 r  
    E3                                                0.000    10.000 r  CLK100MHZ (IN)
                         net (fo=0)                   0.000    10.000    CLK100MHZ
    E3                   IBUF (Prop_ibuf_I_O)         1.411    11.411 r  CLK100MHZ_IBUF_inst/O
                         net (fo=1, routed)           1.920    13.331    CLK100MHZ_IBUF
    BUFGCTRL_X0Y16       BUFG (Prop_bufg_I_O)         0.091    13.422 r  CLK100MHZ_IBUF_BUFG_inst/O
                         net (fo=278, routed)         1.585    15.007    top0/CLK100MHZ_IBUF_BUFG
    SLICE_X0Y112         FDRE                                         r  top0/tick_cnt_reg[9]/C
                         clock pessimism              0.275    15.282    
                         clock uncertainty           -0.035    15.247    
    SLICE_X0Y112         FDRE (Setup_fdre_C_R)       -0.637    14.610    top0/tick_cnt_reg[9]
  -------------------------------------------------------------------
                         required time                         14.610    
                         arrival time                         -12.253    
  -------------------------------------------------------------------
                         slack                                  2.357    

Slack (MET) :             2.497ns  (required time - arrival time)
  Source:                 top0/o_mode_reg[2]/C
                            (rising edge-triggered cell FDRE clocked by sys_clk_pin  {rise@0.000ns fall@5.000ns period=10.000ns})
  Destination:            top0/tick_cnt_reg[4]/R
                            (rising edge-triggered cell FDRE clocked by sys_clk_pin  {rise@0.000ns fall@5.000ns period=10.000ns})
  Path Group:             sys_clk_pin
  Path Type:              Setup (Max at Slow Process Corner)
  Requirement:            10.000ns  (sys_clk_pin rise@10.000ns - sys_clk_pin rise@0.000ns)
  Data Path Delay:        6.810ns  (logic 3.291ns (48.327%)  route 3.519ns (51.673%))
  Logic Levels:           10  (CARRY4=7 LUT3=1 LUT4=2)
  Clock Path Skew:        -0.021ns (DCD - SCD + CPR)
    Destination Clock Delay (DCD):    5.008ns = ( 15.008 - 10.000 ) 
    Source Clock Delay      (SCD):    5.304ns
    Clock Pessimism Removal (CPR):    0.275ns
  Clock Uncertainty:      0.035ns  ((TSJ^2 + TIJ^2)^1/2 + DJ) / 2 + PE
    Total System Jitter     (TSJ):    0.071ns
    Total Input Jitter      (TIJ):    0.000ns
    Discrete Jitter          (DJ):    0.000ns
    Phase Error              (PE):    0.000ns

    Location             Delay type                Incr(ns)  Path(ns)    Netlist Resource(s)
  -------------------------------------------------------------------    -------------------
                         (clock sys_clk_pin rise edge)
                                                      0.000     0.000 r  
    E3                                                0.000     0.000 r  CLK100MHZ (IN)
                         net (fo=0)                   0.000     0.000    CLK100MHZ
    E3                   IBUF (Prop_ibuf_I_O)         1.482     1.482 r  CLK100MHZ_IBUF_inst/O
                         net (fo=1, routed)           2.025     3.506    CLK100MHZ_IBUF
    BUFGCTRL_X0Y16       BUFG (Prop_bufg_I_O)         0.096     3.602 r  CLK100MHZ_IBUF_BUFG_inst/O
                         net (fo=278, routed)         1.702     5.304    top0/CLK100MHZ_IBUF_BUFG
    SLICE_X3Y115         FDRE                                         r  top0/o_mode_reg[2]/C
  -------------------------------------------------------------------    -------------------
    SLICE_X3Y115         FDRE (Prop_fdre_C_Q)         0.419     5.723 r  top0/o_mode_reg[2]/Q
                         net (fo=40, routed)          1.288     7.011    top0/LED_OBUF[2]
    SLICE_X1Y112         LUT3 (Prop_lut3_I0_O)        0.296     7.307 r  top0/tick1_carry_i_4/O
                         net (fo=1, routed)           0.000     7.307    top0/tick1_carry_i_4_n_0
    SLICE_X1Y112         CARRY4 (Prop_carry4_S[1]_CO[3])
                                                      0.550     7.857 r  top0/tick1_carry/CO[3]
                         net (fo=1, routed)           0.000     7.857    top0/tick1_carry_n_0
    SLICE_X1Y113         CARRY4 (Prop_carry4_CI_CO[3])
                                                      0.114     7.971 r  top0/tick1_carry__0/CO[3]
                         net (fo=1, routed)           0.000     7.971    top0/tick1_carry__0_n_0
    SLICE_X1Y114         CARRY4 (Prop_carry4_CI_CO[3])
                                                      0.114     8.085 r  top0/tick1_carry__1/CO[3]
                         net (fo=1, routed)           0.000     8.085    top0/tick1_carry__1_n_0
    SLICE_X1Y115         CARRY4 (Prop_carry4_CI_CO[3])
                                                      0.114     8.199 r  top0/tick1_carry__2/CO[3]
                         net (fo=1, routed)           0.000     8.199    top0/tick1_carry__2_n_0
    SLICE_X1Y116         CARRY4 (Prop_carry4_CI_O[1])
                                                      0.334     8.533 r  top0/tick1_carry__3/O[1]
                         net (fo=2, routed)           0.963     9.497    top0/tick1[18]
    SLICE_X2Y114         LUT4 (Prop_lut4_I1_O)        0.303     9.800 r  top0/tick0_carry__1_i_7/O
                         net (fo=1, routed)           0.000     9.800    top0/tick0_carry__1_i_7_n_0
    SLICE_X2Y114         CARRY4 (Prop_carry4_S[1]_CO[3])
                                                      0.533    10.333 r  top0/tick0_carry__1/CO[3]
                         net (fo=1, routed)           0.000    10.333    top0/tick0_carry__1_n_0
    SLICE_X2Y115         CARRY4 (Prop_carry4_CI_CO[1])
                                                      0.157    10.490 r  top0/tick0_carry__2/CO[1]
                         net (fo=2, routed)           0.499    10.988    top0/tick0
    SLICE_X3Y115         LUT4 (Prop_lut4_I2_O)        0.357    11.345 r  top0/tick_cnt[0]_i_1/O
                         net (fo=27, routed)          0.769    12.114    top0/tick_cnt[0]_i_1_n_0
    SLICE_X0Y111         FDRE                                         r  top0/tick_cnt_reg[4]/R
  -------------------------------------------------------------------    -------------------

                         (clock sys_clk_pin rise edge)
                                                     10.000    10.000 r  
    E3                                                0.000    10.000 r  CLK100MHZ (IN)
                         net (fo=0)                   0.000    10.000    CLK100MHZ
    E3                   IBUF (Prop_ibuf_I_O)         1.411    11.411 r  CLK100MHZ_IBUF_inst/O
                         net (fo=1, routed)           1.920    13.331    CLK100MHZ_IBUF
    BUFGCTRL_X0Y16       BUFG (Prop_bufg_I_O)         0.091    13.422 r  CLK100MHZ_IBUF_BUFG_inst/O
                         net (fo=278, routed)         1.586    15.008    top0/CLK100MHZ_IBUF_BUFG
    SLICE_X0Y111         FDRE                                         r  top0/tick_cnt_reg[4]/C
                         clock pessimism              0.275    15.283    
                         clock uncertainty           -0.035    15.248    
    SLICE_X0Y111         FDRE (Setup_fdre_C_R)       -0.637    14.611    top0/tick_cnt_reg[4]
  -------------------------------------------------------------------
                         required time                         14.611    
                         arrival time                         -12.114    
  -------------------------------------------------------------------
                         slack                                  2.497    

Slack (MET) :             2.497ns  (required time - arrival time)
  Source:                 top0/o_mode_reg[2]/C
                            (rising edge-triggered cell FDRE clocked by sys_clk_pin  {rise@0.000ns fall@5.000ns period=10.000ns})
  Destination:            top0/tick_cnt_reg[5]/R
                            (rising edge-triggered cell FDRE clocked by sys_clk_pin  {rise@0.000ns fall@5.000ns period=10.000ns})
  Path Group:             sys_clk_pin
  Path Type:              Setup (Max at Slow Process Corner)
  Requirement:            10.000ns  (sys_clk_pin rise@10.000ns - sys_clk_pin rise@0.000ns)
  Data Path Delay:        6.810ns  (logic 3.291ns (48.327%)  route 3.519ns (51.673%))
  Logic Levels:           10  (CARRY4=7 LUT3=1 LUT4=2)
  Clock Path Skew:        -0.021ns (DCD - SCD + CPR)
    Destination Clock Delay (DCD):    5.008ns = ( 15.008 - 10.000 ) 
    Source Clock Delay      (SCD):    5.304ns
    Clock Pessimism Removal (CPR):    0.275ns
  Clock Uncertainty:      0.035ns  ((TSJ^2 + TIJ^2)^1/2 + DJ) / 2 + PE
    Total System Jitter     (TSJ):    0.071ns
    Total Input Jitter      (TIJ):    0.000ns
    Discrete Jitter          (DJ):    0.000ns
    Phase Error              (PE):    0.000ns

    Location             Delay type                Incr(ns)  Path(ns)    Netlist Resource(s)
  -------------------------------------------------------------------    -------------------
                         (clock sys_clk_pin rise edge)
                                                      0.000     0.000 r  
    E3                                                0.000     0.000 r  CLK100MHZ (IN)
                         net (fo=0)                   0.000     0.000    CLK100MHZ
    E3                   IBUF (Prop_ibuf_I_O)         1.482     1.482 r  CLK100MHZ_IBUF_inst/O
                         net (fo=1, routed)           2.025     3.506    CLK100MHZ_IBUF
    BUFGCTRL_X0Y16       BUFG (Prop_bufg_I_O)         0.096     3.602 r  CLK100MHZ_IBUF_BUFG_inst/O
                         net (fo=278, routed)         1.702     5.304    top0/CLK100MHZ_IBUF_BUFG
    SLICE_X3Y115         FDRE                                         r  top0/o_mode_reg[2]/C
  -------------------------------------------------------------------    -------------------
    SLICE_X3Y115         FDRE (Prop_fdre_C_Q)         0.419     5.723 r  top0/o_mode_reg[2]/Q
                         net (fo=40, routed)          1.288     7.011    top0/LED_OBUF[2]
    SLICE_X1Y112         LUT3 (Prop_lut3_I0_O)        0.296     7.307 r  top0/tick1_carry_i_4/O
                         net (fo=1, routed)           0.000     7.307    top0/tick1_carry_i_4_n_0
    SLICE_X1Y112         CARRY4 (Prop_carry4_S[1]_CO[3])
                                                      0.550     7.857 r  top0/tick1_carry/CO[3]
                         net (fo=1, routed)           0.000     7.857    top0/tick1_carry_n_0
    SLICE_X1Y113         CARRY4 (Prop_carry4_CI_CO[3])
                                                      0.114     7.971 r  top0/tick1_carry__0/CO[3]
                         net (fo=1, routed)           0.000     7.971    top0/tick1_carry__0_n_0
    SLICE_X1Y114         CARRY4 (Prop_carry4_CI_CO[3])
                                                      0.114     8.085 r  top0/tick1_carry__1/CO[3]
                         net (fo=1, routed)           0.000     8.085    top0/tick1_carry__1_n_0
    SLICE_X1Y115         CARRY4 (Prop_carry4_CI_CO[3])
                                                      0.114     8.199 r  top0/tick1_carry__2/CO[3]
                         net (fo=1, routed)           0.000     8.199    top0/tick1_carry__2_n_0
    SLICE_X1Y116         CARRY4 (Prop_carry4_CI_O[1])
                                                      0.334     8.533 r  top0/tick1_carry__3/O[1]
                         net (fo=2, routed)           0.963     9.497    top0/tick1[18]
    SLICE_X2Y114         LUT4 (Prop_lut4_I1_O)        0.303     9.800 r  top0/tick0_carry__1_i_7/O
                         net (fo=1, routed)           0.000     9.800    top0/tick0_carry__1_i_7_n_0
    SLICE_X2Y114         CARRY4 (Prop_carry4_S[1]_CO[3])
                                                      0.533    10.333 r  top0/tick0_carry__1/CO[3]
                         net (fo=1, routed)           0.000    10.333    top0/tick0_carry__1_n_0
    SLICE_X2Y115         CARRY4 (Prop_carry4_CI_CO[1])
                                                      0.157    10.490 r  top0/tick0_carry__2/CO[1]
                         net (fo=2, routed)           0.499    10.988    top0/tick0
    SLICE_X3Y115         LUT4 (Prop_lut4_I2_O)        0.357    11.345 r  top0/tick_cnt[0]_i_1/O
                         net (fo=27, routed)          0.769    12.114    top0/tick_cnt[0]_i_1_n_0
    SLICE_X0Y111         FDRE                                         r  top0/tick_cnt_reg[5]/R
  -------------------------------------------------------------------    -------------------

                         (clock sys_clk_pin rise edge)
                                                     10.000    10.000 r  
    E3                                                0.000    10.000 r  CLK100MHZ (IN)
                         net (fo=0)                   0.000    10.000    CLK100MHZ
    E3                   IBUF (Prop_ibuf_I_O)         1.411    11.411 r  CLK100MHZ_IBUF_inst/O
                         net (fo=1, routed)           1.920    13.331    CLK100MHZ_IBUF
    BUFGCTRL_X0Y16       BUFG (Prop_bufg_I_O)         0.091    13.422 r  CLK100MHZ_IBUF_BUFG_inst/O
                         net (fo=278, routed)         1.586    15.008    top0/CLK100MHZ_IBUF_BUFG
    SLICE_X0Y111         FDRE                                         r  top0/tick_cnt_reg[5]/C
                         clock pessimism              0.275    15.283    
                         clock uncertainty           -0.035    15.248    
    SLICE_X0Y111         FDRE (Setup_fdre_C_R)       -0.637    14.611    top0/tick_cnt_reg[5]
  -------------------------------------------------------------------
                         required time                         14.611    
                         arrival time                         -12.114    
  -------------------------------------------------------------------
                         slack                                  2.497    

Slack (MET) :             2.497ns  (required time - arrival time)
  Source:                 top0/o_mode_reg[2]/C
                            (rising edge-triggered cell FDRE clocked by sys_clk_pin  {rise@0.000ns fall@5.000ns period=10.000ns})
  Destination:            top0/tick_cnt_reg[6]/R
                            (rising edge-triggered cell FDRE clocked by sys_clk_pin  {rise@0.000ns fall@5.000ns period=10.000ns})
  Path Group:             sys_clk_pin
  Path Type:              Setup (Max at Slow Process Corner)
  Requirement:            10.000ns  (sys_clk_pin rise@10.000ns - sys_clk_pin rise@0.000ns)
  Data Path Delay:        6.810ns  (logic 3.291ns (48.327%)  route 3.519ns (51.673%))
  Logic Levels:           10  (CARRY4=7 LUT3=1 LUT4=2)
  Clock Path Skew:        -0.021ns (DCD - SCD + CPR)
    Destination Clock Delay (DCD):    5.008ns = ( 15.008 - 10.000 ) 
    Source Clock Delay      (SCD):    5.304ns
    Clock Pessimism Removal (CPR):    0.275ns
  Clock Uncertainty:      0.035ns  ((TSJ^2 + TIJ^2)^1/2 + DJ) / 2 + PE
    Total System Jitter     (TSJ):    0.071ns
    Total Input Jitter      (TIJ):    0.000ns
    Discrete Jitter          (DJ):    0.000ns
    Phase Error              (PE):    0.000ns

    Location             Delay type                Incr(ns)  Path(ns)    Netlist Resource(s)
  -------------------------------------------------------------------    -------------------
                         (clock sys_clk_pin rise edge)
                                                      0.000     0.000 r  
    E3                                                0.000     0.000 r  CLK100MHZ (IN)
                         net (fo=0)                   0.000     0.000    CLK100MHZ
    E3                   IBUF (Prop_ibuf_I_O)         1.482     1.482 r  CLK100MHZ_IBUF_inst/O
                         net (fo=1, routed)           2.025     3.506    CLK100MHZ_IBUF
    BUFGCTRL_X0Y16       BUFG (Prop_bufg_I_O)         0.096     3.602 r  CLK100MHZ_IBUF_BUFG_inst/O
                         net (fo=278, routed)         1.702     5.304    top0/CLK100MHZ_IBUF_BUFG
    SLICE_X3Y115         FDRE                                         r  top0/o_mode_reg[2]/C
  -------------------------------------------------------------------    -------------------
    SLICE_X3Y115         FDRE (Prop_fdre_C_Q)         0.419     5.723 r  top0/o_mode_reg[2]/Q
                         net (fo=40, routed)          1.288     7.011    top0/LED_OBUF[2]
    SLICE_X1Y112         LUT3 (Prop_lut3_I0_O)        0.296     7.307 r  top0/tick1_carry_i_4/O
                         net (fo=1, routed)           0.000     7.307    top0/tick1_carry_i_4_n_0
    SLICE_X1Y112         CARRY4 (Prop_carry4_S[1]_CO[3])
                                                      0.550     7.857 r  top0/tick1_carry/CO[3]
                         net (fo=1, routed)           0.000     7.857    top0/tick1_carry_n_0
    SLICE_X1Y113         CARRY4 (Prop_carry4_CI_CO[3])
                                                      0.114     7.971 r  top0/tick1_carry__0/CO[3]
                         net (fo=1, routed)           0.000     7.971    top0/tick1_carry__0_n_0
    SLICE_X1Y114         CARRY4 (Prop_carry4_CI_CO[3])
                                                      0.114     8.085 r  top0/tick1_carry__1/CO[3]
                         net (fo=1, routed)           0.000     8.085    top0/tick1_carry__1_n_0
    SLICE_X1Y115         CARRY4 (Prop_carry4_CI_CO[3])
                                                      0.114     8.199 r  top0/tick1_carry__2/CO[3]
                         net (fo=1, routed)           0.000     8.199    top0/tick1_carry__2_n_0
    SLICE_X1Y116         CARRY4 (Prop_carry4_CI_O[1])
                                                      0.334     8.533 r  top0/tick1_carry__3/O[1]
                         net (fo=2, routed)           0.963     9.497    top0/tick1[18]
    SLICE_X2Y114         LUT4 (Prop_lut4_I1_O)        0.303     9.800 r  top0/tick0_carry__1_i_7/O
                         net (fo=1, routed)           0.000     9.800    top0/tick0_carry__1_i_7_n_0
    SLICE_X2Y114         CARRY4 (Prop_carry4_S[1]_CO[3])
                                                      0.533    10.333 r  top0/tick0_carry__1/CO[3]
                         net (fo=1, routed)           0.000    10.333    top0/tick0_carry__1_n_0
    SLICE_X2Y115         CARRY4 (Prop_carry4_CI_CO[1])
                                                      0.157    10.490 r  top0/tick0_carry__2/CO[1]
                         net (fo=2, routed)           0.499    10.988    top0/tick0
    SLICE_X3Y115         LUT4 (Prop_lut4_I2_O)        0.357    11.345 r  top0/tick_cnt[0]_i_1/O
                         net (fo=27, routed)          0.769    12.114    top0/tick_cnt[0]_i_1_n_0
    SLICE_X0Y111         FDRE                                         r  top0/tick_cnt_reg[6]/R
  -------------------------------------------------------------------    -------------------

                         (clock sys_clk_pin rise edge)
                                                     10.000    10.000 r  
    E3                                                0.000    10.000 r  CLK100MHZ (IN)
                         net (fo=0)                   0.000    10.000    CLK100MHZ
    E3                   IBUF (Prop_ibuf_I_O)         1.411    11.411 r  CLK100MHZ_IBUF_inst/O
                         net (fo=1, routed)           1.920    13.331    CLK100MHZ_IBUF
    BUFGCTRL_X0Y16       BUFG (Prop_bufg_I_O)         0.091    13.422 r  CLK100MHZ_IBUF_BUFG_inst/O
                         net (fo=278, routed)         1.586    15.008    top0/CLK100MHZ_IBUF_BUFG
    SLICE_X0Y111         FDRE                                         r  top0/tick_cnt_reg[6]/C
                         clock pessimism              0.275    15.283    
                         clock uncertainty           -0.035    15.248    
    SLICE_X0Y111         FDRE (Setup_fdre_C_R)       -0.637    14.611    top0/tick_cnt_reg[6]
  -------------------------------------------------------------------
                         required time                         14.611    
                         arrival time                         -12.114    
  -------------------------------------------------------------------
                         slack                                  2.497    

Slack (MET) :             2.497ns  (required time - arrival time)
  Source:                 top0/o_mode_reg[2]/C
                            (rising edge-triggered cell FDRE clocked by sys_clk_pin  {rise@0.000ns fall@5.000ns period=10.000ns})
  Destination:            top0/tick_cnt_reg[7]/R
                            (rising edge-triggered cell FDRE clocked by sys_clk_pin  {rise@0.000ns fall@5.000ns period=10.000ns})
  Path Group:             sys_clk_pin
  Path Type:              Setup (Max at Slow Process Corner)
  Requirement:            10.000ns  (sys_clk_pin rise@10.000ns - sys_clk_pin rise@0.000ns)
  Data Path Delay:        6.810ns  (logic 3.291ns (48.327%)  route 3.519ns (51.673%))
  Logic Levels:           10  (CARRY4=7 LUT3=1 LUT4=2)
  Clock Path Skew:        -0.021ns (DCD - SCD + CPR)
    Destination Clock Delay (DCD):    5.008ns = ( 15.008 - 10.000 ) 
    Source Clock Delay      (SCD):    5.304ns
    Clock Pessimism Removal (CPR):    0.275ns
  Clock Uncertainty:      0.035ns  ((TSJ^2 + TIJ^2)^1/2 + DJ) / 2 + PE
    Total System Jitter     (TSJ):    0.071ns
    Total Input Jitter      (TIJ):    0.000ns
    Discrete Jitter          (DJ):    0.000ns
    Phase Error              (PE):    0.000ns

    Location             Delay type                Incr(ns)  Path(ns)    Netlist Resource(s)
  -------------------------------------------------------------------    -------------------
                         (clock sys_clk_pin rise edge)
                                                      0.000     0.000 r  
    E3                                                0.000     0.000 r  CLK100MHZ (IN)
                         net (fo=0)                   0.000     0.000    CLK100MHZ
    E3                   IBUF (Prop_ibuf_I_O)         1.482     1.482 r  CLK100MHZ_IBUF_inst/O
                         net (fo=1, routed)           2.025     3.506    CLK100MHZ_IBUF
    BUFGCTRL_X0Y16       BUFG (Prop_bufg_I_O)         0.096     3.602 r  CLK100MHZ_IBUF_BUFG_inst/O
                         net (fo=278, routed)         1.702     5.304    top0/CLK100MHZ_IBUF_BUFG
    SLICE_X3Y115         FDRE                                         r  top0/o_mode_reg[2]/C
  -------------------------------------------------------------------    -------------------
    SLICE_X3Y115         FDRE (Prop_fdre_C_Q)         0.419     5.723 r  top0/o_mode_reg[2]/Q
                         net (fo=40, routed)          1.288     7.011    top0/LED_OBUF[2]
    SLICE_X1Y112         LUT3 (Prop_lut3_I0_O)        0.296     7.307 r  top0/tick1_carry_i_4/O
                         net (fo=1, routed)           0.000     7.307    top0/tick1_carry_i_4_n_0
    SLICE_X1Y112         CARRY4 (Prop_carry4_S[1]_CO[3])
                                                      0.550     7.857 r  top0/tick1_carry/CO[3]
                         net (fo=1, routed)           0.000     7.857    top0/tick1_carry_n_0
    SLICE_X1Y113         CARRY4 (Prop_carry4_CI_CO[3])
                                                      0.114     7.971 r  top0/tick1_carry__0/CO[3]
                         net (fo=1, routed)           0.000     7.971    top0/tick1_carry__0_n_0
    SLICE_X1Y114         CARRY4 (Prop_carry4_CI_CO[3])
                                                      0.114     8.085 r  top0/tick1_carry__1/CO[3]
                         net (fo=1, routed)           0.000     8.085    top0/tick1_carry__1_n_0
    SLICE_X1Y115         CARRY4 (Prop_carry4_CI_CO[3])
                                                      0.114     8.199 r  top0/tick1_carry__2/CO[3]
                         net (fo=1, routed)           0.000     8.199    top0/tick1_carry__2_n_0
    SLICE_X1Y116         CARRY4 (Prop_carry4_CI_O[1])
                                                      0.334     8.533 r  top0/tick1_carry__3/O[1]
                         net (fo=2, routed)           0.963     9.497    top0/tick1[18]
    SLICE_X2Y114         LUT4 (Prop_lut4_I1_O)        0.303     9.800 r  top0/tick0_carry__1_i_7/O
                         net (fo=1, routed)           0.000     9.800    top0/tick0_carry__1_i_7_n_0
    SLICE_X2Y114         CARRY4 (Prop_carry4_S[1]_CO[3])
                                                      0.533    10.333 r  top0/tick0_carry__1/CO[3]
                         net (fo=1, routed)           0.000    10.333    top0/tick0_carry__1_n_0
    SLICE_X2Y115         CARRY4 (Prop_carry4_CI_CO[1])
                                                      0.157    10.490 r  top0/tick0_carry__2/CO[1]
                         net (fo=2, routed)           0.499    10.988    top0/tick0
    SLICE_X3Y115         LUT4 (Prop_lut4_I2_O)        0.357    11.345 r  top0/tick_cnt[0]_i_1/O
                         net (fo=27, routed)          0.769    12.114    top0/tick_cnt[0]_i_1_n_0
    SLICE_X0Y111         FDRE                                         r  top0/tick_cnt_reg[7]/R
  -------------------------------------------------------------------    -------------------

                         (clock sys_clk_pin rise edge)
                                                     10.000    10.000 r  
    E3                                                0.000    10.000 r  CLK100MHZ (IN)
                         net (fo=0)                   0.000    10.000    CLK100MHZ
    E3                   IBUF (Prop_ibuf_I_O)         1.411    11.411 r  CLK100MHZ_IBUF_inst/O
                         net (fo=1, routed)           1.920    13.331    CLK100MHZ_IBUF
    BUFGCTRL_X0Y16       BUFG (Prop_bufg_I_O)         0.091    13.422 r  CLK100MHZ_IBUF_BUFG_inst/O
                         net (fo=278, routed)         1.586    15.008    top0/CLK100MHZ_IBUF_BUFG
    SLICE_X0Y111         FDRE                                         r  top0/tick_cnt_reg[7]/C
                         clock pessimism              0.275    15.283    
                         clock uncertainty           -0.035    15.248    
    SLICE_X0Y111         FDRE (Setup_fdre_C_R)       -0.637    14.611    top0/tick_cnt_reg[7]
  -------------------------------------------------------------------
                         required time                         14.611    
                         arrival time                         -12.114    
  -------------------------------------------------------------------
                         slack                                  2.497    





Min Delay Paths
--------------------------------------------------------------------------------------
Slack (MET) :             0.121ns  (arrival time - required time)
  Source:                 top0/lfsr_reg[12]/C
                            (rising edge-triggered cell FDRE clocked by sys_clk_pin  {rise@0.000ns fall@5.000ns period=10.000ns})
  Destination:            top0/lfsr_reg[0]/D
                            (rising edge-triggered cell FDSE clocked by sys_clk_pin  {rise@0.000ns fall@5.000ns period=10.000ns})
  Path Group:             sys_clk_pin
  Path Type:              Hold (Min at Fast Process Corner)
  Requirement:            0.000ns  (sys_clk_pin rise@0.000ns - sys_clk_pin rise@0.000ns)
  Data Path Delay:        0.254ns  (logic 0.186ns (73.141%)  route 0.068ns (26.859%))
  Logic Levels:           1  (LUT4=1)
  Clock Path Skew:        0.013ns (DCD - SCD - CPR)
    Destination Clock Delay (DCD):    1.998ns
    Source Clock Delay      (SCD):    1.483ns
    Clock Pessimism Removal (CPR):    0.501ns

    Location             Delay type                Incr(ns)  Path(ns)    Netlist Resource(s)
  -------------------------------------------------------------------    -------------------
                         (clock sys_clk_pin rise edge)
                                                      0.000     0.000 r  
    E3                                                0.000     0.000 r  CLK100MHZ (IN)
                         net (fo=0)                   0.000     0.000    CLK100MHZ
    E3                   IBUF (Prop_ibuf_I_O)         0.250     0.250 r  CLK100MHZ_IBUF_inst/O
                         net (fo=1, routed)           0.644     0.894    CLK100MHZ_IBUF
    BUFGCTRL_X0Y16       BUFG (Prop_bufg_I_O)         0.026     0.920 r  CLK100MHZ_IBUF_BUFG_inst/O
                         net (fo=278, routed)         0.564     1.483    top0/CLK100MHZ_IBUF_BUFG
    SLICE_X9Y116         FDRE                                         r  top0/lfsr_reg[12]/C
  -------------------------------------------------------------------    -------------------
    SLICE_X9Y116         FDRE (Prop_fdre_C_Q)         0.141     1.624 r  top0/lfsr_reg[12]/Q
                         net (fo=2, routed)           0.068     1.693    top0/lfsr_reg_n_0_[12]
    SLICE_X8Y116         LUT4 (Prop_lut4_I0_O)        0.045     1.738 r  top0/p_0_out_inferred__1/i_/O
                         net (fo=1, routed)           0.000     1.738    top0/p_0_out[0]
    SLICE_X8Y116         FDSE                                         r  top0/lfsr_reg[0]/D
  -------------------------------------------------------------------    -------------------

                         (clock sys_clk_pin rise edge)
                                                      0.000     0.000 r  
    E3                                                0.000     0.000 r  CLK100MHZ (IN)
                         net (fo=0)                   0.000     0.000    CLK100MHZ
    E3                   IBUF (Prop_ibuf_I_O)         0.438     0.438 r  CLK100MHZ_IBUF_inst/O
                         net (fo=1, routed)           0.699     1.136    CLK100MHZ_IBUF
    BUFGCTRL_X0Y16       BUFG (Prop_bufg_I_O)         0.029     1.165 r  CLK100MHZ_IBUF_BUFG_inst/O
                         net (fo=278, routed)         0.833     1.998    top0/CLK100MHZ_IBUF_BUFG
    SLICE_X8Y116         FDSE                                         r  top0/lfsr_reg[0]/C
                         clock pessimism             -0.501     1.496    
    SLICE_X8Y116         FDSE (Hold_fdse_C_D)         0.120     1.616    top0/lfsr_reg[0]
  -------------------------------------------------------------------
                         required time                         -1.616    
                         arrival time                           1.738    
  -------------------------------------------------------------------
                         slack                                  0.121    

Slack (MET) :             0.181ns  (arrival time - required time)
  Source:                 top0/o_cur_reg[0]/C
                            (rising edge-triggered cell FDRE clocked by sys_clk_pin  {rise@0.000ns fall@5.000ns period=10.000ns})
  Destination:            top0/o_last_reg[0]/D
                            (rising edge-triggered cell FDRE clocked by sys_clk_pin  {rise@0.000ns fall@5.000ns period=10.000ns})
  Path Group:             sys_clk_pin
  Path Type:              Hold (Min at Fast Process Corner)
  Requirement:            0.000ns  (sys_clk_pin rise@0.000ns - sys_clk_pin rise@0.000ns)
  Data Path Delay:        0.278ns  (logic 0.141ns (50.659%)  route 0.137ns (49.341%))
  Logic Levels:           0  
  Clock Path Skew:        0.038ns (DCD - SCD - CPR)
    Destination Clock Delay (DCD):    2.003ns
    Source Clock Delay      (SCD):    1.485ns
    Clock Pessimism Removal (CPR):    0.479ns

    Location             Delay type                Incr(ns)  Path(ns)    Netlist Resource(s)
  -------------------------------------------------------------------    -------------------
                         (clock sys_clk_pin rise edge)
                                                      0.000     0.000 r  
    E3                                                0.000     0.000 r  CLK100MHZ (IN)
                         net (fo=0)                   0.000     0.000    CLK100MHZ
    E3                   IBUF (Prop_ibuf_I_O)         0.250     0.250 r  CLK100MHZ_IBUF_inst/O
                         net (fo=1, routed)           0.644     0.894    CLK100MHZ_IBUF
    BUFGCTRL_X0Y16       BUFG (Prop_bufg_I_O)         0.026     0.920 r  CLK100MHZ_IBUF_BUFG_inst/O
                         net (fo=278, routed)         0.566     1.485    top0/CLK100MHZ_IBUF_BUFG
    SLICE_X9Y112         FDRE                                         r  top0/o_cur_reg[0]/C
  -------------------------------------------------------------------    -------------------
    SLICE_X9Y112         FDRE (Prop_fdre_C_Q)         0.141     1.626 r  top0/o_cur_reg[0]/Q
                         net (fo=8, routed)           0.137     1.764    top0/cur_num[0]
    SLICE_X10Y111        FDRE                                         r  top0/o_last_reg[0]/D
  -------------------------------------------------------------------    -------------------

                         (clock sys_clk_pin rise edge)
                                                      0.000     0.000 r  
    E3                                                0.000     0.000 r  CLK100MHZ (IN)
                         net (fo=0)                   0.000     0.000    CLK100MHZ
    E3                   IBUF (Prop_ibuf_I_O)         0.438     0.438 r  CLK100MHZ_IBUF_inst/O
                         net (fo=1, routed)           0.699     1.136    CLK100MHZ_IBUF
    BUFGCTRL_X0Y16       BUFG (Prop_bufg_I_O)         0.029     1.165 r  CLK100MHZ_IBUF_BUFG_inst/O
                         net (fo=278, routed)         0.838     2.003    top0/CLK100MHZ_IBUF_BUFG
    SLICE_X10Y111        FDRE                                         r  top0/o_last_reg[0]/C
                         clock pessimism             -0.479     1.523    
    SLICE_X10Y111        FDRE (Hold_fdre_C_D)         0.059     1.582    top0/o_last_reg[0]
  -------------------------------------------------------------------
                         required time                         -1.582    
                         arrival time                           1.764    
  -------------------------------------------------------------------
                         slack                                  0.181    

Slack (MET) :             0.185ns  (arrival time - required time)
  Source:                 db_d/sync_meta_reg/C
                            (rising edge-triggered cell FDCE clocked by sys_clk_pin  {rise@0.000ns fall@5.000ns period=10.000ns})
  Destination:            db_d/sync_in_reg/D
                            (rising edge-triggered cell FDCE clocked by sys_clk_pin  {rise@0.000ns fall@5.000ns period=10.000ns})
  Path Group:             sys_clk_pin
  Path Type:              Hold (Min at Fast Process Corner)
  Requirement:            0.000ns  (sys_clk_pin rise@0.000ns - sys_clk_pin rise@0.000ns)
  Data Path Delay:        0.207ns  (logic 0.148ns (71.409%)  route 0.059ns (28.591%))
  Logic Levels:           0  
  Clock Path Skew:        0.000ns (DCD - SCD - CPR)
    Destination Clock Delay (DCD):    2.035ns
    Source Clock Delay      (SCD):    1.516ns
    Clock Pessimism Removal (CPR):    0.518ns

    Location             Delay type                Incr(ns)  Path(ns)    Netlist Resource(s)
  -------------------------------------------------------------------    -------------------
                         (clock sys_clk_pin rise edge)
                                                      0.000     0.000 r  
    E3                                                0.000     0.000 r  CLK100MHZ (IN)
                         net (fo=0)                   0.000     0.000    CLK100MHZ
    E3                   IBUF (Prop_ibuf_I_O)         0.250     0.250 r  CLK100MHZ_IBUF_inst/O
                         net (fo=1, routed)           0.644     0.894    CLK100MHZ_IBUF
    BUFGCTRL_X0Y16       BUFG (Prop_bufg_I_O)         0.026     0.920 r  CLK100MHZ_IBUF_BUFG_inst/O
                         net (fo=278, routed)         0.597     1.516    db_d/CLK100MHZ_IBUF_BUFG
    SLICE_X2Y107         FDCE                                         r  db_d/sync_meta_reg/C
  -------------------------------------------------------------------    -------------------
    SLICE_X2Y107         FDCE (Prop_fdce_C_Q)         0.148     1.664 r  db_d/sync_meta_reg/Q
                         net (fo=1, routed)           0.059     1.724    db_d/sync_meta
    SLICE_X2Y107         FDCE                                         r  db_d/sync_in_reg/D
  -------------------------------------------------------------------    -------------------

                         (clock sys_clk_pin rise edge)
                                                      0.000     0.000 r  
    E3                                                0.000     0.000 r  CLK100MHZ (IN)
                         net (fo=0)                   0.000     0.000    CLK100MHZ
    E3                   IBUF (Prop_ibuf_I_O)         0.438     0.438 r  CLK100MHZ_IBUF_inst/O
                         net (fo=1, routed)           0.699     1.136    CLK100MHZ_IBUF
    BUFGCTRL_X0Y16       BUFG (Prop_bufg_I_O)         0.029     1.165 r  CLK100MHZ_IBUF_BUFG_inst/O
                         net (fo=278, routed)         0.870     2.035    db_d/CLK100MHZ_IBUF_BUFG
    SLICE_X2Y107         FDCE                                         r  db_d/sync_in_reg/C
                         clock pessimism             -0.518     1.516    
    SLICE_X2Y107         FDCE (Hold_fdce_C_D)         0.022     1.538    db_d/sync_in_reg
  -------------------------------------------------------------------
                         required time                         -1.538    
                         arrival time                           1.724    
  -------------------------------------------------------------------
                         slack                                  0.185    

Slack (MET) :             0.188ns  (arrival time - required time)
  Source:                 top0/o_cur_reg[1]/C
                            (rising edge-triggered cell FDRE clocked by sys_clk_pin  {rise@0.000ns fall@5.000ns period=10.000ns})
  Destination:            top0/o_last_reg[1]/D
                            (rising edge-triggered cell FDRE clocked by sys_clk_pin  {rise@0.000ns fall@5.000ns period=10.000ns})
  Path Group:             sys_clk_pin
  Path Type:              Hold (Min at Fast Process Corner)
  Requirement:            0.000ns  (sys_clk_pin rise@0.000ns - sys_clk_pin rise@0.000ns)
  Data Path Delay:        0.278ns  (logic 0.141ns (50.636%)  route 0.137ns (49.364%))
  Logic Levels:           0  
  Clock Path Skew:        0.038ns (DCD - SCD - CPR)
    Destination Clock Delay (DCD):    2.003ns
    Source Clock Delay      (SCD):    1.485ns
    Clock Pessimism Removal (CPR):    0.479ns

    Location             Delay type                Incr(ns)  Path(ns)    Netlist Resource(s)
  -------------------------------------------------------------------    -------------------
                         (clock sys_clk_pin rise edge)
                                                      0.000     0.000 r  
    E3                                                0.000     0.000 r  CLK100MHZ (IN)
                         net (fo=0)                   0.000     0.000    CLK100MHZ
    E3                   IBUF (Prop_ibuf_I_O)         0.250     0.250 r  CLK100MHZ_IBUF_inst/O
                         net (fo=1, routed)           0.644     0.894    CLK100MHZ_IBUF
    BUFGCTRL_X0Y16       BUFG (Prop_bufg_I_O)         0.026     0.920 r  CLK100MHZ_IBUF_BUFG_inst/O
                         net (fo=278, routed)         0.566     1.485    top0/CLK100MHZ_IBUF_BUFG
    SLICE_X9Y112         FDRE                                         r  top0/o_cur_reg[1]/C
  -------------------------------------------------------------------    -------------------
    SLICE_X9Y112         FDRE (Prop_fdre_C_Q)         0.141     1.626 r  top0/o_cur_reg[1]/Q
                         net (fo=9, routed)           0.137     1.764    top0/cur_num[1]
    SLICE_X10Y111        FDRE                                         r  top0/o_last_reg[1]/D
  -------------------------------------------------------------------    -------------------

                         (clock sys_clk_pin rise edge)
                                                      0.000     0.000 r  
    E3                                                0.000     0.000 r  CLK100MHZ (IN)
                         net (fo=0)                   0.000     0.000    CLK100MHZ
    E3                   IBUF (Prop_ibuf_I_O)         0.438     0.438 r  CLK100MHZ_IBUF_inst/O
                         net (fo=1, routed)           0.699     1.136    CLK100MHZ_IBUF
    BUFGCTRL_X0Y16       BUFG (Prop_bufg_I_O)         0.029     1.165 r  CLK100MHZ_IBUF_BUFG_inst/O
                         net (fo=278, routed)         0.838     2.003    top0/CLK100MHZ_IBUF_BUFG
    SLICE_X10Y111        FDRE                                         r  top0/o_last_reg[1]/C
                         clock pessimism             -0.479     1.523    
    SLICE_X10Y111        FDRE (Hold_fdre_C_D)         0.052     1.575    top0/o_last_reg[1]
  -------------------------------------------------------------------
                         required time                         -1.575    
                         arrival time                           1.764    
  -------------------------------------------------------------------
                         slack                                  0.188    

Slack (MET) :             0.190ns  (arrival time - required time)
  Source:                 db_u/sync_meta_reg/C
                            (rising edge-triggered cell FDCE clocked by sys_clk_pin  {rise@0.000ns fall@5.000ns period=10.000ns})
  Destination:            db_u/sync_in_reg/D
                            (rising edge-triggered cell FDCE clocked by sys_clk_pin  {rise@0.000ns fall@5.000ns period=10.000ns})
  Path Group:             sys_clk_pin
  Path Type:              Hold (Min at Fast Process Corner)
  Requirement:            0.000ns  (sys_clk_pin rise@0.000ns - sys_clk_pin rise@0.000ns)
  Data Path Delay:        0.182ns  (logic 0.128ns (70.172%)  route 0.054ns (29.828%))
  Logic Levels:           0  
  Clock Path Skew:        0.000ns (DCD - SCD - CPR)
    Destination Clock Delay (DCD):    2.037ns
    Source Clock Delay      (SCD):    1.518ns
    Clock Pessimism Removal (CPR):    0.518ns

    Location             Delay type                Incr(ns)  Path(ns)    Netlist Resource(s)
  -------------------------------------------------------------------    -------------------
                         (clock sys_clk_pin rise edge)
                                                      0.000     0.000 r  
    E3                                                0.000     0.000 r  CLK100MHZ (IN)
                         net (fo=0)                   0.000     0.000    CLK100MHZ
    E3                   IBUF (Prop_ibuf_I_O)         0.250     0.250 r  CLK100MHZ_IBUF_inst/O
                         net (fo=1, routed)           0.644     0.894    CLK100MHZ_IBUF
    BUFGCTRL_X0Y16       BUFG (Prop_bufg_I_O)         0.026     0.920 r  CLK100MHZ_IBUF_BUFG_inst/O
                         net (fo=278, routed)         0.599     1.518    db_u/CLK100MHZ_IBUF_BUFG
    SLICE_X1Y102         FDCE                                         r  db_u/sync_meta_reg/C
  -------------------------------------------------------------------    -------------------
    SLICE_X1Y102         FDCE (Prop_fdce_C_Q)         0.128     1.646 r  db_u/sync_meta_reg/Q
                         net (fo=1, routed)           0.054     1.701    db_u/sync_meta
    SLICE_X1Y102         FDCE                                         r  db_u/sync_in_reg/D
  -------------------------------------------------------------------    -------------------

                         (clock sys_clk_pin rise edge)
                                                      0.000     0.000 r  
    E3                                                0.000     0.000 r  CLK100MHZ (IN)
                         net (fo=0)                   0.000     0.000    CLK100MHZ
    E3                   IBUF (Prop_ibuf_I_O)         0.438     0.438 r  CLK100MHZ_IBUF_inst/O
                         net (fo=1, routed)           0.699     1.136    CLK100MHZ_IBUF
    BUFGCTRL_X0Y16       BUFG (Prop_bufg_I_O)         0.029     1.165 r  CLK100MHZ_IBUF_BUFG_inst/O
                         net (fo=278, routed)         0.872     2.037    db_u/CLK100MHZ_IBUF_BUFG
    SLICE_X1Y102         FDCE                                         r  db_u/sync_in_reg/C
                         clock pessimism             -0.518     1.518    
    SLICE_X1Y102         FDCE (Hold_fdce_C_D)        -0.008     1.510    db_u/sync_in_reg
  -------------------------------------------------------------------
                         required time                         -1.510    
                         arrival time                           1.701    
  -------------------------------------------------------------------
                         slack                                  0.190    

Slack (MET) :             0.191ns  (arrival time - required time)
  Source:                 top0/lfsr_reg[13]/C
                            (rising edge-triggered cell FDSE clocked by sys_clk_pin  {rise@0.000ns fall@5.000ns period=10.000ns})
  Destination:            top0/lfsr_reg[14]/D
                            (rising edge-triggered cell FDRE clocked by sys_clk_pin  {rise@0.000ns fall@5.000ns period=10.000ns})
  Path Group:             sys_clk_pin
  Path Type:              Hold (Min at Fast Process Corner)
  Requirement:            0.000ns  (sys_clk_pin rise@0.000ns - sys_clk_pin rise@0.000ns)
  Data Path Delay:        0.264ns  (logic 0.141ns (53.387%)  route 0.123ns (46.613%))
  Logic Levels:           0  
  Clock Path Skew:        0.013ns (DCD - SCD - CPR)
    Destination Clock Delay (DCD):    1.998ns
    Source Clock Delay      (SCD):    1.483ns
    Clock Pessimism Removal (CPR):    0.501ns

    Location             Delay type                Incr(ns)  Path(ns)    Netlist Resource(s)
  -------------------------------------------------------------------    -------------------
                         (clock sys_clk_pin rise edge)
                                                      0.000     0.000 r  
    E3                                                0.000     0.000 r  CLK100MHZ (IN)
                         net (fo=0)                   0.000     0.000    CLK100MHZ
    E3                   IBUF (Prop_ibuf_I_O)         0.250     0.250 r  CLK100MHZ_IBUF_inst/O
                         net (fo=1, routed)           0.644     0.894    CLK100MHZ_IBUF
    BUFGCTRL_X0Y16       BUFG (Prop_bufg_I_O)         0.026     0.920 r  CLK100MHZ_IBUF_BUFG_inst/O
                         net (fo=278, routed)         0.564     1.483    top0/CLK100MHZ_IBUF_BUFG
    SLICE_X9Y116         FDSE                                         r  top0/lfsr_reg[13]/C
  -------------------------------------------------------------------    -------------------
    SLICE_X9Y116         FDSE (Prop_fdse_C_Q)         0.141     1.624 r  top0/lfsr_reg[13]/Q
                         net (fo=2, routed)           0.123     1.748    top0/lfsr_reg_n_0_[13]
    SLICE_X8Y116         FDRE                                         r  top0/lfsr_reg[14]/D
  -------------------------------------------------------------------    -------------------

                         (clock sys_clk_pin rise edge)
                                                      0.000     0.000 r  
    E3                                                0.000     0.000 r  CLK100MHZ (IN)
                         net (fo=0)                   0.000     0.000    CLK100MHZ
    E3                   IBUF (Prop_ibuf_I_O)         0.438     0.438 r  CLK100MHZ_IBUF_inst/O
                         net (fo=1, routed)           0.699     1.136    CLK100MHZ_IBUF
    BUFGCTRL_X0Y16       BUFG (Prop_bufg_I_O)         0.029     1.165 r  CLK100MHZ_IBUF_BUFG_inst/O
                         net (fo=278, routed)         0.833     1.998    top0/CLK100MHZ_IBUF_BUFG
    SLICE_X8Y116         FDRE                                         r  top0/lfsr_reg[14]/C
                         clock pessimism             -0.501     1.496    
    SLICE_X8Y116         FDRE (Hold_fdre_C_D)         0.060     1.556    top0/lfsr_reg[14]
  -------------------------------------------------------------------
                         required time                         -1.556    
                         arrival time                           1.748    
  -------------------------------------------------------------------
                         slack                                  0.191    

Slack (MET) :             0.194ns  (arrival time - required time)
  Source:                 top0/lfsr_reg[9]/C
                            (rising edge-triggered cell FDRE clocked by sys_clk_pin  {rise@0.000ns fall@5.000ns period=10.000ns})
  Destination:            top0/lfsr_reg[10]/D
                            (rising edge-triggered cell FDSE clocked by sys_clk_pin  {rise@0.000ns fall@5.000ns period=10.000ns})
  Path Group:             sys_clk_pin
  Path Type:              Hold (Min at Fast Process Corner)
  Requirement:            0.000ns  (sys_clk_pin rise@0.000ns - sys_clk_pin rise@0.000ns)
  Data Path Delay:        0.277ns  (logic 0.164ns (59.205%)  route 0.113ns (40.795%))
  Logic Levels:           0  
  Clock Path Skew:        0.013ns (DCD - SCD - CPR)
    Destination Clock Delay (DCD):    1.998ns
    Source Clock Delay      (SCD):    1.483ns
    Clock Pessimism Removal (CPR):    0.501ns

    Location             Delay type                Incr(ns)  Path(ns)    Netlist Resource(s)
  -------------------------------------------------------------------    -------------------
                         (clock sys_clk_pin rise edge)
                                                      0.000     0.000 r  
    E3                                                0.000     0.000 r  CLK100MHZ (IN)
                         net (fo=0)                   0.000     0.000    CLK100MHZ
    E3                   IBUF (Prop_ibuf_I_O)         0.250     0.250 r  CLK100MHZ_IBUF_inst/O
                         net (fo=1, routed)           0.644     0.894    CLK100MHZ_IBUF
    BUFGCTRL_X0Y16       BUFG (Prop_bufg_I_O)         0.026     0.920 r  CLK100MHZ_IBUF_BUFG_inst/O
                         net (fo=278, routed)         0.564     1.483    top0/CLK100MHZ_IBUF_BUFG
    SLICE_X8Y116         FDRE                                         r  top0/lfsr_reg[9]/C
  -------------------------------------------------------------------    -------------------
    SLICE_X8Y116         FDRE (Prop_fdre_C_Q)         0.164     1.647 r  top0/lfsr_reg[9]/Q
                         net (fo=1, routed)           0.113     1.760    top0/lfsr_reg_n_0_[9]
    SLICE_X9Y116         FDSE                                         r  top0/lfsr_reg[10]/D
  -------------------------------------------------------------------    -------------------

                         (clock sys_clk_pin rise edge)
                                                      0.000     0.000 r  
    E3                                                0.000     0.000 r  CLK100MHZ (IN)
                         net (fo=0)                   0.000     0.000    CLK100MHZ
    E3                   IBUF (Prop_ibuf_I_O)         0.438     0.438 r  CLK100MHZ_IBUF_inst/O
                         net (fo=1, routed)           0.699     1.136    CLK100MHZ_IBUF
    BUFGCTRL_X0Y16       BUFG (Prop_bufg_I_O)         0.029     1.165 r  CLK100MHZ_IBUF_BUFG_inst/O
                         net (fo=278, routed)         0.833     1.998    top0/CLK100MHZ_IBUF_BUFG
    SLICE_X9Y116         FDSE                                         r  top0/lfsr_reg[10]/C
                         clock pessimism             -0.501     1.496    
    SLICE_X9Y116         FDSE (Hold_fdse_C_D)         0.070     1.566    top0/lfsr_reg[10]
  -------------------------------------------------------------------
                         required time                         -1.566    
                         arrival time                           1.760    
  -------------------------------------------------------------------
                         slack                                  0.194    

Slack (MET) :             0.197ns  (arrival time - required time)
  Source:                 top0/o_max_reg[0]/C
                            (rising edge-triggered cell FDRE clocked by sys_clk_pin  {rise@0.000ns fall@5.000ns period=10.000ns})
  Destination:            vga_b/s_mo_reg[6]/D
                            (rising edge-triggered cell FDSE clocked by sys_clk_pin  {rise@0.000ns fall@5.000ns period=10.000ns})
  Path Group:             sys_clk_pin
  Path Type:              Hold (Min at Fast Process Corner)
  Requirement:            0.000ns  (sys_clk_pin rise@0.000ns - sys_clk_pin rise@0.000ns)
  Data Path Delay:        0.317ns  (logic 0.212ns (66.791%)  route 0.105ns (33.209%))
  Logic Levels:           1  (LUT4=1)
  Clock Path Skew:        0.013ns (DCD - SCD - CPR)
    Destination Clock Delay (DCD):    2.003ns
    Source Clock Delay      (SCD):    1.486ns
    Clock Pessimism Removal (CPR):    0.503ns

    Location             Delay type                Incr(ns)  Path(ns)    Netlist Resource(s)
  -------------------------------------------------------------------    -------------------
                         (clock sys_clk_pin rise edge)
                                                      0.000     0.000 r  
    E3                                                0.000     0.000 r  CLK100MHZ (IN)
                         net (fo=0)                   0.000     0.000    CLK100MHZ
    E3                   IBUF (Prop_ibuf_I_O)         0.250     0.250 r  CLK100MHZ_IBUF_inst/O
                         net (fo=1, routed)           0.644     0.894    CLK100MHZ_IBUF
    BUFGCTRL_X0Y16       BUFG (Prop_bufg_I_O)         0.026     0.920 r  CLK100MHZ_IBUF_BUFG_inst/O
                         net (fo=278, routed)         0.567     1.486    top0/CLK100MHZ_IBUF_BUFG
    SLICE_X8Y111         FDRE                                         r  top0/o_max_reg[0]/C
  -------------------------------------------------------------------    -------------------
    SLICE_X8Y111         FDRE (Prop_fdre_C_Q)         0.164     1.650 f  top0/o_max_reg[0]/Q
                         net (fo=8, routed)           0.105     1.756    top0/max_num[0]
    SLICE_X9Y111         LUT4 (Prop_lut4_I3_O)        0.048     1.804 r  top0/s_mo[6]_i_1/O
                         net (fo=1, routed)           0.000     1.804    vga_b/s_mo_reg[6]_1[6]
    SLICE_X9Y111         FDSE                                         r  vga_b/s_mo_reg[6]/D
  -------------------------------------------------------------------    -------------------

                         (clock sys_clk_pin rise edge)
                                                      0.000     0.000 r  
    E3                                                0.000     0.000 r  CLK100MHZ (IN)
                         net (fo=0)                   0.000     0.000    CLK100MHZ
    E3                   IBUF (Prop_ibuf_I_O)         0.438     0.438 r  CLK100MHZ_IBUF_inst/O
                         net (fo=1, routed)           0.699     1.136    CLK100MHZ_IBUF
    BUFGCTRL_X0Y16       BUFG (Prop_bufg_I_O)         0.029     1.165 r  CLK100MHZ_IBUF_BUFG_inst/O
                         net (fo=278, routed)         0.838     2.003    vga_b/CLK100MHZ_IBUF_BUFG
    SLICE_X9Y111         FDSE                                         r  vga_b/s_mo_reg[6]/C
                         clock pessimism             -0.503     1.499    
    SLICE_X9Y111         FDSE (Hold_fdse_C_D)         0.107     1.606    vga_b/s_mo_reg[6]
  -------------------------------------------------------------------
                         required time                         -1.606    
                         arrival time                           1.804    
  -------------------------------------------------------------------
                         slack                                  0.197    

Slack (MET) :             0.199ns  (arrival time - required time)
  Source:                 top0/o_max_reg[0]/C
                            (rising edge-triggered cell FDRE clocked by sys_clk_pin  {rise@0.000ns fall@5.000ns period=10.000ns})
  Destination:            vga_b/s_mo_reg[5]/D
                            (rising edge-triggered cell FDRE clocked by sys_clk_pin  {rise@0.000ns fall@5.000ns period=10.000ns})
  Path Group:             sys_clk_pin
  Path Type:              Hold (Min at Fast Process Corner)
  Requirement:            0.000ns  (sys_clk_pin rise@0.000ns - sys_clk_pin rise@0.000ns)
  Data Path Delay:        0.319ns  (logic 0.213ns (66.686%)  route 0.106ns (33.314%))
  Logic Levels:           1  (LUT4=1)
  Clock Path Skew:        0.013ns (DCD - SCD - CPR)
    Destination Clock Delay (DCD):    2.003ns
    Source Clock Delay      (SCD):    1.486ns
    Clock Pessimism Removal (CPR):    0.503ns

    Location             Delay type                Incr(ns)  Path(ns)    Netlist Resource(s)
  -------------------------------------------------------------------    -------------------
                         (clock sys_clk_pin rise edge)
                                                      0.000     0.000 r  
    E3                                                0.000     0.000 r  CLK100MHZ (IN)
                         net (fo=0)                   0.000     0.000    CLK100MHZ
    E3                   IBUF (Prop_ibuf_I_O)         0.250     0.250 r  CLK100MHZ_IBUF_inst/O
                         net (fo=1, routed)           0.644     0.894    CLK100MHZ_IBUF
    BUFGCTRL_X0Y16       BUFG (Prop_bufg_I_O)         0.026     0.920 r  CLK100MHZ_IBUF_BUFG_inst/O
                         net (fo=278, routed)         0.567     1.486    top0/CLK100MHZ_IBUF_BUFG
    SLICE_X8Y111         FDRE                                         r  top0/o_max_reg[0]/C
  -------------------------------------------------------------------    -------------------
    SLICE_X8Y111         FDRE (Prop_fdre_C_Q)         0.164     1.650 f  top0/o_max_reg[0]/Q
                         net (fo=8, routed)           0.106     1.757    top0/max_num[0]
    SLICE_X9Y111         LUT4 (Prop_lut4_I0_O)        0.049     1.806 r  top0/s_mo[5]_i_1/O
                         net (fo=1, routed)           0.000     1.806    vga_b/s_mo_reg[6]_1[5]
    SLICE_X9Y111         FDRE                                         r  vga_b/s_mo_reg[5]/D
  -------------------------------------------------------------------    -------------------

                         (clock sys_clk_pin rise edge)
                                                      0.000     0.000 r  
    E3                                                0.000     0.000 r  CLK100MHZ (IN)
                         net (fo=0)                   0.000     0.000    CLK100MHZ
    E3                   IBUF (Prop_ibuf_I_O)         0.438     0.438 r  CLK100MHZ_IBUF_inst/O
                         net (fo=1, routed)           0.699     1.136    CLK100MHZ_IBUF
    BUFGCTRL_X0Y16       BUFG (Prop_bufg_I_O)         0.029     1.165 r  CLK100MHZ_IBUF_BUFG_inst/O
                         net (fo=278, routed)         0.838     2.003    vga_b/CLK100MHZ_IBUF_BUFG
    SLICE_X9Y111         FDRE                                         r  vga_b/s_mo_reg[5]/C
                         clock pessimism             -0.503     1.499    
    SLICE_X9Y111         FDRE (Hold_fdre_C_D)         0.107     1.606    vga_b/s_mo_reg[5]
  -------------------------------------------------------------------
                         required time                         -1.606    
                         arrival time                           1.806    
  -------------------------------------------------------------------
                         slack                                  0.199    

Slack (MET) :             0.208ns  (arrival time - required time)
  Source:                 top0/o_last_reg[0]/C
                            (rising edge-triggered cell FDRE clocked by sys_clk_pin  {rise@0.000ns fall@5.000ns period=10.000ns})
  Destination:            vga_b/s_lo_reg[3]/D
                            (rising edge-triggered cell FDRE clocked by sys_clk_pin  {rise@0.000ns fall@5.000ns period=10.000ns})
  Path Group:             sys_clk_pin
  Path Type:              Hold (Min at Fast Process Corner)
  Requirement:            0.000ns  (sys_clk_pin rise@0.000ns - sys_clk_pin rise@0.000ns)
  Data Path Delay:        0.328ns  (logic 0.212ns (64.546%)  route 0.116ns (35.454%))
  Logic Levels:           1  (LUT4=1)
  Clock Path Skew:        0.013ns (DCD - SCD - CPR)
    Destination Clock Delay (DCD):    2.003ns
    Source Clock Delay      (SCD):    1.486ns
    Clock Pessimism Removal (CPR):    0.503ns

    Location             Delay type                Incr(ns)  Path(ns)    Netlist Resource(s)
  -------------------------------------------------------------------    -------------------
                         (clock sys_clk_pin rise edge)
                                                      0.000     0.000 r  
    E3                                                0.000     0.000 r  CLK100MHZ (IN)
                         net (fo=0)                   0.000     0.000    CLK100MHZ
    E3                   IBUF (Prop_ibuf_I_O)         0.250     0.250 r  CLK100MHZ_IBUF_inst/O
                         net (fo=1, routed)           0.644     0.894    CLK100MHZ_IBUF
    BUFGCTRL_X0Y16       BUFG (Prop_bufg_I_O)         0.026     0.920 r  CLK100MHZ_IBUF_BUFG_inst/O
                         net (fo=278, routed)         0.567     1.486    top0/CLK100MHZ_IBUF_BUFG
    SLICE_X10Y111        FDRE                                         r  top0/o_last_reg[0]/C
  -------------------------------------------------------------------    -------------------
    SLICE_X10Y111        FDRE (Prop_fdre_C_Q)         0.164     1.650 r  top0/o_last_reg[0]/Q
                         net (fo=7, routed)           0.116     1.767    top0/last_num[0]
    SLICE_X11Y111        LUT4 (Prop_lut4_I0_O)        0.048     1.815 r  top0/s_lo[3]_i_1/O
                         net (fo=1, routed)           0.000     1.815    vga_b/s_lo_reg[6]_1[3]
    SLICE_X11Y111        FDRE                                         r  vga_b/s_lo_reg[3]/D
  -------------------------------------------------------------------    -------------------

                         (clock sys_clk_pin rise edge)
                                                      0.000     0.000 r  
    E3                                                0.000     0.000 r  CLK100MHZ (IN)
                         net (fo=0)                   0.000     0.000    CLK100MHZ
    E3                   IBUF (Prop_ibuf_I_O)         0.438     0.438 r  CLK100MHZ_IBUF_inst/O
                         net (fo=1, routed)           0.699     1.136    CLK100MHZ_IBUF
    BUFGCTRL_X0Y16       BUFG (Prop_bufg_I_O)         0.029     1.165 r  CLK100MHZ_IBUF_BUFG_inst/O
                         net (fo=278, routed)         0.838     2.003    vga_b/CLK100MHZ_IBUF_BUFG
    SLICE_X11Y111        FDRE                                         r  vga_b/s_lo_reg[3]/C
                         clock pessimism             -0.503     1.499    
    SLICE_X11Y111        FDRE (Hold_fdre_C_D)         0.107     1.606    vga_b/s_lo_reg[3]
  -------------------------------------------------------------------
                         required time                         -1.606    
                         arrival time                           1.815    
  -------------------------------------------------------------------
                         slack                                  0.208    





Pulse Width Checks
--------------------------------------------------------------------------------------
Clock Name:         sys_clk_pin
Waveform(ns):       { 0.000 5.000 }
Period(ns):         10.000
Sources:            { CLK100MHZ }

Check Type        Corner  Lib Pin             Reference Pin  Required(ns)  Actual(ns)  Slack(ns)  Location        Pin
Min Period        n/a     RAMB18E1/CLKARDCLK  n/a            2.576         10.000      7.424      RAMB18_X0Y44    vga_b/sel/CLKARDCLK
Min Period        n/a     BUFG/I              n/a            2.155         10.000      7.845      BUFGCTRL_X0Y16  CLK100MHZ_IBUF_BUFG_inst/I
Min Period        n/a     FDRE/C              n/a            1.000         10.000      9.000      SLICE_X1Y101    rst_meta_reg/C
Min Period        n/a     FDRE/C              n/a            1.000         10.000      9.000      SLICE_X1Y101    rst_reg/C
Min Period        n/a     FDRE/C              n/a            1.000         10.000      9.000      SLICE_X0Y101    scan_cnt_reg[0]/C
Min Period        n/a     FDRE/C              n/a            1.000         10.000      9.000      SLICE_X0Y103    scan_cnt_reg[10]/C
Min Period        n/a     FDRE/C              n/a            1.000         10.000      9.000      SLICE_X0Y103    scan_cnt_reg[11]/C
Min Period        n/a     FDRE/C              n/a            1.000         10.000      9.000      SLICE_X0Y104    scan_cnt_reg[12]/C
Min Period        n/a     FDRE/C              n/a            1.000         10.000      9.000      SLICE_X0Y104    scan_cnt_reg[13]/C
Min Period        n/a     FDRE/C              n/a            1.000         10.000      9.000      SLICE_X0Y104    scan_cnt_reg[14]/C
Low Pulse Width   Slow    FDRE/C              n/a            0.500         5.000       4.500      SLICE_X1Y101    rst_meta_reg/C
Low Pulse Width   Fast    FDRE/C              n/a            0.500         5.000       4.500      SLICE_X1Y101    rst_meta_reg/C
Low Pulse Width   Slow    FDRE/C              n/a            0.500         5.000       4.500      SLICE_X1Y101    rst_reg/C
Low Pulse Width   Fast    FDRE/C              n/a            0.500         5.000       4.500      SLICE_X1Y101    rst_reg/C
Low Pulse Width   Slow    FDRE/C              n/a            0.500         5.000       4.500      SLICE_X0Y101    scan_cnt_reg[0]/C
Low Pulse Width   Fast    FDRE/C              n/a            0.500         5.000       4.500      SLICE_X0Y101    scan_cnt_reg[0]/C
Low Pulse Width   Slow    FDRE/C              n/a            0.500         5.000       4.500      SLICE_X0Y103    scan_cnt_reg[10]/C
Low Pulse Width   Fast    FDRE/C              n/a            0.500         5.000       4.500      SLICE_X0Y103    scan_cnt_reg[10]/C
Low Pulse Width   Slow    FDRE/C              n/a            0.500         5.000       4.500      SLICE_X0Y103    scan_cnt_reg[11]/C
Low Pulse Width   Fast    FDRE/C              n/a            0.500         5.000       4.500      SLICE_X0Y103    scan_cnt_reg[11]/C
High Pulse Width  Slow    FDRE/C              n/a            0.500         5.000       4.500      SLICE_X1Y101    rst_meta_reg/C
High Pulse Width  Fast    FDRE/C              n/a            0.500         5.000       4.500      SLICE_X1Y101    rst_meta_reg/C
High Pulse Width  Slow    FDRE/C              n/a            0.500         5.000       4.500      SLICE_X1Y101    rst_reg/C
High Pulse Width  Fast    FDRE/C              n/a            0.500         5.000       4.500      SLICE_X1Y101    rst_reg/C
High Pulse Width  Slow    FDRE/C              n/a            0.500         5.000       4.500      SLICE_X0Y101    scan_cnt_reg[0]/C
High Pulse Width  Fast    FDRE/C              n/a            0.500         5.000       4.500      SLICE_X0Y101    scan_cnt_reg[0]/C
High Pulse Width  Slow    FDRE/C              n/a            0.500         5.000       4.500      SLICE_X0Y103    scan_cnt_reg[10]/C
High Pulse Width  Fast    FDRE/C              n/a            0.500         5.000       4.500      SLICE_X0Y103    scan_cnt_reg[10]/C
High Pulse Width  Slow    FDRE/C              n/a            0.500         5.000       4.500      SLICE_X0Y103    scan_cnt_reg[11]/C
High Pulse Width  Fast    FDRE/C              n/a            0.500         5.000       4.500      SLICE_X0Y103    scan_cnt_reg[11]/C



---------------------------------------------------------------------------------------------------
Path Group:  **async_default**
From Clock:  sys_clk_pin
  To Clock:  sys_clk_pin

Setup :            0  Failing Endpoints,  Worst Slack        5.254ns,  Total Violation        0.000ns
Hold  :            0  Failing Endpoints,  Worst Slack        0.377ns,  Total Violation        0.000ns
---------------------------------------------------------------------------------------------------


Max Delay Paths
--------------------------------------------------------------------------------------
Slack (MET) :             5.254ns  (required time - arrival time)
  Source:                 rst_reg/C
                            (rising edge-triggered cell FDRE clocked by sys_clk_pin  {rise@0.000ns fall@5.000ns period=10.000ns})
  Destination:            db_r/counter_r_reg[0]/CLR
                            (recovery check against rising-edge clock sys_clk_pin  {rise@0.000ns fall@5.000ns period=10.000ns})
  Path Group:             **async_default**
  Path Type:              Recovery (Max at Slow Process Corner)
  Requirement:            10.000ns  (sys_clk_pin rise@10.000ns - sys_clk_pin rise@0.000ns)
  Data Path Delay:        4.244ns  (logic 0.456ns (10.744%)  route 3.788ns (89.256%))
  Logic Levels:           0  
  Clock Path Skew:        -0.061ns (DCD - SCD + CPR)
    Destination Clock Delay (DCD):    4.992ns = ( 14.992 - 10.000 ) 
    Source Clock Delay      (SCD):    5.312ns
    Clock Pessimism Removal (CPR):    0.259ns
  Clock Uncertainty:      0.035ns  ((TSJ^2 + TIJ^2)^1/2 + DJ) / 2 + PE
    Total System Jitter     (TSJ):    0.071ns
    Total Input Jitter      (TIJ):    0.000ns
    Discrete Jitter          (DJ):    0.000ns
    Phase Error              (PE):    0.000ns

    Location             Delay type                Incr(ns)  Path(ns)    Netlist Resource(s)
  -------------------------------------------------------------------    -------------------
                         (clock sys_clk_pin rise edge)
                                                      0.000     0.000 r  
    E3                                                0.000     0.000 r  CLK100MHZ (IN)
                         net (fo=0)                   0.000     0.000    CLK100MHZ
    E3                   IBUF (Prop_ibuf_I_O)         1.482     1.482 r  CLK100MHZ_IBUF_inst/O
                         net (fo=1, routed)           2.025     3.506    CLK100MHZ_IBUF
    BUFGCTRL_X0Y16       BUFG (Prop_bufg_I_O)         0.096     3.602 r  CLK100MHZ_IBUF_BUFG_inst/O
                         net (fo=278, routed)         1.710     5.312    CLK100MHZ_IBUF_BUFG
    SLICE_X1Y101         FDRE                                         r  rst_reg/C
  -------------------------------------------------------------------    -------------------
    SLICE_X1Y101         FDRE (Prop_fdre_C_Q)         0.456     5.768 f  rst_reg/Q
                         net (fo=157, routed)         3.788     9.556    db_r/SR[0]
    SLICE_X5Y124         FDCE                                         f  db_r/counter_r_reg[0]/CLR
  -------------------------------------------------------------------    -------------------

                         (clock sys_clk_pin rise edge)
                                                     10.000    10.000 r  
    E3                                                0.000    10.000 r  CLK100MHZ (IN)
                         net (fo=0)                   0.000    10.000    CLK100MHZ
    E3                   IBUF (Prop_ibuf_I_O)         1.411    11.411 r  CLK100MHZ_IBUF_inst/O
                         net (fo=1, routed)           1.920    13.331    CLK100MHZ_IBUF
    BUFGCTRL_X0Y16       BUFG (Prop_bufg_I_O)         0.091    13.422 r  CLK100MHZ_IBUF_BUFG_inst/O
                         net (fo=278, routed)         1.570    14.992    db_r/CLK100MHZ_IBUF_BUFG
    SLICE_X5Y124         FDCE                                         r  db_r/counter_r_reg[0]/C
                         clock pessimism              0.259    15.251    
                         clock uncertainty           -0.035    15.216    
    SLICE_X5Y124         FDCE (Recov_fdce_C_CLR)     -0.405    14.811    db_r/counter_r_reg[0]
  -------------------------------------------------------------------
                         required time                         14.811    
                         arrival time                          -9.556    
  -------------------------------------------------------------------
                         slack                                  5.254    

Slack (MET) :             5.300ns  (required time - arrival time)
  Source:                 rst_reg/C
                            (rising edge-triggered cell FDRE clocked by sys_clk_pin  {rise@0.000ns fall@5.000ns period=10.000ns})
  Destination:            db_r/counter_r_reg[17]/PRE
                            (recovery check against rising-edge clock sys_clk_pin  {rise@0.000ns fall@5.000ns period=10.000ns})
  Path Group:             **async_default**
  Path Type:              Recovery (Max at Slow Process Corner)
  Requirement:            10.000ns  (sys_clk_pin rise@10.000ns - sys_clk_pin rise@0.000ns)
  Data Path Delay:        4.244ns  (logic 0.456ns (10.744%)  route 3.788ns (89.256%))
  Logic Levels:           0  
  Clock Path Skew:        -0.061ns (DCD - SCD + CPR)
    Destination Clock Delay (DCD):    4.992ns = ( 14.992 - 10.000 ) 
    Source Clock Delay      (SCD):    5.312ns
    Clock Pessimism Removal (CPR):    0.259ns
  Clock Uncertainty:      0.035ns  ((TSJ^2 + TIJ^2)^1/2 + DJ) / 2 + PE
    Total System Jitter     (TSJ):    0.071ns
    Total Input Jitter      (TIJ):    0.000ns
    Discrete Jitter          (DJ):    0.000ns
    Phase Error              (PE):    0.000ns

    Location             Delay type                Incr(ns)  Path(ns)    Netlist Resource(s)
  -------------------------------------------------------------------    -------------------
                         (clock sys_clk_pin rise edge)
                                                      0.000     0.000 r  
    E3                                                0.000     0.000 r  CLK100MHZ (IN)
                         net (fo=0)                   0.000     0.000    CLK100MHZ
    E3                   IBUF (Prop_ibuf_I_O)         1.482     1.482 r  CLK100MHZ_IBUF_inst/O
                         net (fo=1, routed)           2.025     3.506    CLK100MHZ_IBUF
    BUFGCTRL_X0Y16       BUFG (Prop_bufg_I_O)         0.096     3.602 r  CLK100MHZ_IBUF_BUFG_inst/O
                         net (fo=278, routed)         1.710     5.312    CLK100MHZ_IBUF_BUFG
    SLICE_X1Y101         FDRE                                         r  rst_reg/C
  -------------------------------------------------------------------    -------------------
    SLICE_X1Y101         FDRE (Prop_fdre_C_Q)         0.456     5.768 f  rst_reg/Q
                         net (fo=157, routed)         3.788     9.556    db_r/SR[0]
    SLICE_X5Y124         FDPE                                         f  db_r/counter_r_reg[17]/PRE
  -------------------------------------------------------------------    -------------------

                         (clock sys_clk_pin rise edge)
                                                     10.000    10.000 r  
    E3                                                0.000    10.000 r  CLK100MHZ (IN)
                         net (fo=0)                   0.000    10.000    CLK100MHZ
    E3                   IBUF (Prop_ibuf_I_O)         1.411    11.411 r  CLK100MHZ_IBUF_inst/O
                         net (fo=1, routed)           1.920    13.331    CLK100MHZ_IBUF
    BUFGCTRL_X0Y16       BUFG (Prop_bufg_I_O)         0.091    13.422 r  CLK100MHZ_IBUF_BUFG_inst/O
                         net (fo=278, routed)         1.570    14.992    db_r/CLK100MHZ_IBUF_BUFG
    SLICE_X5Y124         FDPE                                         r  db_r/counter_r_reg[17]/C
                         clock pessimism              0.259    15.251    
                         clock uncertainty           -0.035    15.216    
    SLICE_X5Y124         FDPE (Recov_fdpe_C_PRE)     -0.359    14.857    db_r/counter_r_reg[17]
  -------------------------------------------------------------------
                         required time                         14.857    
                         arrival time                          -9.556    
  -------------------------------------------------------------------
                         slack                                  5.300    

Slack (MET) :             5.300ns  (required time - arrival time)
  Source:                 rst_reg/C
                            (rising edge-triggered cell FDRE clocked by sys_clk_pin  {rise@0.000ns fall@5.000ns period=10.000ns})
  Destination:            db_r/counter_r_reg[18]/PRE
                            (recovery check against rising-edge clock sys_clk_pin  {rise@0.000ns fall@5.000ns period=10.000ns})
  Path Group:             **async_default**
  Path Type:              Recovery (Max at Slow Process Corner)
  Requirement:            10.000ns  (sys_clk_pin rise@10.000ns - sys_clk_pin rise@0.000ns)
  Data Path Delay:        4.244ns  (logic 0.456ns (10.744%)  route 3.788ns (89.256%))
  Logic Levels:           0  
  Clock Path Skew:        -0.061ns (DCD - SCD + CPR)
    Destination Clock Delay (DCD):    4.992ns = ( 14.992 - 10.000 ) 
    Source Clock Delay      (SCD):    5.312ns
    Clock Pessimism Removal (CPR):    0.259ns
  Clock Uncertainty:      0.035ns  ((TSJ^2 + TIJ^2)^1/2 + DJ) / 2 + PE
    Total System Jitter     (TSJ):    0.071ns
    Total Input Jitter      (TIJ):    0.000ns
    Discrete Jitter          (DJ):    0.000ns
    Phase Error              (PE):    0.000ns

    Location             Delay type                Incr(ns)  Path(ns)    Netlist Resource(s)
  -------------------------------------------------------------------    -------------------
                         (clock sys_clk_pin rise edge)
                                                      0.000     0.000 r  
    E3                                                0.000     0.000 r  CLK100MHZ (IN)
                         net (fo=0)                   0.000     0.000    CLK100MHZ
    E3                   IBUF (Prop_ibuf_I_O)         1.482     1.482 r  CLK100MHZ_IBUF_inst/O
                         net (fo=1, routed)           2.025     3.506    CLK100MHZ_IBUF
    BUFGCTRL_X0Y16       BUFG (Prop_bufg_I_O)         0.096     3.602 r  CLK100MHZ_IBUF_BUFG_inst/O
                         net (fo=278, routed)         1.710     5.312    CLK100MHZ_IBUF_BUFG
    SLICE_X1Y101         FDRE                                         r  rst_reg/C
  -------------------------------------------------------------------    -------------------
    SLICE_X1Y101         FDRE (Prop_fdre_C_Q)         0.456     5.768 f  rst_reg/Q
                         net (fo=157, routed)         3.788     9.556    db_r/SR[0]
    SLICE_X5Y124         FDPE                                         f  db_r/counter_r_reg[18]/PRE
  -------------------------------------------------------------------    -------------------

                         (clock sys_clk_pin rise edge)
                                                     10.000    10.000 r  
    E3                                                0.000    10.000 r  CLK100MHZ (IN)
                         net (fo=0)                   0.000    10.000    CLK100MHZ
    E3                   IBUF (Prop_ibuf_I_O)         1.411    11.411 r  CLK100MHZ_IBUF_inst/O
                         net (fo=1, routed)           1.920    13.331    CLK100MHZ_IBUF
    BUFGCTRL_X0Y16       BUFG (Prop_bufg_I_O)         0.091    13.422 r  CLK100MHZ_IBUF_BUFG_inst/O
                         net (fo=278, routed)         1.570    14.992    db_r/CLK100MHZ_IBUF_BUFG
    SLICE_X5Y124         FDPE                                         r  db_r/counter_r_reg[18]/C
                         clock pessimism              0.259    15.251    
                         clock uncertainty           -0.035    15.216    
    SLICE_X5Y124         FDPE (Recov_fdpe_C_PRE)     -0.359    14.857    db_r/counter_r_reg[18]
  -------------------------------------------------------------------
                         required time                         14.857    
                         arrival time                          -9.556    
  -------------------------------------------------------------------
                         slack                                  5.300    

Slack (MET) :             5.300ns  (required time - arrival time)
  Source:                 rst_reg/C
                            (rising edge-triggered cell FDRE clocked by sys_clk_pin  {rise@0.000ns fall@5.000ns period=10.000ns})
  Destination:            db_r/counter_r_reg[19]/PRE
                            (recovery check against rising-edge clock sys_clk_pin  {rise@0.000ns fall@5.000ns period=10.000ns})
  Path Group:             **async_default**
  Path Type:              Recovery (Max at Slow Process Corner)
  Requirement:            10.000ns  (sys_clk_pin rise@10.000ns - sys_clk_pin rise@0.000ns)
  Data Path Delay:        4.244ns  (logic 0.456ns (10.744%)  route 3.788ns (89.256%))
  Logic Levels:           0  
  Clock Path Skew:        -0.061ns (DCD - SCD + CPR)
    Destination Clock Delay (DCD):    4.992ns = ( 14.992 - 10.000 ) 
    Source Clock Delay      (SCD):    5.312ns
    Clock Pessimism Removal (CPR):    0.259ns
  Clock Uncertainty:      0.035ns  ((TSJ^2 + TIJ^2)^1/2 + DJ) / 2 + PE
    Total System Jitter     (TSJ):    0.071ns
    Total Input Jitter      (TIJ):    0.000ns
    Discrete Jitter          (DJ):    0.000ns
    Phase Error              (PE):    0.000ns

    Location             Delay type                Incr(ns)  Path(ns)    Netlist Resource(s)
  -------------------------------------------------------------------    -------------------
                         (clock sys_clk_pin rise edge)
                                                      0.000     0.000 r  
    E3                                                0.000     0.000 r  CLK100MHZ (IN)
                         net (fo=0)                   0.000     0.000    CLK100MHZ
    E3                   IBUF (Prop_ibuf_I_O)         1.482     1.482 r  CLK100MHZ_IBUF_inst/O
                         net (fo=1, routed)           2.025     3.506    CLK100MHZ_IBUF
    BUFGCTRL_X0Y16       BUFG (Prop_bufg_I_O)         0.096     3.602 r  CLK100MHZ_IBUF_BUFG_inst/O
                         net (fo=278, routed)         1.710     5.312    CLK100MHZ_IBUF_BUFG
    SLICE_X1Y101         FDRE                                         r  rst_reg/C
  -------------------------------------------------------------------    -------------------
    SLICE_X1Y101         FDRE (Prop_fdre_C_Q)         0.456     5.768 f  rst_reg/Q
                         net (fo=157, routed)         3.788     9.556    db_r/SR[0]
    SLICE_X5Y124         FDPE                                         f  db_r/counter_r_reg[19]/PRE
  -------------------------------------------------------------------    -------------------

                         (clock sys_clk_pin rise edge)
                                                     10.000    10.000 r  
    E3                                                0.000    10.000 r  CLK100MHZ (IN)
                         net (fo=0)                   0.000    10.000    CLK100MHZ
    E3                   IBUF (Prop_ibuf_I_O)         1.411    11.411 r  CLK100MHZ_IBUF_inst/O
                         net (fo=1, routed)           1.920    13.331    CLK100MHZ_IBUF
    BUFGCTRL_X0Y16       BUFG (Prop_bufg_I_O)         0.091    13.422 r  CLK100MHZ_IBUF_BUFG_inst/O
                         net (fo=278, routed)         1.570    14.992    db_r/CLK100MHZ_IBUF_BUFG
    SLICE_X5Y124         FDPE                                         r  db_r/counter_r_reg[19]/C
                         clock pessimism              0.259    15.251    
                         clock uncertainty           -0.035    15.216    
    SLICE_X5Y124         FDPE (Recov_fdpe_C_PRE)     -0.359    14.857    db_r/counter_r_reg[19]
  -------------------------------------------------------------------
                         required time                         14.857    
                         arrival time                          -9.556    
  -------------------------------------------------------------------
                         slack                                  5.300    

Slack (MET) :             5.395ns  (required time - arrival time)
  Source:                 rst_reg/C
                            (rising edge-triggered cell FDRE clocked by sys_clk_pin  {rise@0.000ns fall@5.000ns period=10.000ns})
  Destination:            db_r/counter_r_reg[15]/CLR
                            (recovery check against rising-edge clock sys_clk_pin  {rise@0.000ns fall@5.000ns period=10.000ns})
  Path Group:             **async_default**
  Path Type:              Recovery (Max at Slow Process Corner)
  Requirement:            10.000ns  (sys_clk_pin rise@10.000ns - sys_clk_pin rise@0.000ns)
  Data Path Delay:        4.106ns  (logic 0.456ns (11.106%)  route 3.650ns (88.894%))
  Logic Levels:           0  
  Clock Path Skew:        -0.059ns (DCD - SCD + CPR)
    Destination Clock Delay (DCD):    4.994ns = ( 14.994 - 10.000 ) 
    Source Clock Delay      (SCD):    5.312ns
    Clock Pessimism Removal (CPR):    0.259ns
  Clock Uncertainty:      0.035ns  ((TSJ^2 + TIJ^2)^1/2 + DJ) / 2 + PE
    Total System Jitter     (TSJ):    0.071ns
    Total Input Jitter      (TIJ):    0.000ns
    Discrete Jitter          (DJ):    0.000ns
    Phase Error              (PE):    0.000ns

    Location             Delay type                Incr(ns)  Path(ns)    Netlist Resource(s)
  -------------------------------------------------------------------    -------------------
                         (clock sys_clk_pin rise edge)
                                                      0.000     0.000 r  
    E3                                                0.000     0.000 r  CLK100MHZ (IN)
                         net (fo=0)                   0.000     0.000    CLK100MHZ
    E3                   IBUF (Prop_ibuf_I_O)         1.482     1.482 r  CLK100MHZ_IBUF_inst/O
                         net (fo=1, routed)           2.025     3.506    CLK100MHZ_IBUF
    BUFGCTRL_X0Y16       BUFG (Prop_bufg_I_O)         0.096     3.602 r  CLK100MHZ_IBUF_BUFG_inst/O
                         net (fo=278, routed)         1.710     5.312    CLK100MHZ_IBUF_BUFG
    SLICE_X1Y101         FDRE                                         r  rst_reg/C
  -------------------------------------------------------------------    -------------------
    SLICE_X1Y101         FDRE (Prop_fdre_C_Q)         0.456     5.768 f  rst_reg/Q
                         net (fo=157, routed)         3.650     9.418    db_r/SR[0]
    SLICE_X5Y123         FDCE                                         f  db_r/counter_r_reg[15]/CLR
  -------------------------------------------------------------------    -------------------

                         (clock sys_clk_pin rise edge)
                                                     10.000    10.000 r  
    E3                                                0.000    10.000 r  CLK100MHZ (IN)
                         net (fo=0)                   0.000    10.000    CLK100MHZ
    E3                   IBUF (Prop_ibuf_I_O)         1.411    11.411 r  CLK100MHZ_IBUF_inst/O
                         net (fo=1, routed)           1.920    13.331    CLK100MHZ_IBUF
    BUFGCTRL_X0Y16       BUFG (Prop_bufg_I_O)         0.091    13.422 r  CLK100MHZ_IBUF_BUFG_inst/O
                         net (fo=278, routed)         1.572    14.994    db_r/CLK100MHZ_IBUF_BUFG
    SLICE_X5Y123         FDCE                                         r  db_r/counter_r_reg[15]/C
                         clock pessimism              0.259    15.253    
                         clock uncertainty           -0.035    15.218    
    SLICE_X5Y123         FDCE (Recov_fdce_C_CLR)     -0.405    14.813    db_r/counter_r_reg[15]
  -------------------------------------------------------------------
                         required time                         14.813    
                         arrival time                          -9.418    
  -------------------------------------------------------------------
                         slack                                  5.395    

Slack (MET) :             5.441ns  (required time - arrival time)
  Source:                 rst_reg/C
                            (rising edge-triggered cell FDRE clocked by sys_clk_pin  {rise@0.000ns fall@5.000ns period=10.000ns})
  Destination:            db_r/counter_r_reg[14]/PRE
                            (recovery check against rising-edge clock sys_clk_pin  {rise@0.000ns fall@5.000ns period=10.000ns})
  Path Group:             **async_default**
  Path Type:              Recovery (Max at Slow Process Corner)
  Requirement:            10.000ns  (sys_clk_pin rise@10.000ns - sys_clk_pin rise@0.000ns)
  Data Path Delay:        4.106ns  (logic 0.456ns (11.106%)  route 3.650ns (88.894%))
  Logic Levels:           0  
  Clock Path Skew:        -0.059ns (DCD - SCD + CPR)
    Destination Clock Delay (DCD):    4.994ns = ( 14.994 - 10.000 ) 
    Source Clock Delay      (SCD):    5.312ns
    Clock Pessimism Removal (CPR):    0.259ns
  Clock Uncertainty:      0.035ns  ((TSJ^2 + TIJ^2)^1/2 + DJ) / 2 + PE
    Total System Jitter     (TSJ):    0.071ns
    Total Input Jitter      (TIJ):    0.000ns
    Discrete Jitter          (DJ):    0.000ns
    Phase Error              (PE):    0.000ns

    Location             Delay type                Incr(ns)  Path(ns)    Netlist Resource(s)
  -------------------------------------------------------------------    -------------------
                         (clock sys_clk_pin rise edge)
                                                      0.000     0.000 r  
    E3                                                0.000     0.000 r  CLK100MHZ (IN)
                         net (fo=0)                   0.000     0.000    CLK100MHZ
    E3                   IBUF (Prop_ibuf_I_O)         1.482     1.482 r  CLK100MHZ_IBUF_inst/O
                         net (fo=1, routed)           2.025     3.506    CLK100MHZ_IBUF
    BUFGCTRL_X0Y16       BUFG (Prop_bufg_I_O)         0.096     3.602 r  CLK100MHZ_IBUF_BUFG_inst/O
                         net (fo=278, routed)         1.710     5.312    CLK100MHZ_IBUF_BUFG
    SLICE_X1Y101         FDRE                                         r  rst_reg/C
  -------------------------------------------------------------------    -------------------
    SLICE_X1Y101         FDRE (Prop_fdre_C_Q)         0.456     5.768 f  rst_reg/Q
                         net (fo=157, routed)         3.650     9.418    db_r/SR[0]
    SLICE_X5Y123         FDPE                                         f  db_r/counter_r_reg[14]/PRE
  -------------------------------------------------------------------    -------------------

                         (clock sys_clk_pin rise edge)
                                                     10.000    10.000 r  
    E3                                                0.000    10.000 r  CLK100MHZ (IN)
                         net (fo=0)                   0.000    10.000    CLK100MHZ
    E3                   IBUF (Prop_ibuf_I_O)         1.411    11.411 r  CLK100MHZ_IBUF_inst/O
                         net (fo=1, routed)           1.920    13.331    CLK100MHZ_IBUF
    BUFGCTRL_X0Y16       BUFG (Prop_bufg_I_O)         0.091    13.422 r  CLK100MHZ_IBUF_BUFG_inst/O
                         net (fo=278, routed)         1.572    14.994    db_r/CLK100MHZ_IBUF_BUFG
    SLICE_X5Y123         FDPE                                         r  db_r/counter_r_reg[14]/C
                         clock pessimism              0.259    15.253    
                         clock uncertainty           -0.035    15.218    
    SLICE_X5Y123         FDPE (Recov_fdpe_C_PRE)     -0.359    14.859    db_r/counter_r_reg[14]
  -------------------------------------------------------------------
                         required time                         14.859    
                         arrival time                          -9.418    
  -------------------------------------------------------------------
                         slack                                  5.441    

Slack (MET) :             5.441ns  (required time - arrival time)
  Source:                 rst_reg/C
                            (rising edge-triggered cell FDRE clocked by sys_clk_pin  {rise@0.000ns fall@5.000ns period=10.000ns})
  Destination:            db_r/counter_r_reg[16]/PRE
                            (recovery check against rising-edge clock sys_clk_pin  {rise@0.000ns fall@5.000ns period=10.000ns})
  Path Group:             **async_default**
  Path Type:              Recovery (Max at Slow Process Corner)
  Requirement:            10.000ns  (sys_clk_pin rise@10.000ns - sys_clk_pin rise@0.000ns)
  Data Path Delay:        4.106ns  (logic 0.456ns (11.106%)  route 3.650ns (88.894%))
  Logic Levels:           0  
  Clock Path Skew:        -0.059ns (DCD - SCD + CPR)
    Destination Clock Delay (DCD):    4.994ns = ( 14.994 - 10.000 ) 
    Source Clock Delay      (SCD):    5.312ns
    Clock Pessimism Removal (CPR):    0.259ns
  Clock Uncertainty:      0.035ns  ((TSJ^2 + TIJ^2)^1/2 + DJ) / 2 + PE
    Total System Jitter     (TSJ):    0.071ns
    Total Input Jitter      (TIJ):    0.000ns
    Discrete Jitter          (DJ):    0.000ns
    Phase Error              (PE):    0.000ns

    Location             Delay type                Incr(ns)  Path(ns)    Netlist Resource(s)
  -------------------------------------------------------------------    -------------------
                         (clock sys_clk_pin rise edge)
                                                      0.000     0.000 r  
    E3                                                0.000     0.000 r  CLK100MHZ (IN)
                         net (fo=0)                   0.000     0.000    CLK100MHZ
    E3                   IBUF (Prop_ibuf_I_O)         1.482     1.482 r  CLK100MHZ_IBUF_inst/O
                         net (fo=1, routed)           2.025     3.506    CLK100MHZ_IBUF
    BUFGCTRL_X0Y16       BUFG (Prop_bufg_I_O)         0.096     3.602 r  CLK100MHZ_IBUF_BUFG_inst/O
                         net (fo=278, routed)         1.710     5.312    CLK100MHZ_IBUF_BUFG
    SLICE_X1Y101         FDRE                                         r  rst_reg/C
  -------------------------------------------------------------------    -------------------
    SLICE_X1Y101         FDRE (Prop_fdre_C_Q)         0.456     5.768 f  rst_reg/Q
                         net (fo=157, routed)         3.650     9.418    db_r/SR[0]
    SLICE_X5Y123         FDPE                                         f  db_r/counter_r_reg[16]/PRE
  -------------------------------------------------------------------    -------------------

                         (clock sys_clk_pin rise edge)
                                                     10.000    10.000 r  
    E3                                                0.000    10.000 r  CLK100MHZ (IN)
                         net (fo=0)                   0.000    10.000    CLK100MHZ
    E3                   IBUF (Prop_ibuf_I_O)         1.411    11.411 r  CLK100MHZ_IBUF_inst/O
                         net (fo=1, routed)           1.920    13.331    CLK100MHZ_IBUF
    BUFGCTRL_X0Y16       BUFG (Prop_bufg_I_O)         0.091    13.422 r  CLK100MHZ_IBUF_BUFG_inst/O
                         net (fo=278, routed)         1.572    14.994    db_r/CLK100MHZ_IBUF_BUFG
    SLICE_X5Y123         FDPE                                         r  db_r/counter_r_reg[16]/C
                         clock pessimism              0.259    15.253    
                         clock uncertainty           -0.035    15.218    
    SLICE_X5Y123         FDPE (Recov_fdpe_C_PRE)     -0.359    14.859    db_r/counter_r_reg[16]
  -------------------------------------------------------------------
                         required time                         14.859    
                         arrival time                          -9.418    
  -------------------------------------------------------------------
                         slack                                  5.441    

Slack (MET) :             5.544ns  (required time - arrival time)
  Source:                 rst_reg/C
                            (rising edge-triggered cell FDRE clocked by sys_clk_pin  {rise@0.000ns fall@5.000ns period=10.000ns})
  Destination:            db_r/counter_r_reg[10]/CLR
                            (recovery check against rising-edge clock sys_clk_pin  {rise@0.000ns fall@5.000ns period=10.000ns})
  Path Group:             **async_default**
  Path Type:              Recovery (Max at Slow Process Corner)
  Requirement:            10.000ns  (sys_clk_pin rise@10.000ns - sys_clk_pin rise@0.000ns)
  Data Path Delay:        3.957ns  (logic 0.456ns (11.523%)  route 3.501ns (88.477%))
  Logic Levels:           0  
  Clock Path Skew:        -0.058ns (DCD - SCD + CPR)
    Destination Clock Delay (DCD):    4.995ns = ( 14.995 - 10.000 ) 
    Source Clock Delay      (SCD):    5.312ns
    Clock Pessimism Removal (CPR):    0.259ns
  Clock Uncertainty:      0.035ns  ((TSJ^2 + TIJ^2)^1/2 + DJ) / 2 + PE
    Total System Jitter     (TSJ):    0.071ns
    Total Input Jitter      (TIJ):    0.000ns
    Discrete Jitter          (DJ):    0.000ns
    Phase Error              (PE):    0.000ns

    Location             Delay type                Incr(ns)  Path(ns)    Netlist Resource(s)
  -------------------------------------------------------------------    -------------------
                         (clock sys_clk_pin rise edge)
                                                      0.000     0.000 r  
    E3                                                0.000     0.000 r  CLK100MHZ (IN)
                         net (fo=0)                   0.000     0.000    CLK100MHZ
    E3                   IBUF (Prop_ibuf_I_O)         1.482     1.482 r  CLK100MHZ_IBUF_inst/O
                         net (fo=1, routed)           2.025     3.506    CLK100MHZ_IBUF
    BUFGCTRL_X0Y16       BUFG (Prop_bufg_I_O)         0.096     3.602 r  CLK100MHZ_IBUF_BUFG_inst/O
                         net (fo=278, routed)         1.710     5.312    CLK100MHZ_IBUF_BUFG
    SLICE_X1Y101         FDRE                                         r  rst_reg/C
  -------------------------------------------------------------------    -------------------
    SLICE_X1Y101         FDRE (Prop_fdre_C_Q)         0.456     5.768 f  rst_reg/Q
                         net (fo=157, routed)         3.501     9.270    db_r/SR[0]
    SLICE_X5Y122         FDCE                                         f  db_r/counter_r_reg[10]/CLR
  -------------------------------------------------------------------    -------------------

                         (clock sys_clk_pin rise edge)
                                                     10.000    10.000 r  
    E3                                                0.000    10.000 r  CLK100MHZ (IN)
                         net (fo=0)                   0.000    10.000    CLK100MHZ
    E3                   IBUF (Prop_ibuf_I_O)         1.411    11.411 r  CLK100MHZ_IBUF_inst/O
                         net (fo=1, routed)           1.920    13.331    CLK100MHZ_IBUF
    BUFGCTRL_X0Y16       BUFG (Prop_bufg_I_O)         0.091    13.422 r  CLK100MHZ_IBUF_BUFG_inst/O
                         net (fo=278, routed)         1.573    14.995    db_r/CLK100MHZ_IBUF_BUFG
    SLICE_X5Y122         FDCE                                         r  db_r/counter_r_reg[10]/C
                         clock pessimism              0.259    15.254    
                         clock uncertainty           -0.035    15.219    
    SLICE_X5Y122         FDCE (Recov_fdce_C_CLR)     -0.405    14.814    db_r/counter_r_reg[10]
  -------------------------------------------------------------------
                         required time                         14.814    
                         arrival time                          -9.270    
  -------------------------------------------------------------------
                         slack                                  5.544    

Slack (MET) :             5.590ns  (required time - arrival time)
  Source:                 rst_reg/C
                            (rising edge-triggered cell FDRE clocked by sys_clk_pin  {rise@0.000ns fall@5.000ns period=10.000ns})
  Destination:            db_r/counter_r_reg[9]/PRE
                            (recovery check against rising-edge clock sys_clk_pin  {rise@0.000ns fall@5.000ns period=10.000ns})
  Path Group:             **async_default**
  Path Type:              Recovery (Max at Slow Process Corner)
  Requirement:            10.000ns  (sys_clk_pin rise@10.000ns - sys_clk_pin rise@0.000ns)
  Data Path Delay:        3.957ns  (logic 0.456ns (11.523%)  route 3.501ns (88.477%))
  Logic Levels:           0  
  Clock Path Skew:        -0.058ns (DCD - SCD + CPR)
    Destination Clock Delay (DCD):    4.995ns = ( 14.995 - 10.000 ) 
    Source Clock Delay      (SCD):    5.312ns
    Clock Pessimism Removal (CPR):    0.259ns
  Clock Uncertainty:      0.035ns  ((TSJ^2 + TIJ^2)^1/2 + DJ) / 2 + PE
    Total System Jitter     (TSJ):    0.071ns
    Total Input Jitter      (TIJ):    0.000ns
    Discrete Jitter          (DJ):    0.000ns
    Phase Error              (PE):    0.000ns

    Location             Delay type                Incr(ns)  Path(ns)    Netlist Resource(s)
  -------------------------------------------------------------------    -------------------
                         (clock sys_clk_pin rise edge)
                                                      0.000     0.000 r  
    E3                                                0.000     0.000 r  CLK100MHZ (IN)
                         net (fo=0)                   0.000     0.000    CLK100MHZ
    E3                   IBUF (Prop_ibuf_I_O)         1.482     1.482 r  CLK100MHZ_IBUF_inst/O
                         net (fo=1, routed)           2.025     3.506    CLK100MHZ_IBUF
    BUFGCTRL_X0Y16       BUFG (Prop_bufg_I_O)         0.096     3.602 r  CLK100MHZ_IBUF_BUFG_inst/O
                         net (fo=278, routed)         1.710     5.312    CLK100MHZ_IBUF_BUFG
    SLICE_X1Y101         FDRE                                         r  rst_reg/C
  -------------------------------------------------------------------    -------------------
    SLICE_X1Y101         FDRE (Prop_fdre_C_Q)         0.456     5.768 f  rst_reg/Q
                         net (fo=157, routed)         3.501     9.270    db_r/SR[0]
    SLICE_X5Y122         FDPE                                         f  db_r/counter_r_reg[9]/PRE
  -------------------------------------------------------------------    -------------------

                         (clock sys_clk_pin rise edge)
                                                     10.000    10.000 r  
    E3                                                0.000    10.000 r  CLK100MHZ (IN)
                         net (fo=0)                   0.000    10.000    CLK100MHZ
    E3                   IBUF (Prop_ibuf_I_O)         1.411    11.411 r  CLK100MHZ_IBUF_inst/O
                         net (fo=1, routed)           1.920    13.331    CLK100MHZ_IBUF
    BUFGCTRL_X0Y16       BUFG (Prop_bufg_I_O)         0.091    13.422 r  CLK100MHZ_IBUF_BUFG_inst/O
                         net (fo=278, routed)         1.573    14.995    db_r/CLK100MHZ_IBUF_BUFG
    SLICE_X5Y122         FDPE                                         r  db_r/counter_r_reg[9]/C
                         clock pessimism              0.259    15.254    
                         clock uncertainty           -0.035    15.219    
    SLICE_X5Y122         FDPE (Recov_fdpe_C_PRE)     -0.359    14.860    db_r/counter_r_reg[9]
  -------------------------------------------------------------------
                         required time                         14.860    
                         arrival time                          -9.270    
  -------------------------------------------------------------------
                         slack                                  5.590    

Slack (MET) :             5.618ns  (required time - arrival time)
  Source:                 rst_reg/C
                            (rising edge-triggered cell FDRE clocked by sys_clk_pin  {rise@0.000ns fall@5.000ns period=10.000ns})
  Destination:            db_r/counter_r_reg[6]/PRE
                            (recovery check against rising-edge clock sys_clk_pin  {rise@0.000ns fall@5.000ns period=10.000ns})
  Path Group:             **async_default**
  Path Type:              Recovery (Max at Slow Process Corner)
  Requirement:            10.000ns  (sys_clk_pin rise@10.000ns - sys_clk_pin rise@0.000ns)
  Data Path Delay:        3.950ns  (logic 0.456ns (11.545%)  route 3.494ns (88.455%))
  Logic Levels:           0  
  Clock Path Skew:        -0.038ns (DCD - SCD + CPR)
    Destination Clock Delay (DCD):    4.999ns = ( 14.999 - 10.000 ) 
    Source Clock Delay      (SCD):    5.312ns
    Clock Pessimism Removal (CPR):    0.275ns
  Clock Uncertainty:      0.035ns  ((TSJ^2 + TIJ^2)^1/2 + DJ) / 2 + PE
    Total System Jitter     (TSJ):    0.071ns
    Total Input Jitter      (TIJ):    0.000ns
    Discrete Jitter          (DJ):    0.000ns
    Phase Error              (PE):    0.000ns

    Location             Delay type                Incr(ns)  Path(ns)    Netlist Resource(s)
  -------------------------------------------------------------------    -------------------
                         (clock sys_clk_pin rise edge)
                                                      0.000     0.000 r  
    E3                                                0.000     0.000 r  CLK100MHZ (IN)
                         net (fo=0)                   0.000     0.000    CLK100MHZ
    E3                   IBUF (Prop_ibuf_I_O)         1.482     1.482 r  CLK100MHZ_IBUF_inst/O
                         net (fo=1, routed)           2.025     3.506    CLK100MHZ_IBUF
    BUFGCTRL_X0Y16       BUFG (Prop_bufg_I_O)         0.096     3.602 r  CLK100MHZ_IBUF_BUFG_inst/O
                         net (fo=278, routed)         1.710     5.312    CLK100MHZ_IBUF_BUFG
    SLICE_X1Y101         FDRE                                         r  rst_reg/C
  -------------------------------------------------------------------    -------------------
    SLICE_X1Y101         FDRE (Prop_fdre_C_Q)         0.456     5.768 f  rst_reg/Q
                         net (fo=157, routed)         3.494     9.262    db_r/SR[0]
    SLICE_X3Y121         FDPE                                         f  db_r/counter_r_reg[6]/PRE
  -------------------------------------------------------------------    -------------------

                         (clock sys_clk_pin rise edge)
                                                     10.000    10.000 r  
    E3                                                0.000    10.000 r  CLK100MHZ (IN)
                         net (fo=0)                   0.000    10.000    CLK100MHZ
    E3                   IBUF (Prop_ibuf_I_O)         1.411    11.411 r  CLK100MHZ_IBUF_inst/O
                         net (fo=1, routed)           1.920    13.331    CLK100MHZ_IBUF
    BUFGCTRL_X0Y16       BUFG (Prop_bufg_I_O)         0.091    13.422 r  CLK100MHZ_IBUF_BUFG_inst/O
                         net (fo=278, routed)         1.577    14.999    db_r/CLK100MHZ_IBUF_BUFG
    SLICE_X3Y121         FDPE                                         r  db_r/counter_r_reg[6]/C
                         clock pessimism              0.275    15.274    
                         clock uncertainty           -0.035    15.239    
    SLICE_X3Y121         FDPE (Recov_fdpe_C_PRE)     -0.359    14.880    db_r/counter_r_reg[6]
  -------------------------------------------------------------------
                         required time                         14.880    
                         arrival time                          -9.262    
  -------------------------------------------------------------------
                         slack                                  5.618    





Min Delay Paths
--------------------------------------------------------------------------------------
Slack (MET) :             0.377ns  (arrival time - required time)
  Source:                 rst_reg/C
                            (rising edge-triggered cell FDRE clocked by sys_clk_pin  {rise@0.000ns fall@5.000ns period=10.000ns})
  Destination:            db_u/sync_in_reg/CLR
                            (removal check against rising-edge clock sys_clk_pin  {rise@0.000ns fall@5.000ns period=10.000ns})
  Path Group:             **async_default**
  Path Type:              Removal (Min at Fast Process Corner)
  Requirement:            0.000ns  (sys_clk_pin rise@0.000ns - sys_clk_pin rise@0.000ns)
  Data Path Delay:        0.301ns  (logic 0.141ns (46.906%)  route 0.160ns (53.094%))
  Logic Levels:           0  
  Clock Path Skew:        0.016ns (DCD - SCD - CPR)
    Destination Clock Delay (DCD):    2.037ns
    Source Clock Delay      (SCD):    1.518ns
    Clock Pessimism Removal (CPR):    0.502ns

    Location             Delay type                Incr(ns)  Path(ns)    Netlist Resource(s)
  -------------------------------------------------------------------    -------------------
                         (clock sys_clk_pin rise edge)
                                                      0.000     0.000 r  
    E3                                                0.000     0.000 r  CLK100MHZ (IN)
                         net (fo=0)                   0.000     0.000    CLK100MHZ
    E3                   IBUF (Prop_ibuf_I_O)         0.250     0.250 r  CLK100MHZ_IBUF_inst/O
                         net (fo=1, routed)           0.644     0.894    CLK100MHZ_IBUF
    BUFGCTRL_X0Y16       BUFG (Prop_bufg_I_O)         0.026     0.920 r  CLK100MHZ_IBUF_BUFG_inst/O
                         net (fo=278, routed)         0.599     1.518    CLK100MHZ_IBUF_BUFG
    SLICE_X1Y101         FDRE                                         r  rst_reg/C
  -------------------------------------------------------------------    -------------------
    SLICE_X1Y101         FDRE (Prop_fdre_C_Q)         0.141     1.659 f  rst_reg/Q
                         net (fo=157, routed)         0.160     1.819    db_u/SR[0]
    SLICE_X1Y102         FDCE                                         f  db_u/sync_in_reg/CLR
  -------------------------------------------------------------------    -------------------

                         (clock sys_clk_pin rise edge)
                                                      0.000     0.000 r  
    E3                                                0.000     0.000 r  CLK100MHZ (IN)
                         net (fo=0)                   0.000     0.000    CLK100MHZ
    E3                   IBUF (Prop_ibuf_I_O)         0.438     0.438 r  CLK100MHZ_IBUF_inst/O
                         net (fo=1, routed)           0.699     1.136    CLK100MHZ_IBUF
    BUFGCTRL_X0Y16       BUFG (Prop_bufg_I_O)         0.029     1.165 r  CLK100MHZ_IBUF_BUFG_inst/O
                         net (fo=278, routed)         0.872     2.037    db_u/CLK100MHZ_IBUF_BUFG
    SLICE_X1Y102         FDCE                                         r  db_u/sync_in_reg/C
                         clock pessimism             -0.502     1.534    
    SLICE_X1Y102         FDCE (Remov_fdce_C_CLR)     -0.092     1.442    db_u/sync_in_reg
  -------------------------------------------------------------------
                         required time                         -1.442    
                         arrival time                           1.819    
  -------------------------------------------------------------------
                         slack                                  0.377    

Slack (MET) :             0.377ns  (arrival time - required time)
  Source:                 rst_reg/C
                            (rising edge-triggered cell FDRE clocked by sys_clk_pin  {rise@0.000ns fall@5.000ns period=10.000ns})
  Destination:            db_u/sync_meta_reg/CLR
                            (removal check against rising-edge clock sys_clk_pin  {rise@0.000ns fall@5.000ns period=10.000ns})
  Path Group:             **async_default**
  Path Type:              Removal (Min at Fast Process Corner)
  Requirement:            0.000ns  (sys_clk_pin rise@0.000ns - sys_clk_pin rise@0.000ns)
  Data Path Delay:        0.301ns  (logic 0.141ns (46.906%)  route 0.160ns (53.094%))
  Logic Levels:           0  
  Clock Path Skew:        0.016ns (DCD - SCD - CPR)
    Destination Clock Delay (DCD):    2.037ns
    Source Clock Delay      (SCD):    1.518ns
    Clock Pessimism Removal (CPR):    0.502ns

    Location             Delay type                Incr(ns)  Path(ns)    Netlist Resource(s)
  -------------------------------------------------------------------    -------------------
                         (clock sys_clk_pin rise edge)
                                                      0.000     0.000 r  
    E3                                                0.000     0.000 r  CLK100MHZ (IN)
                         net (fo=0)                   0.000     0.000    CLK100MHZ
    E3                   IBUF (Prop_ibuf_I_O)         0.250     0.250 r  CLK100MHZ_IBUF_inst/O
                         net (fo=1, routed)           0.644     0.894    CLK100MHZ_IBUF
    BUFGCTRL_X0Y16       BUFG (Prop_bufg_I_O)         0.026     0.920 r  CLK100MHZ_IBUF_BUFG_inst/O
                         net (fo=278, routed)         0.599     1.518    CLK100MHZ_IBUF_BUFG
    SLICE_X1Y101         FDRE                                         r  rst_reg/C
  -------------------------------------------------------------------    -------------------
    SLICE_X1Y101         FDRE (Prop_fdre_C_Q)         0.141     1.659 f  rst_reg/Q
                         net (fo=157, routed)         0.160     1.819    db_u/SR[0]
    SLICE_X1Y102         FDCE                                         f  db_u/sync_meta_reg/CLR
  -------------------------------------------------------------------    -------------------

                         (clock sys_clk_pin rise edge)
                                                      0.000     0.000 r  
    E3                                                0.000     0.000 r  CLK100MHZ (IN)
                         net (fo=0)                   0.000     0.000    CLK100MHZ
    E3                   IBUF (Prop_ibuf_I_O)         0.438     0.438 r  CLK100MHZ_IBUF_inst/O
                         net (fo=1, routed)           0.699     1.136    CLK100MHZ_IBUF
    BUFGCTRL_X0Y16       BUFG (Prop_bufg_I_O)         0.029     1.165 r  CLK100MHZ_IBUF_BUFG_inst/O
                         net (fo=278, routed)         0.872     2.037    db_u/CLK100MHZ_IBUF_BUFG
    SLICE_X1Y102         FDCE                                         r  db_u/sync_meta_reg/C
                         clock pessimism             -0.502     1.534    
    SLICE_X1Y102         FDCE (Remov_fdce_C_CLR)     -0.092     1.442    db_u/sync_meta_reg
  -------------------------------------------------------------------
                         required time                         -1.442    
                         arrival time                           1.819    
  -------------------------------------------------------------------
                         slack                                  0.377    

Slack (MET) :             0.542ns  (arrival time - required time)
  Source:                 rst_reg/C
                            (rising edge-triggered cell FDRE clocked by sys_clk_pin  {rise@0.000ns fall@5.000ns period=10.000ns})
  Destination:            db_d/counter_r_reg[0]/CLR
                            (removal check against rising-edge clock sys_clk_pin  {rise@0.000ns fall@5.000ns period=10.000ns})
  Path Group:             **async_default**
  Path Type:              Removal (Min at Fast Process Corner)
  Requirement:            0.000ns  (sys_clk_pin rise@0.000ns - sys_clk_pin rise@0.000ns)
  Data Path Delay:        0.489ns  (logic 0.141ns (28.850%)  route 0.348ns (71.149%))
  Logic Levels:           0  
  Clock Path Skew:        0.014ns (DCD - SCD - CPR)
    Destination Clock Delay (DCD):    2.035ns
    Source Clock Delay      (SCD):    1.518ns
    Clock Pessimism Removal (CPR):    0.502ns

    Location             Delay type                Incr(ns)  Path(ns)    Netlist Resource(s)
  -------------------------------------------------------------------    -------------------
                         (clock sys_clk_pin rise edge)
                                                      0.000     0.000 r  
    E3                                                0.000     0.000 r  CLK100MHZ (IN)
                         net (fo=0)                   0.000     0.000    CLK100MHZ
    E3                   IBUF (Prop_ibuf_I_O)         0.250     0.250 r  CLK100MHZ_IBUF_inst/O
                         net (fo=1, routed)           0.644     0.894    CLK100MHZ_IBUF
    BUFGCTRL_X0Y16       BUFG (Prop_bufg_I_O)         0.026     0.920 r  CLK100MHZ_IBUF_BUFG_inst/O
                         net (fo=278, routed)         0.599     1.518    CLK100MHZ_IBUF_BUFG
    SLICE_X1Y101         FDRE                                         r  rst_reg/C
  -------------------------------------------------------------------    -------------------
    SLICE_X1Y101         FDRE (Prop_fdre_C_Q)         0.141     1.659 f  rst_reg/Q
                         net (fo=157, routed)         0.348     2.007    db_d/SR[0]
    SLICE_X2Y109         FDCE                                         f  db_d/counter_r_reg[0]/CLR
  -------------------------------------------------------------------    -------------------

                         (clock sys_clk_pin rise edge)
                                                      0.000     0.000 r  
    E3                                                0.000     0.000 r  CLK100MHZ (IN)
                         net (fo=0)                   0.000     0.000    CLK100MHZ
    E3                   IBUF (Prop_ibuf_I_O)         0.438     0.438 r  CLK100MHZ_IBUF_inst/O
                         net (fo=1, routed)           0.699     1.136    CLK100MHZ_IBUF
    BUFGCTRL_X0Y16       BUFG (Prop_bufg_I_O)         0.029     1.165 r  CLK100MHZ_IBUF_BUFG_inst/O
                         net (fo=278, routed)         0.870     2.035    db_d/CLK100MHZ_IBUF_BUFG
    SLICE_X2Y109         FDCE                                         r  db_d/counter_r_reg[0]/C
                         clock pessimism             -0.502     1.532    
    SLICE_X2Y109         FDCE (Remov_fdce_C_CLR)     -0.067     1.465    db_d/counter_r_reg[0]
  -------------------------------------------------------------------
                         required time                         -1.465    
                         arrival time                           2.007    
  -------------------------------------------------------------------
                         slack                                  0.542    

Slack (MET) :             0.542ns  (arrival time - required time)
  Source:                 rst_reg/C
                            (rising edge-triggered cell FDRE clocked by sys_clk_pin  {rise@0.000ns fall@5.000ns period=10.000ns})
  Destination:            db_d/counter_r_reg[4]/CLR
                            (removal check against rising-edge clock sys_clk_pin  {rise@0.000ns fall@5.000ns period=10.000ns})
  Path Group:             **async_default**
  Path Type:              Removal (Min at Fast Process Corner)
  Requirement:            0.000ns  (sys_clk_pin rise@0.000ns - sys_clk_pin rise@0.000ns)
  Data Path Delay:        0.489ns  (logic 0.141ns (28.850%)  route 0.348ns (71.149%))
  Logic Levels:           0  
  Clock Path Skew:        0.014ns (DCD - SCD - CPR)
    Destination Clock Delay (DCD):    2.035ns
    Source Clock Delay      (SCD):    1.518ns
    Clock Pessimism Removal (CPR):    0.502ns

    Location             Delay type                Incr(ns)  Path(ns)    Netlist Resource(s)
  -------------------------------------------------------------------    -------------------
                         (clock sys_clk_pin rise edge)
                                                      0.000     0.000 r  
    E3                                                0.000     0.000 r  CLK100MHZ (IN)
                         net (fo=0)                   0.000     0.000    CLK100MHZ
    E3                   IBUF (Prop_ibuf_I_O)         0.250     0.250 r  CLK100MHZ_IBUF_inst/O
                         net (fo=1, routed)           0.644     0.894    CLK100MHZ_IBUF
    BUFGCTRL_X0Y16       BUFG (Prop_bufg_I_O)         0.026     0.920 r  CLK100MHZ_IBUF_BUFG_inst/O
                         net (fo=278, routed)         0.599     1.518    CLK100MHZ_IBUF_BUFG
    SLICE_X1Y101         FDRE                                         r  rst_reg/C
  -------------------------------------------------------------------    -------------------
    SLICE_X1Y101         FDRE (Prop_fdre_C_Q)         0.141     1.659 f  rst_reg/Q
                         net (fo=157, routed)         0.348     2.007    db_d/SR[0]
    SLICE_X2Y109         FDCE                                         f  db_d/counter_r_reg[4]/CLR
  -------------------------------------------------------------------    -------------------

                         (clock sys_clk_pin rise edge)
                                                      0.000     0.000 r  
    E3                                                0.000     0.000 r  CLK100MHZ (IN)
                         net (fo=0)                   0.000     0.000    CLK100MHZ
    E3                   IBUF (Prop_ibuf_I_O)         0.438     0.438 r  CLK100MHZ_IBUF_inst/O
                         net (fo=1, routed)           0.699     1.136    CLK100MHZ_IBUF
    BUFGCTRL_X0Y16       BUFG (Prop_bufg_I_O)         0.029     1.165 r  CLK100MHZ_IBUF_BUFG_inst/O
                         net (fo=278, routed)         0.870     2.035    db_d/CLK100MHZ_IBUF_BUFG
    SLICE_X2Y109         FDCE                                         r  db_d/counter_r_reg[4]/C
                         clock pessimism             -0.502     1.532    
    SLICE_X2Y109         FDCE (Remov_fdce_C_CLR)     -0.067     1.465    db_d/counter_r_reg[4]
  -------------------------------------------------------------------
                         required time                         -1.465    
                         arrival time                           2.007    
  -------------------------------------------------------------------
                         slack                                  0.542    

Slack (MET) :             0.542ns  (arrival time - required time)
  Source:                 rst_reg/C
                            (rising edge-triggered cell FDRE clocked by sys_clk_pin  {rise@0.000ns fall@5.000ns period=10.000ns})
  Destination:            db_d/o_debounced_reg/CLR
                            (removal check against rising-edge clock sys_clk_pin  {rise@0.000ns fall@5.000ns period=10.000ns})
  Path Group:             **async_default**
  Path Type:              Removal (Min at Fast Process Corner)
  Requirement:            0.000ns  (sys_clk_pin rise@0.000ns - sys_clk_pin rise@0.000ns)
  Data Path Delay:        0.489ns  (logic 0.141ns (28.850%)  route 0.348ns (71.149%))
  Logic Levels:           0  
  Clock Path Skew:        0.014ns (DCD - SCD - CPR)
    Destination Clock Delay (DCD):    2.035ns
    Source Clock Delay      (SCD):    1.518ns
    Clock Pessimism Removal (CPR):    0.502ns

    Location             Delay type                Incr(ns)  Path(ns)    Netlist Resource(s)
  -------------------------------------------------------------------    -------------------
                         (clock sys_clk_pin rise edge)
                                                      0.000     0.000 r  
    E3                                                0.000     0.000 r  CLK100MHZ (IN)
                         net (fo=0)                   0.000     0.000    CLK100MHZ
    E3                   IBUF (Prop_ibuf_I_O)         0.250     0.250 r  CLK100MHZ_IBUF_inst/O
                         net (fo=1, routed)           0.644     0.894    CLK100MHZ_IBUF
    BUFGCTRL_X0Y16       BUFG (Prop_bufg_I_O)         0.026     0.920 r  CLK100MHZ_IBUF_BUFG_inst/O
                         net (fo=278, routed)         0.599     1.518    CLK100MHZ_IBUF_BUFG
    SLICE_X1Y101         FDRE                                         r  rst_reg/C
  -------------------------------------------------------------------    -------------------
    SLICE_X1Y101         FDRE (Prop_fdre_C_Q)         0.141     1.659 f  rst_reg/Q
                         net (fo=157, routed)         0.348     2.007    db_d/SR[0]
    SLICE_X2Y109         FDCE                                         f  db_d/o_debounced_reg/CLR
  -------------------------------------------------------------------    -------------------

                         (clock sys_clk_pin rise edge)
                                                      0.000     0.000 r  
    E3                                                0.000     0.000 r  CLK100MHZ (IN)
                         net (fo=0)                   0.000     0.000    CLK100MHZ
    E3                   IBUF (Prop_ibuf_I_O)         0.438     0.438 r  CLK100MHZ_IBUF_inst/O
                         net (fo=1, routed)           0.699     1.136    CLK100MHZ_IBUF
    BUFGCTRL_X0Y16       BUFG (Prop_bufg_I_O)         0.029     1.165 r  CLK100MHZ_IBUF_BUFG_inst/O
                         net (fo=278, routed)         0.870     2.035    db_d/CLK100MHZ_IBUF_BUFG
    SLICE_X2Y109         FDCE                                         r  db_d/o_debounced_reg/C
                         clock pessimism             -0.502     1.532    
    SLICE_X2Y109         FDCE (Remov_fdce_C_CLR)     -0.067     1.465    db_d/o_debounced_reg
  -------------------------------------------------------------------
                         required time                         -1.465    
                         arrival time                           2.007    
  -------------------------------------------------------------------
                         slack                                  0.542    

Slack (MET) :             0.548ns  (arrival time - required time)
  Source:                 rst_reg/C
                            (rising edge-triggered cell FDRE clocked by sys_clk_pin  {rise@0.000ns fall@5.000ns period=10.000ns})
  Destination:            db_d/counter_r_reg[10]/CLR
                            (removal check against rising-edge clock sys_clk_pin  {rise@0.000ns fall@5.000ns period=10.000ns})
  Path Group:             **async_default**
  Path Type:              Removal (Min at Fast Process Corner)
  Requirement:            0.000ns  (sys_clk_pin rise@0.000ns - sys_clk_pin rise@0.000ns)
  Data Path Delay:        0.487ns  (logic 0.141ns (28.970%)  route 0.346ns (71.030%))
  Logic Levels:           0  
  Clock Path Skew:        0.031ns (DCD - SCD - CPR)
    Destination Clock Delay (DCD):    2.029ns
    Source Clock Delay      (SCD):    1.518ns
    Clock Pessimism Removal (CPR):    0.479ns

    Location             Delay type                Incr(ns)  Path(ns)    Netlist Resource(s)
  -------------------------------------------------------------------    -------------------
                         (clock sys_clk_pin rise edge)
                                                      0.000     0.000 r  
    E3                                                0.000     0.000 r  CLK100MHZ (IN)
                         net (fo=0)                   0.000     0.000    CLK100MHZ
    E3                   IBUF (Prop_ibuf_I_O)         0.250     0.250 r  CLK100MHZ_IBUF_inst/O
                         net (fo=1, routed)           0.644     0.894    CLK100MHZ_IBUF
    BUFGCTRL_X0Y16       BUFG (Prop_bufg_I_O)         0.026     0.920 r  CLK100MHZ_IBUF_BUFG_inst/O
                         net (fo=278, routed)         0.599     1.518    CLK100MHZ_IBUF_BUFG
    SLICE_X1Y101         FDRE                                         r  rst_reg/C
  -------------------------------------------------------------------    -------------------
    SLICE_X1Y101         FDRE (Prop_fdre_C_Q)         0.141     1.659 f  rst_reg/Q
                         net (fo=157, routed)         0.346     2.005    db_d/SR[0]
    SLICE_X4Y112         FDCE                                         f  db_d/counter_r_reg[10]/CLR
  -------------------------------------------------------------------    -------------------

                         (clock sys_clk_pin rise edge)
                                                      0.000     0.000 r  
    E3                                                0.000     0.000 r  CLK100MHZ (IN)
                         net (fo=0)                   0.000     0.000    CLK100MHZ
    E3                   IBUF (Prop_ibuf_I_O)         0.438     0.438 r  CLK100MHZ_IBUF_inst/O
                         net (fo=1, routed)           0.699     1.136    CLK100MHZ_IBUF
    BUFGCTRL_X0Y16       BUFG (Prop_bufg_I_O)         0.029     1.165 r  CLK100MHZ_IBUF_BUFG_inst/O
                         net (fo=278, routed)         0.863     2.029    db_d/CLK100MHZ_IBUF_BUFG
    SLICE_X4Y112         FDCE                                         r  db_d/counter_r_reg[10]/C
                         clock pessimism             -0.479     1.549    
    SLICE_X4Y112         FDCE (Remov_fdce_C_CLR)     -0.092     1.457    db_d/counter_r_reg[10]
  -------------------------------------------------------------------
                         required time                         -1.457    
                         arrival time                           2.005    
  -------------------------------------------------------------------
                         slack                                  0.548    

Slack (MET) :             0.548ns  (arrival time - required time)
  Source:                 rst_reg/C
                            (rising edge-triggered cell FDRE clocked by sys_clk_pin  {rise@0.000ns fall@5.000ns period=10.000ns})
  Destination:            db_d/counter_r_reg[11]/CLR
                            (removal check against rising-edge clock sys_clk_pin  {rise@0.000ns fall@5.000ns period=10.000ns})
  Path Group:             **async_default**
  Path Type:              Removal (Min at Fast Process Corner)
  Requirement:            0.000ns  (sys_clk_pin rise@0.000ns - sys_clk_pin rise@0.000ns)
  Data Path Delay:        0.487ns  (logic 0.141ns (28.970%)  route 0.346ns (71.030%))
  Logic Levels:           0  
  Clock Path Skew:        0.031ns (DCD - SCD - CPR)
    Destination Clock Delay (DCD):    2.029ns
    Source Clock Delay      (SCD):    1.518ns
    Clock Pessimism Removal (CPR):    0.479ns

    Location             Delay type                Incr(ns)  Path(ns)    Netlist Resource(s)
  -------------------------------------------------------------------    -------------------
                         (clock sys_clk_pin rise edge)
                                                      0.000     0.000 r  
    E3                                                0.000     0.000 r  CLK100MHZ (IN)
                         net (fo=0)                   0.000     0.000    CLK100MHZ
    E3                   IBUF (Prop_ibuf_I_O)         0.250     0.250 r  CLK100MHZ_IBUF_inst/O
                         net (fo=1, routed)           0.644     0.894    CLK100MHZ_IBUF
    BUFGCTRL_X0Y16       BUFG (Prop_bufg_I_O)         0.026     0.920 r  CLK100MHZ_IBUF_BUFG_inst/O
                         net (fo=278, routed)         0.599     1.518    CLK100MHZ_IBUF_BUFG
    SLICE_X1Y101         FDRE                                         r  rst_reg/C
  -------------------------------------------------------------------    -------------------
    SLICE_X1Y101         FDRE (Prop_fdre_C_Q)         0.141     1.659 f  rst_reg/Q
                         net (fo=157, routed)         0.346     2.005    db_d/SR[0]
    SLICE_X4Y112         FDCE                                         f  db_d/counter_r_reg[11]/CLR
  -------------------------------------------------------------------    -------------------

                         (clock sys_clk_pin rise edge)
                                                      0.000     0.000 r  
    E3                                                0.000     0.000 r  CLK100MHZ (IN)
                         net (fo=0)                   0.000     0.000    CLK100MHZ
    E3                   IBUF (Prop_ibuf_I_O)         0.438     0.438 r  CLK100MHZ_IBUF_inst/O
                         net (fo=1, routed)           0.699     1.136    CLK100MHZ_IBUF
    BUFGCTRL_X0Y16       BUFG (Prop_bufg_I_O)         0.029     1.165 r  CLK100MHZ_IBUF_BUFG_inst/O
                         net (fo=278, routed)         0.863     2.029    db_d/CLK100MHZ_IBUF_BUFG
    SLICE_X4Y112         FDCE                                         r  db_d/counter_r_reg[11]/C
                         clock pessimism             -0.479     1.549    
    SLICE_X4Y112         FDCE (Remov_fdce_C_CLR)     -0.092     1.457    db_d/counter_r_reg[11]
  -------------------------------------------------------------------
                         required time                         -1.457    
                         arrival time                           2.005    
  -------------------------------------------------------------------
                         slack                                  0.548    

Slack (MET) :             0.548ns  (arrival time - required time)
  Source:                 rst_reg/C
                            (rising edge-triggered cell FDRE clocked by sys_clk_pin  {rise@0.000ns fall@5.000ns period=10.000ns})
  Destination:            db_d/counter_r_reg[12]/CLR
                            (removal check against rising-edge clock sys_clk_pin  {rise@0.000ns fall@5.000ns period=10.000ns})
  Path Group:             **async_default**
  Path Type:              Removal (Min at Fast Process Corner)
  Requirement:            0.000ns  (sys_clk_pin rise@0.000ns - sys_clk_pin rise@0.000ns)
  Data Path Delay:        0.487ns  (logic 0.141ns (28.970%)  route 0.346ns (71.030%))
  Logic Levels:           0  
  Clock Path Skew:        0.031ns (DCD - SCD - CPR)
    Destination Clock Delay (DCD):    2.029ns
    Source Clock Delay      (SCD):    1.518ns
    Clock Pessimism Removal (CPR):    0.479ns

    Location             Delay type                Incr(ns)  Path(ns)    Netlist Resource(s)
  -------------------------------------------------------------------    -------------------
                         (clock sys_clk_pin rise edge)
                                                      0.000     0.000 r  
    E3                                                0.000     0.000 r  CLK100MHZ (IN)
                         net (fo=0)                   0.000     0.000    CLK100MHZ
    E3                   IBUF (Prop_ibuf_I_O)         0.250     0.250 r  CLK100MHZ_IBUF_inst/O
                         net (fo=1, routed)           0.644     0.894    CLK100MHZ_IBUF
    BUFGCTRL_X0Y16       BUFG (Prop_bufg_I_O)         0.026     0.920 r  CLK100MHZ_IBUF_BUFG_inst/O
                         net (fo=278, routed)         0.599     1.518    CLK100MHZ_IBUF_BUFG
    SLICE_X1Y101         FDRE                                         r  rst_reg/C
  -------------------------------------------------------------------    -------------------
    SLICE_X1Y101         FDRE (Prop_fdre_C_Q)         0.141     1.659 f  rst_reg/Q
                         net (fo=157, routed)         0.346     2.005    db_d/SR[0]
    SLICE_X4Y112         FDCE                                         f  db_d/counter_r_reg[12]/CLR
  -------------------------------------------------------------------    -------------------

                         (clock sys_clk_pin rise edge)
                                                      0.000     0.000 r  
    E3                                                0.000     0.000 r  CLK100MHZ (IN)
                         net (fo=0)                   0.000     0.000    CLK100MHZ
    E3                   IBUF (Prop_ibuf_I_O)         0.438     0.438 r  CLK100MHZ_IBUF_inst/O
                         net (fo=1, routed)           0.699     1.136    CLK100MHZ_IBUF
    BUFGCTRL_X0Y16       BUFG (Prop_bufg_I_O)         0.029     1.165 r  CLK100MHZ_IBUF_BUFG_inst/O
                         net (fo=278, routed)         0.863     2.029    db_d/CLK100MHZ_IBUF_BUFG
    SLICE_X4Y112         FDCE                                         r  db_d/counter_r_reg[12]/C
                         clock pessimism             -0.479     1.549    
    SLICE_X4Y112         FDCE (Remov_fdce_C_CLR)     -0.092     1.457    db_d/counter_r_reg[12]
  -------------------------------------------------------------------
                         required time                         -1.457    
                         arrival time                           2.005    
  -------------------------------------------------------------------
                         slack                                  0.548    

Slack (MET) :             0.600ns  (arrival time - required time)
  Source:                 rst_reg/C
                            (rising edge-triggered cell FDRE clocked by sys_clk_pin  {rise@0.000ns fall@5.000ns period=10.000ns})
  Destination:            db_d/o_pos_reg/CLR
                            (removal check against rising-edge clock sys_clk_pin  {rise@0.000ns fall@5.000ns period=10.000ns})
  Path Group:             **async_default**
  Path Type:              Removal (Min at Fast Process Corner)
  Requirement:            0.000ns  (sys_clk_pin rise@0.000ns - sys_clk_pin rise@0.000ns)
  Data Path Delay:        0.541ns  (logic 0.141ns (26.057%)  route 0.400ns (73.943%))
  Logic Levels:           0  
  Clock Path Skew:        0.033ns (DCD - SCD - CPR)
    Destination Clock Delay (DCD):    2.031ns
    Source Clock Delay      (SCD):    1.518ns
    Clock Pessimism Removal (CPR):    0.479ns

    Location             Delay type                Incr(ns)  Path(ns)    Netlist Resource(s)
  -------------------------------------------------------------------    -------------------
                         (clock sys_clk_pin rise edge)
                                                      0.000     0.000 r  
    E3                                                0.000     0.000 r  CLK100MHZ (IN)
                         net (fo=0)                   0.000     0.000    CLK100MHZ
    E3                   IBUF (Prop_ibuf_I_O)         0.250     0.250 r  CLK100MHZ_IBUF_inst/O
                         net (fo=1, routed)           0.644     0.894    CLK100MHZ_IBUF
    BUFGCTRL_X0Y16       BUFG (Prop_bufg_I_O)         0.026     0.920 r  CLK100MHZ_IBUF_BUFG_inst/O
                         net (fo=278, routed)         0.599     1.518    CLK100MHZ_IBUF_BUFG
    SLICE_X1Y101         FDRE                                         r  rst_reg/C
  -------------------------------------------------------------------    -------------------
    SLICE_X1Y101         FDRE (Prop_fdre_C_Q)         0.141     1.659 f  rst_reg/Q
                         net (fo=157, routed)         0.400     2.060    db_d/SR[0]
    SLICE_X4Y111         FDCE                                         f  db_d/o_pos_reg/CLR
  -------------------------------------------------------------------    -------------------

                         (clock sys_clk_pin rise edge)
                                                      0.000     0.000 r  
    E3                                                0.000     0.000 r  CLK100MHZ (IN)
                         net (fo=0)                   0.000     0.000    CLK100MHZ
    E3                   IBUF (Prop_ibuf_I_O)         0.438     0.438 r  CLK100MHZ_IBUF_inst/O
                         net (fo=1, routed)           0.699     1.136    CLK100MHZ_IBUF
    BUFGCTRL_X0Y16       BUFG (Prop_bufg_I_O)         0.029     1.165 r  CLK100MHZ_IBUF_BUFG_inst/O
                         net (fo=278, routed)         0.866     2.031    db_d/CLK100MHZ_IBUF_BUFG
    SLICE_X4Y111         FDCE                                         r  db_d/o_pos_reg/C
                         clock pessimism             -0.479     1.551    
    SLICE_X4Y111         FDCE (Remov_fdce_C_CLR)     -0.092     1.459    db_d/o_pos_reg
  -------------------------------------------------------------------
                         required time                         -1.459    
                         arrival time                           2.060    
  -------------------------------------------------------------------
                         slack                                  0.600    

Slack (MET) :             0.603ns  (arrival time - required time)
  Source:                 rst_reg/C
                            (rising edge-triggered cell FDRE clocked by sys_clk_pin  {rise@0.000ns fall@5.000ns period=10.000ns})
  Destination:            db_d/counter_r_reg[9]/PRE
                            (removal check against rising-edge clock sys_clk_pin  {rise@0.000ns fall@5.000ns period=10.000ns})
  Path Group:             **async_default**
  Path Type:              Removal (Min at Fast Process Corner)
  Requirement:            0.000ns  (sys_clk_pin rise@0.000ns - sys_clk_pin rise@0.000ns)
  Data Path Delay:        0.541ns  (logic 0.141ns (26.057%)  route 0.400ns (73.943%))
  Logic Levels:           0  
  Clock Path Skew:        0.033ns (DCD - SCD - CPR)
    Destination Clock Delay (DCD):    2.031ns
    Source Clock Delay      (SCD):    1.518ns
    Clock Pessimism Removal (CPR):    0.479ns

    Location             Delay type                Incr(ns)  Path(ns)    Netlist Resource(s)
  -------------------------------------------------------------------    -------------------
                         (clock sys_clk_pin rise edge)
                                                      0.000     0.000 r  
    E3                                                0.000     0.000 r  CLK100MHZ (IN)
                         net (fo=0)                   0.000     0.000    CLK100MHZ
    E3                   IBUF (Prop_ibuf_I_O)         0.250     0.250 r  CLK100MHZ_IBUF_inst/O
                         net (fo=1, routed)           0.644     0.894    CLK100MHZ_IBUF
    BUFGCTRL_X0Y16       BUFG (Prop_bufg_I_O)         0.026     0.920 r  CLK100MHZ_IBUF_BUFG_inst/O
                         net (fo=278, routed)         0.599     1.518    CLK100MHZ_IBUF_BUFG
    SLICE_X1Y101         FDRE                                         r  rst_reg/C
  -------------------------------------------------------------------    -------------------
    SLICE_X1Y101         FDRE (Prop_fdre_C_Q)         0.141     1.659 f  rst_reg/Q
                         net (fo=157, routed)         0.400     2.060    db_d/SR[0]
    SLICE_X4Y111         FDPE                                         f  db_d/counter_r_reg[9]/PRE
  -------------------------------------------------------------------    -------------------

                         (clock sys_clk_pin rise edge)
                                                      0.000     0.000 r  
    E3                                                0.000     0.000 r  CLK100MHZ (IN)
                         net (fo=0)                   0.000     0.000    CLK100MHZ
    E3                   IBUF (Prop_ibuf_I_O)         0.438     0.438 r  CLK100MHZ_IBUF_inst/O
                         net (fo=1, routed)           0.699     1.136    CLK100MHZ_IBUF
    BUFGCTRL_X0Y16       BUFG (Prop_bufg_I_O)         0.029     1.165 r  CLK100MHZ_IBUF_BUFG_inst/O
                         net (fo=278, routed)         0.866     2.031    db_d/CLK100MHZ_IBUF_BUFG
    SLICE_X4Y111         FDPE                                         r  db_d/counter_r_reg[9]/C
                         clock pessimism             -0.479     1.551    
    SLICE_X4Y111         FDPE (Remov_fdpe_C_PRE)     -0.095     1.456    db_d/counter_r_reg[9]
  -------------------------------------------------------------------
                         required time                         -1.456    
                         arrival time                           2.060    
  -------------------------------------------------------------------
                         slack                                  0.603    





--------------------------------------------------------------------------------------
Path Group:  (none)
From Clock:  sys_clk_pin
  To Clock:  

Max Delay            27 Endpoints
Min Delay            27 Endpoints
--------------------------------------------------------------------------------------


Max Delay Paths
--------------------------------------------------------------------------------------
Slack:                    inf
  Source:                 top0/o_random_reg[0]/C
                            (rising edge-triggered cell FDRE clocked by sys_clk_pin  {rise@0.000ns fall@5.000ns period=10.000ns})
  Destination:            CA
                            (output port)
  Path Group:             (none)
  Path Type:              Max at Slow Process Corner
  Data Path Delay:        9.799ns  (logic 4.418ns (45.085%)  route 5.381ns (54.915%))
  Logic Levels:           2  (LUT5=1 OBUF=1)
  Clock Uncertainty:      0.025ns  ((TSJ^2 + TIJ^2)^1/2 + DJ) / 2 + PE
    Total System Jitter     (TSJ):    0.050ns
    Total Input Jitter      (TIJ):    0.000ns
    Discrete Jitter          (DJ):    0.000ns
    Phase Error              (PE):    0.000ns

    Location             Delay type                Incr(ns)  Path(ns)    Netlist Resource(s)
  -------------------------------------------------------------------    -------------------
                         (clock sys_clk_pin rise edge)
                                                      0.000     0.000 r  
    E3                                                0.000     0.000 r  CLK100MHZ (IN)
                         net (fo=0)                   0.000     0.000    CLK100MHZ
    E3                   IBUF (Prop_ibuf_I_O)         1.482     1.482 r  CLK100MHZ_IBUF_inst/O
                         net (fo=1, routed)           2.025     3.506    CLK100MHZ_IBUF
    BUFGCTRL_X0Y16       BUFG (Prop_bufg_I_O)         0.096     3.602 r  CLK100MHZ_IBUF_BUFG_inst/O
                         net (fo=278, routed)         1.703     5.305    top0/CLK100MHZ_IBUF_BUFG
    SLICE_X6Y113         FDRE                                         r  top0/o_random_reg[0]/C
  -------------------------------------------------------------------    -------------------
    SLICE_X6Y113         FDRE (Prop_fdre_C_Q)         0.518     5.823 r  top0/o_random_reg[0]/Q
                         net (fo=17, routed)          1.841     7.664    top0/random_value[0]
    SLICE_X1Y103         LUT5 (Prop_lut5_I0_O)        0.120     7.784 r  top0/CA_OBUF_inst_i_1/O
                         net (fo=1, routed)           3.540    11.325    CA_OBUF
    T10                  OBUF (Prop_obuf_I_O)         3.780    15.105 r  CA_OBUF_inst/O
                         net (fo=0)                   0.000    15.105    CA
    T10                                                               r  CA (OUT)
  -------------------------------------------------------------------    -------------------

Slack:                    inf
  Source:                 top0/o_random_reg[0]/C
                            (rising edge-triggered cell FDRE clocked by sys_clk_pin  {rise@0.000ns fall@5.000ns period=10.000ns})
  Destination:            CF
                            (output port)
  Path Group:             (none)
  Path Type:              Max at Slow Process Corner
  Data Path Delay:        9.171ns  (logic 4.203ns (45.824%)  route 4.969ns (54.176%))
  Logic Levels:           2  (LUT5=1 OBUF=1)
  Clock Uncertainty:      0.025ns  ((TSJ^2 + TIJ^2)^1/2 + DJ) / 2 + PE
    Total System Jitter     (TSJ):    0.050ns
    Total Input Jitter      (TIJ):    0.000ns
    Discrete Jitter          (DJ):    0.000ns
    Phase Error              (PE):    0.000ns

    Location             Delay type                Incr(ns)  Path(ns)    Netlist Resource(s)
  -------------------------------------------------------------------    -------------------
                         (clock sys_clk_pin rise edge)
                                                      0.000     0.000 r  
    E3                                                0.000     0.000 r  CLK100MHZ (IN)
                         net (fo=0)                   0.000     0.000    CLK100MHZ
    E3                   IBUF (Prop_ibuf_I_O)         1.482     1.482 r  CLK100MHZ_IBUF_inst/O
                         net (fo=1, routed)           2.025     3.506    CLK100MHZ_IBUF
    BUFGCTRL_X0Y16       BUFG (Prop_bufg_I_O)         0.096     3.602 r  CLK100MHZ_IBUF_BUFG_inst/O
                         net (fo=278, routed)         1.703     5.305    top0/CLK100MHZ_IBUF_BUFG
    SLICE_X6Y113         FDRE                                         r  top0/o_random_reg[0]/C
  -------------------------------------------------------------------    -------------------
    SLICE_X6Y113         FDRE (Prop_fdre_C_Q)         0.518     5.823 r  top0/o_random_reg[0]/Q
                         net (fo=17, routed)          1.841     7.664    top0/random_value[0]
    SLICE_X1Y103         LUT5 (Prop_lut5_I0_O)        0.124     7.788 r  top0/CF_OBUF_inst_i_1/O
                         net (fo=1, routed)           3.128    10.916    CF_OBUF
    T11                  OBUF (Prop_obuf_I_O)         3.561    14.477 r  CF_OBUF_inst/O
                         net (fo=0)                   0.000    14.477    CF
    T11                                                               r  CF (OUT)
  -------------------------------------------------------------------    -------------------

Slack:                    inf
  Source:                 top0/o_random_reg[0]/C
                            (rising edge-triggered cell FDRE clocked by sys_clk_pin  {rise@0.000ns fall@5.000ns period=10.000ns})
  Destination:            CB
                            (output port)
  Path Group:             (none)
  Path Type:              Max at Slow Process Corner
  Data Path Delay:        8.940ns  (logic 4.197ns (46.949%)  route 4.743ns (53.051%))
  Logic Levels:           2  (LUT5=1 OBUF=1)
  Clock Uncertainty:      0.025ns  ((TSJ^2 + TIJ^2)^1/2 + DJ) / 2 + PE
    Total System Jitter     (TSJ):    0.050ns
    Total Input Jitter      (TIJ):    0.000ns
    Discrete Jitter          (DJ):    0.000ns
    Phase Error              (PE):    0.000ns

    Location             Delay type                Incr(ns)  Path(ns)    Netlist Resource(s)
  -------------------------------------------------------------------    -------------------
                         (clock sys_clk_pin rise edge)
                                                      0.000     0.000 r  
    E3                                                0.000     0.000 r  CLK100MHZ (IN)
                         net (fo=0)                   0.000     0.000    CLK100MHZ
    E3                   IBUF (Prop_ibuf_I_O)         1.482     1.482 r  CLK100MHZ_IBUF_inst/O
                         net (fo=1, routed)           2.025     3.506    CLK100MHZ_IBUF
    BUFGCTRL_X0Y16       BUFG (Prop_bufg_I_O)         0.096     3.602 r  CLK100MHZ_IBUF_BUFG_inst/O
                         net (fo=278, routed)         1.703     5.305    top0/CLK100MHZ_IBUF_BUFG
    SLICE_X6Y113         FDRE                                         r  top0/o_random_reg[0]/C
  -------------------------------------------------------------------    -------------------
    SLICE_X6Y113         FDRE (Prop_fdre_C_Q)         0.518     5.823 r  top0/o_random_reg[0]/Q
                         net (fo=17, routed)          1.710     7.534    top0/random_value[0]
    SLICE_X1Y103         LUT5 (Prop_lut5_I0_O)        0.124     7.658 r  top0/CB_OBUF_inst_i_1/O
                         net (fo=1, routed)           3.033    10.690    CB_OBUF
    R10                  OBUF (Prop_obuf_I_O)         3.555    14.246 r  CB_OBUF_inst/O
                         net (fo=0)                   0.000    14.246    CB
    R10                                                               r  CB (OUT)
  -------------------------------------------------------------------    -------------------

Slack:                    inf
  Source:                 top0/o_random_reg[0]/C
                            (rising edge-triggered cell FDRE clocked by sys_clk_pin  {rise@0.000ns fall@5.000ns period=10.000ns})
  Destination:            CE
                            (output port)
  Path Group:             (none)
  Path Type:              Max at Slow Process Corner
  Data Path Delay:        8.805ns  (logic 4.379ns (49.730%)  route 4.426ns (50.270%))
  Logic Levels:           2  (LUT5=1 OBUF=1)
  Clock Uncertainty:      0.025ns  ((TSJ^2 + TIJ^2)^1/2 + DJ) / 2 + PE
    Total System Jitter     (TSJ):    0.050ns
    Total Input Jitter      (TIJ):    0.000ns
    Discrete Jitter          (DJ):    0.000ns
    Phase Error              (PE):    0.000ns

    Location             Delay type                Incr(ns)  Path(ns)    Netlist Resource(s)
  -------------------------------------------------------------------    -------------------
                         (clock sys_clk_pin rise edge)
                                                      0.000     0.000 r  
    E3                                                0.000     0.000 r  CLK100MHZ (IN)
                         net (fo=0)                   0.000     0.000    CLK100MHZ
    E3                   IBUF (Prop_ibuf_I_O)         1.482     1.482 r  CLK100MHZ_IBUF_inst/O
                         net (fo=1, routed)           2.025     3.506    CLK100MHZ_IBUF
    BUFGCTRL_X0Y16       BUFG (Prop_bufg_I_O)         0.096     3.602 r  CLK100MHZ_IBUF_BUFG_inst/O
                         net (fo=278, routed)         1.703     5.305    top0/CLK100MHZ_IBUF_BUFG
    SLICE_X6Y113         FDRE                                         r  top0/o_random_reg[0]/C
  -------------------------------------------------------------------    -------------------
    SLICE_X6Y113         FDRE (Prop_fdre_C_Q)         0.518     5.823 r  top0/o_random_reg[0]/Q
                         net (fo=17, routed)          1.714     7.538    top0/random_value[0]
    SLICE_X1Y103         LUT5 (Prop_lut5_I4_O)        0.119     7.657 r  top0/CE_OBUF_inst_i_1/O
                         net (fo=1, routed)           2.712    10.368    CE_OBUF
    P15                  OBUF (Prop_obuf_I_O)         3.742    14.110 r  CE_OBUF_inst/O
                         net (fo=0)                   0.000    14.110    CE
    P15                                                               r  CE (OUT)
  -------------------------------------------------------------------    -------------------

Slack:                    inf
  Source:                 vga_b/o_b_reg[0]/C
                            (rising edge-triggered cell FDRE clocked by sys_clk_pin  {rise@0.000ns fall@5.000ns period=10.000ns})
  Destination:            VGA_B[0]
                            (output port)
  Path Group:             (none)
  Path Type:              Max at Slow Process Corner
  Data Path Delay:        8.625ns  (logic 4.065ns (47.133%)  route 4.560ns (52.867%))
  Logic Levels:           1  (OBUF=1)
  Clock Uncertainty:      0.025ns  ((TSJ^2 + TIJ^2)^1/2 + DJ) / 2 + PE
    Total System Jitter     (TSJ):    0.050ns
    Total Input Jitter      (TIJ):    0.000ns
    Discrete Jitter          (DJ):    0.000ns
    Phase Error              (PE):    0.000ns

    Location             Delay type                Incr(ns)  Path(ns)    Netlist Resource(s)
  -------------------------------------------------------------------    -------------------
                         (clock sys_clk_pin rise edge)
                                                      0.000     0.000 r  
    E3                                                0.000     0.000 r  CLK100MHZ (IN)
                         net (fo=0)                   0.000     0.000    CLK100MHZ
    E3                   IBUF (Prop_ibuf_I_O)         1.482     1.482 r  CLK100MHZ_IBUF_inst/O
                         net (fo=1, routed)           2.025     3.506    CLK100MHZ_IBUF
    BUFGCTRL_X0Y16       BUFG (Prop_bufg_I_O)         0.096     3.602 r  CLK100MHZ_IBUF_BUFG_inst/O
                         net (fo=278, routed)         1.621     5.223    vga_b/CLK100MHZ_IBUF_BUFG
    SLICE_X14Y117        FDRE                                         r  vga_b/o_b_reg[0]/C
  -------------------------------------------------------------------    -------------------
    SLICE_X14Y117        FDRE (Prop_fdre_C_Q)         0.518     5.741 r  vga_b/o_b_reg[0]/Q
                         net (fo=1, routed)           4.560    10.301    VGA_B_OBUF[0]
    B7                   OBUF (Prop_obuf_I_O)         3.547    13.848 r  VGA_B_OBUF[0]_inst/O
                         net (fo=0)                   0.000    13.848    VGA_B[0]
    B7                                                                r  VGA_B[0] (OUT)
  -------------------------------------------------------------------    -------------------

Slack:                    inf
  Source:                 vga_b/o_b_reg[3]/C
                            (rising edge-triggered cell FDRE clocked by sys_clk_pin  {rise@0.000ns fall@5.000ns period=10.000ns})
  Destination:            VGA_B[3]
                            (output port)
  Path Group:             (none)
  Path Type:              Max at Slow Process Corner
  Data Path Delay:        8.568ns  (logic 4.207ns (49.094%)  route 4.362ns (50.906%))
  Logic Levels:           1  (OBUF=1)
  Clock Uncertainty:      0.025ns  ((TSJ^2 + TIJ^2)^1/2 + DJ) / 2 + PE
    Total System Jitter     (TSJ):    0.050ns
    Total Input Jitter      (TIJ):    0.000ns
    Discrete Jitter          (DJ):    0.000ns
    Phase Error              (PE):    0.000ns

    Location             Delay type                Incr(ns)  Path(ns)    Netlist Resource(s)
  -------------------------------------------------------------------    -------------------
                         (clock sys_clk_pin rise edge)
                                                      0.000     0.000 r  
    E3                                                0.000     0.000 r  CLK100MHZ (IN)
                         net (fo=0)                   0.000     0.000    CLK100MHZ
    E3                   IBUF (Prop_ibuf_I_O)         1.482     1.482 r  CLK100MHZ_IBUF_inst/O
                         net (fo=1, routed)           2.025     3.506    CLK100MHZ_IBUF
    BUFGCTRL_X0Y16       BUFG (Prop_bufg_I_O)         0.096     3.602 r  CLK100MHZ_IBUF_BUFG_inst/O
                         net (fo=278, routed)         1.621     5.223    vga_b/CLK100MHZ_IBUF_BUFG
    SLICE_X14Y117        FDRE                                         r  vga_b/o_b_reg[3]/C
  -------------------------------------------------------------------    -------------------
    SLICE_X14Y117        FDRE (Prop_fdre_C_Q)         0.478     5.701 r  vga_b/o_b_reg[3]/Q
                         net (fo=1, routed)           4.362    10.063    VGA_B_OBUF[3]
    D8                   OBUF (Prop_obuf_I_O)         3.729    13.792 r  VGA_B_OBUF[3]_inst/O
                         net (fo=0)                   0.000    13.792    VGA_B[3]
    D8                                                                r  VGA_B[3] (OUT)
  -------------------------------------------------------------------    -------------------

Slack:                    inf
  Source:                 vga_b/o_g_reg[0]/C
                            (rising edge-triggered cell FDRE clocked by sys_clk_pin  {rise@0.000ns fall@5.000ns period=10.000ns})
  Destination:            VGA_G[0]
                            (output port)
  Path Group:             (none)
  Path Type:              Max at Slow Process Corner
  Data Path Delay:        8.527ns  (logic 3.994ns (46.841%)  route 4.533ns (53.159%))
  Logic Levels:           1  (OBUF=1)
  Clock Uncertainty:      0.025ns  ((TSJ^2 + TIJ^2)^1/2 + DJ) / 2 + PE
    Total System Jitter     (TSJ):    0.050ns
    Total Input Jitter      (TIJ):    0.000ns
    Discrete Jitter          (DJ):    0.000ns
    Phase Error              (PE):    0.000ns

    Location             Delay type                Incr(ns)  Path(ns)    Netlist Resource(s)
  -------------------------------------------------------------------    -------------------
                         (clock sys_clk_pin rise edge)
                                                      0.000     0.000 r  
    E3                                                0.000     0.000 r  CLK100MHZ (IN)
                         net (fo=0)                   0.000     0.000    CLK100MHZ
    E3                   IBUF (Prop_ibuf_I_O)         1.482     1.482 r  CLK100MHZ_IBUF_inst/O
                         net (fo=1, routed)           2.025     3.506    CLK100MHZ_IBUF
    BUFGCTRL_X0Y16       BUFG (Prop_bufg_I_O)         0.096     3.602 r  CLK100MHZ_IBUF_BUFG_inst/O
                         net (fo=278, routed)         1.621     5.223    vga_b/CLK100MHZ_IBUF_BUFG
    SLICE_X15Y117        FDRE                                         r  vga_b/o_g_reg[0]/C
  -------------------------------------------------------------------    -------------------
    SLICE_X15Y117        FDRE (Prop_fdre_C_Q)         0.456     5.679 r  vga_b/o_g_reg[0]/Q
                         net (fo=1, routed)           4.533    10.212    VGA_G_OBUF[0]
    C6                   OBUF (Prop_obuf_I_O)         3.538    13.750 r  VGA_G_OBUF[0]_inst/O
                         net (fo=0)                   0.000    13.750    VGA_G[0]
    C6                                                                r  VGA_G[0] (OUT)
  -------------------------------------------------------------------    -------------------

Slack:                    inf
  Source:                 vga_b/o_r_reg[3]/C
                            (rising edge-triggered cell FDRE clocked by sys_clk_pin  {rise@0.000ns fall@5.000ns period=10.000ns})
  Destination:            VGA_R[3]
                            (output port)
  Path Group:             (none)
  Path Type:              Max at Slow Process Corner
  Data Path Delay:        8.493ns  (logic 4.202ns (49.472%)  route 4.291ns (50.528%))
  Logic Levels:           1  (OBUF=1)
  Clock Uncertainty:      0.025ns  ((TSJ^2 + TIJ^2)^1/2 + DJ) / 2 + PE
    Total System Jitter     (TSJ):    0.050ns
    Total Input Jitter      (TIJ):    0.000ns
    Discrete Jitter          (DJ):    0.000ns
    Phase Error              (PE):    0.000ns

    Location             Delay type                Incr(ns)  Path(ns)    Netlist Resource(s)
  -------------------------------------------------------------------    -------------------
                         (clock sys_clk_pin rise edge)
                                                      0.000     0.000 r  
    E3                                                0.000     0.000 r  CLK100MHZ (IN)
                         net (fo=0)                   0.000     0.000    CLK100MHZ
    E3                   IBUF (Prop_ibuf_I_O)         1.482     1.482 r  CLK100MHZ_IBUF_inst/O
                         net (fo=1, routed)           2.025     3.506    CLK100MHZ_IBUF
    BUFGCTRL_X0Y16       BUFG (Prop_bufg_I_O)         0.096     3.602 r  CLK100MHZ_IBUF_BUFG_inst/O
                         net (fo=278, routed)         1.621     5.223    vga_b/CLK100MHZ_IBUF_BUFG
    SLICE_X14Y117        FDRE                                         r  vga_b/o_r_reg[3]/C
  -------------------------------------------------------------------    -------------------
    SLICE_X14Y117        FDRE (Prop_fdre_C_Q)         0.478     5.701 r  vga_b/o_r_reg[3]/Q
                         net (fo=1, routed)           4.291     9.993    VGA_R_OBUF[2]
    A4                   OBUF (Prop_obuf_I_O)         3.724    13.716 r  VGA_R_OBUF[3]_inst/O
                         net (fo=0)                   0.000    13.716    VGA_R[3]
    A4                                                                r  VGA_R[3] (OUT)
  -------------------------------------------------------------------    -------------------

Slack:                    inf
  Source:                 top0/state_reg/C
                            (rising edge-triggered cell FDRE clocked by sys_clk_pin  {rise@0.000ns fall@5.000ns period=10.000ns})
  Destination:            LED[7]
                            (output port)
  Path Group:             (none)
  Path Type:              Max at Slow Process Corner
  Data Path Delay:        8.403ns  (logic 4.011ns (47.738%)  route 4.391ns (52.262%))
  Logic Levels:           1  (OBUF=1)
  Clock Uncertainty:      0.025ns  ((TSJ^2 + TIJ^2)^1/2 + DJ) / 2 + PE
    Total System Jitter     (TSJ):    0.050ns
    Total Input Jitter      (TIJ):    0.000ns
    Discrete Jitter          (DJ):    0.000ns
    Phase Error              (PE):    0.000ns

    Location             Delay type                Incr(ns)  Path(ns)    Netlist Resource(s)
  -------------------------------------------------------------------    -------------------
                         (clock sys_clk_pin rise edge)
                                                      0.000     0.000 r  
    E3                                                0.000     0.000 r  CLK100MHZ (IN)
                         net (fo=0)                   0.000     0.000    CLK100MHZ
    E3                   IBUF (Prop_ibuf_I_O)         1.482     1.482 r  CLK100MHZ_IBUF_inst/O
                         net (fo=1, routed)           2.025     3.506    CLK100MHZ_IBUF
    BUFGCTRL_X0Y16       BUFG (Prop_bufg_I_O)         0.096     3.602 r  CLK100MHZ_IBUF_BUFG_inst/O
                         net (fo=278, routed)         1.702     5.304    top0/CLK100MHZ_IBUF_BUFG
    SLICE_X3Y115         FDRE                                         r  top0/state_reg/C
  -------------------------------------------------------------------    -------------------
    SLICE_X3Y115         FDRE (Prop_fdre_C_Q)         0.456     5.760 r  top0/state_reg/Q
                         net (fo=33, routed)          4.391    10.152    LED_OBUF[7]
    U16                  OBUF (Prop_obuf_I_O)         3.555    13.707 r  LED_OBUF[7]_inst/O
                         net (fo=0)                   0.000    13.707    LED[7]
    U16                                                               r  LED[7] (OUT)
  -------------------------------------------------------------------    -------------------

Slack:                    inf
  Source:                 vga_b/o_g_reg[2]/C
                            (rising edge-triggered cell FDRE clocked by sys_clk_pin  {rise@0.000ns fall@5.000ns period=10.000ns})
  Destination:            VGA_G[2]
                            (output port)
  Path Group:             (none)
  Path Type:              Max at Slow Process Corner
  Data Path Delay:        8.425ns  (logic 4.002ns (47.503%)  route 4.423ns (52.497%))
  Logic Levels:           1  (OBUF=1)
  Clock Uncertainty:      0.025ns  ((TSJ^2 + TIJ^2)^1/2 + DJ) / 2 + PE
    Total System Jitter     (TSJ):    0.050ns
    Total Input Jitter      (TIJ):    0.000ns
    Discrete Jitter          (DJ):    0.000ns
    Phase Error              (PE):    0.000ns

    Location             Delay type                Incr(ns)  Path(ns)    Netlist Resource(s)
  -------------------------------------------------------------------    -------------------
                         (clock sys_clk_pin rise edge)
                                                      0.000     0.000 r  
    E3                                                0.000     0.000 r  CLK100MHZ (IN)
                         net (fo=0)                   0.000     0.000    CLK100MHZ
    E3                   IBUF (Prop_ibuf_I_O)         1.482     1.482 r  CLK100MHZ_IBUF_inst/O
                         net (fo=1, routed)           2.025     3.506    CLK100MHZ_IBUF
    BUFGCTRL_X0Y16       BUFG (Prop_bufg_I_O)         0.096     3.602 r  CLK100MHZ_IBUF_BUFG_inst/O
                         net (fo=278, routed)         1.621     5.223    vga_b/CLK100MHZ_IBUF_BUFG
    SLICE_X13Y117        FDRE                                         r  vga_b/o_g_reg[2]/C
  -------------------------------------------------------------------    -------------------
    SLICE_X13Y117        FDRE (Prop_fdre_C_Q)         0.456     5.679 r  vga_b/o_g_reg[2]/Q
                         net (fo=1, routed)           4.423    10.102    VGA_G_OBUF[2]
    B6                   OBUF (Prop_obuf_I_O)         3.546    13.649 r  VGA_G_OBUF[2]_inst/O
                         net (fo=0)                   0.000    13.649    VGA_G[2]
    B6                                                                r  VGA_G[2] (OUT)
  -------------------------------------------------------------------    -------------------





Min Delay Paths
--------------------------------------------------------------------------------------
Slack:                    inf
  Source:                 scan_cnt_reg[16]/C
                            (rising edge-triggered cell FDRE clocked by sys_clk_pin  {rise@0.000ns fall@5.000ns period=10.000ns})
  Destination:            AN[0]
                            (output port)
  Path Group:             (none)
  Path Type:              Min at Fast Process Corner
  Data Path Delay:        1.750ns  (logic 1.377ns (78.686%)  route 0.373ns (21.314%))
  Logic Levels:           1  (OBUF=1)
  Clock Uncertainty:      0.025ns  ((TSJ^2 + TIJ^2)^1/2 + DJ) / 2 + PE
    Total System Jitter     (TSJ):    0.050ns
    Total Input Jitter      (TIJ):    0.000ns
    Discrete Jitter          (DJ):    0.000ns
    Phase Error              (PE):    0.000ns

    Location             Delay type                Incr(ns)  Path(ns)    Netlist Resource(s)
  -------------------------------------------------------------------    -------------------
                         (clock sys_clk_pin rise edge)
                                                      0.000     0.000 r  
    E3                                                0.000     0.000 r  CLK100MHZ (IN)
                         net (fo=0)                   0.000     0.000    CLK100MHZ
    E3                   IBUF (Prop_ibuf_I_O)         0.250     0.250 r  CLK100MHZ_IBUF_inst/O
                         net (fo=1, routed)           0.644     0.894    CLK100MHZ_IBUF
    BUFGCTRL_X0Y16       BUFG (Prop_bufg_I_O)         0.026     0.920 r  CLK100MHZ_IBUF_BUFG_inst/O
                         net (fo=278, routed)         0.598     1.517    CLK100MHZ_IBUF_BUFG
    SLICE_X0Y105         FDRE                                         r  scan_cnt_reg[16]/C
  -------------------------------------------------------------------    -------------------
    SLICE_X0Y105         FDRE (Prop_fdre_C_Q)         0.141     1.658 r  scan_cnt_reg[16]/Q
                         net (fo=10, routed)          0.373     2.032    AN_OBUF[0]
    J17                  OBUF (Prop_obuf_I_O)         1.236     3.268 r  AN_OBUF[0]_inst/O
                         net (fo=0)                   0.000     3.268    AN[0]
    J17                                                               r  AN[0] (OUT)
  -------------------------------------------------------------------    -------------------

Slack:                    inf
  Source:                 top0/o_mode_reg[0]/C
                            (rising edge-triggered cell FDRE clocked by sys_clk_pin  {rise@0.000ns fall@5.000ns period=10.000ns})
  Destination:            LED[0]
                            (output port)
  Path Group:             (none)
  Path Type:              Min at Fast Process Corner
  Data Path Delay:        1.800ns  (logic 1.362ns (75.668%)  route 0.438ns (24.332%))
  Logic Levels:           1  (OBUF=1)
  Clock Uncertainty:      0.025ns  ((TSJ^2 + TIJ^2)^1/2 + DJ) / 2 + PE
    Total System Jitter     (TSJ):    0.050ns
    Total Input Jitter      (TIJ):    0.000ns
    Discrete Jitter          (DJ):    0.000ns
    Phase Error              (PE):    0.000ns

    Location             Delay type                Incr(ns)  Path(ns)    Netlist Resource(s)
  -------------------------------------------------------------------    -------------------
                         (clock sys_clk_pin rise edge)
                                                      0.000     0.000 r  
    E3                                                0.000     0.000 r  CLK100MHZ (IN)
                         net (fo=0)                   0.000     0.000    CLK100MHZ
    E3                   IBUF (Prop_ibuf_I_O)         0.250     0.250 r  CLK100MHZ_IBUF_inst/O
                         net (fo=1, routed)           0.644     0.894    CLK100MHZ_IBUF
    BUFGCTRL_X0Y16       BUFG (Prop_bufg_I_O)         0.026     0.920 r  CLK100MHZ_IBUF_BUFG_inst/O
                         net (fo=278, routed)         0.594     1.513    top0/CLK100MHZ_IBUF_BUFG
    SLICE_X3Y115         FDRE                                         r  top0/o_mode_reg[0]/C
  -------------------------------------------------------------------    -------------------
    SLICE_X3Y115         FDRE (Prop_fdre_C_Q)         0.141     1.654 r  top0/o_mode_reg[0]/Q
                         net (fo=41, routed)          0.438     2.093    LED_OBUF[0]
    H17                  OBUF (Prop_obuf_I_O)         1.221     3.314 r  LED_OBUF[0]_inst/O
                         net (fo=0)                   0.000     3.314    LED[0]
    H17                                                               r  LED[0] (OUT)
  -------------------------------------------------------------------    -------------------

Slack:                    inf
  Source:                 top0/o_mode_reg[2]/C
                            (rising edge-triggered cell FDRE clocked by sys_clk_pin  {rise@0.000ns fall@5.000ns period=10.000ns})
  Destination:            LED[2]
                            (output port)
  Path Group:             (none)
  Path Type:              Min at Fast Process Corner
  Data Path Delay:        1.946ns  (logic 1.434ns (73.702%)  route 0.512ns (26.298%))
  Logic Levels:           1  (OBUF=1)
  Clock Uncertainty:      0.025ns  ((TSJ^2 + TIJ^2)^1/2 + DJ) / 2 + PE
    Total System Jitter     (TSJ):    0.050ns
    Total Input Jitter      (TIJ):    0.000ns
    Discrete Jitter          (DJ):    0.000ns
    Phase Error              (PE):    0.000ns

    Location             Delay type                Incr(ns)  Path(ns)    Netlist Resource(s)
  -------------------------------------------------------------------    -------------------
                         (clock sys_clk_pin rise edge)
                                                      0.000     0.000 r  
    E3                                                0.000     0.000 r  CLK100MHZ (IN)
                         net (fo=0)                   0.000     0.000    CLK100MHZ
    E3                   IBUF (Prop_ibuf_I_O)         0.250     0.250 r  CLK100MHZ_IBUF_inst/O
                         net (fo=1, routed)           0.644     0.894    CLK100MHZ_IBUF
    BUFGCTRL_X0Y16       BUFG (Prop_bufg_I_O)         0.026     0.920 r  CLK100MHZ_IBUF_BUFG_inst/O
                         net (fo=278, routed)         0.594     1.513    top0/CLK100MHZ_IBUF_BUFG
    SLICE_X3Y115         FDRE                                         r  top0/o_mode_reg[2]/C
  -------------------------------------------------------------------    -------------------
    SLICE_X3Y115         FDRE (Prop_fdre_C_Q)         0.128     1.641 r  top0/o_mode_reg[2]/Q
                         net (fo=40, routed)          0.512     2.153    LED_OBUF[2]
    J13                  OBUF (Prop_obuf_I_O)         1.306     3.459 r  LED_OBUF[2]_inst/O
                         net (fo=0)                   0.000     3.459    LED[2]
    J13                                                               r  LED[2] (OUT)
  -------------------------------------------------------------------    -------------------

Slack:                    inf
  Source:                 top0/o_mode_reg[1]/C
                            (rising edge-triggered cell FDRE clocked by sys_clk_pin  {rise@0.000ns fall@5.000ns period=10.000ns})
  Destination:            LED[1]
                            (output port)
  Path Group:             (none)
  Path Type:              Min at Fast Process Corner
  Data Path Delay:        1.973ns  (logic 1.377ns (69.808%)  route 0.596ns (30.192%))
  Logic Levels:           1  (OBUF=1)
  Clock Uncertainty:      0.025ns  ((TSJ^2 + TIJ^2)^1/2 + DJ) / 2 + PE
    Total System Jitter     (TSJ):    0.050ns
    Total Input Jitter      (TIJ):    0.000ns
    Discrete Jitter          (DJ):    0.000ns
    Phase Error              (PE):    0.000ns

    Location             Delay type                Incr(ns)  Path(ns)    Netlist Resource(s)
  -------------------------------------------------------------------    -------------------
                         (clock sys_clk_pin rise edge)
                                                      0.000     0.000 r  
    E3                                                0.000     0.000 r  CLK100MHZ (IN)
                         net (fo=0)                   0.000     0.000    CLK100MHZ
    E3                   IBUF (Prop_ibuf_I_O)         0.250     0.250 r  CLK100MHZ_IBUF_inst/O
                         net (fo=1, routed)           0.644     0.894    CLK100MHZ_IBUF
    BUFGCTRL_X0Y16       BUFG (Prop_bufg_I_O)         0.026     0.920 r  CLK100MHZ_IBUF_BUFG_inst/O
                         net (fo=278, routed)         0.594     1.513    top0/CLK100MHZ_IBUF_BUFG
    SLICE_X3Y115         FDRE                                         r  top0/o_mode_reg[1]/C
  -------------------------------------------------------------------    -------------------
    SLICE_X3Y115         FDRE (Prop_fdre_C_Q)         0.141     1.654 r  top0/o_mode_reg[1]/Q
                         net (fo=39, routed)          0.596     2.250    LED_OBUF[1]
    K15                  OBUF (Prop_obuf_I_O)         1.236     3.486 r  LED_OBUF[1]_inst/O
                         net (fo=0)                   0.000     3.486    LED[1]
    K15                                                               r  LED[1] (OUT)
  -------------------------------------------------------------------    -------------------

Slack:                    inf
  Source:                 scan_cnt_reg[16]/C
                            (rising edge-triggered cell FDRE clocked by sys_clk_pin  {rise@0.000ns fall@5.000ns period=10.000ns})
  Destination:            CG
                            (output port)
  Path Group:             (none)
  Path Type:              Min at Fast Process Corner
  Data Path Delay:        2.104ns  (logic 1.489ns (70.789%)  route 0.614ns (29.211%))
  Logic Levels:           2  (LUT5=1 OBUF=1)
  Clock Uncertainty:      0.025ns  ((TSJ^2 + TIJ^2)^1/2 + DJ) / 2 + PE
    Total System Jitter     (TSJ):    0.050ns
    Total Input Jitter      (TIJ):    0.000ns
    Discrete Jitter          (DJ):    0.000ns
    Phase Error              (PE):    0.000ns

    Location             Delay type                Incr(ns)  Path(ns)    Netlist Resource(s)
  -------------------------------------------------------------------    -------------------
                         (clock sys_clk_pin rise edge)
                                                      0.000     0.000 r  
    E3                                                0.000     0.000 r  CLK100MHZ (IN)
                         net (fo=0)                   0.000     0.000    CLK100MHZ
    E3                   IBUF (Prop_ibuf_I_O)         0.250     0.250 r  CLK100MHZ_IBUF_inst/O
                         net (fo=1, routed)           0.644     0.894    CLK100MHZ_IBUF
    BUFGCTRL_X0Y16       BUFG (Prop_bufg_I_O)         0.026     0.920 r  CLK100MHZ_IBUF_BUFG_inst/O
                         net (fo=278, routed)         0.598     1.517    CLK100MHZ_IBUF_BUFG
    SLICE_X0Y105         FDRE                                         r  scan_cnt_reg[16]/C
  -------------------------------------------------------------------    -------------------
    SLICE_X0Y105         FDRE (Prop_fdre_C_Q)         0.141     1.658 r  scan_cnt_reg[16]/Q
                         net (fo=10, routed)          0.110     1.768    top0/AN_OBUF[0]
    SLICE_X1Y105         LUT5 (Prop_lut5_I1_O)        0.048     1.816 r  top0/CG_OBUF_inst_i_1/O
                         net (fo=1, routed)           0.505     2.321    CG_OBUF
    L18                  OBUF (Prop_obuf_I_O)         1.300     3.621 r  CG_OBUF_inst/O
                         net (fo=0)                   0.000     3.621    CG
    L18                                                               r  CG (OUT)
  -------------------------------------------------------------------    -------------------

Slack:                    inf
  Source:                 scan_cnt_reg[16]/C
                            (rising edge-triggered cell FDRE clocked by sys_clk_pin  {rise@0.000ns fall@5.000ns period=10.000ns})
  Destination:            CC
                            (output port)
  Path Group:             (none)
  Path Type:              Min at Fast Process Corner
  Data Path Delay:        2.112ns  (logic 1.380ns (65.343%)  route 0.732ns (34.657%))
  Logic Levels:           2  (LUT5=1 OBUF=1)
  Clock Uncertainty:      0.025ns  ((TSJ^2 + TIJ^2)^1/2 + DJ) / 2 + PE
    Total System Jitter     (TSJ):    0.050ns
    Total Input Jitter      (TIJ):    0.000ns
    Discrete Jitter          (DJ):    0.000ns
    Phase Error              (PE):    0.000ns

    Location             Delay type                Incr(ns)  Path(ns)    Netlist Resource(s)
  -------------------------------------------------------------------    -------------------
                         (clock sys_clk_pin rise edge)
                                                      0.000     0.000 r  
    E3                                                0.000     0.000 r  CLK100MHZ (IN)
                         net (fo=0)                   0.000     0.000    CLK100MHZ
    E3                   IBUF (Prop_ibuf_I_O)         0.250     0.250 r  CLK100MHZ_IBUF_inst/O
                         net (fo=1, routed)           0.644     0.894    CLK100MHZ_IBUF
    BUFGCTRL_X0Y16       BUFG (Prop_bufg_I_O)         0.026     0.920 r  CLK100MHZ_IBUF_BUFG_inst/O
                         net (fo=278, routed)         0.598     1.517    CLK100MHZ_IBUF_BUFG
    SLICE_X0Y105         FDRE                                         r  scan_cnt_reg[16]/C
  -------------------------------------------------------------------    -------------------
    SLICE_X0Y105         FDRE (Prop_fdre_C_Q)         0.141     1.658 f  scan_cnt_reg[16]/Q
                         net (fo=10, routed)          0.330     1.988    top0/AN_OBUF[0]
    SLICE_X1Y103         LUT5 (Prop_lut5_I1_O)        0.045     2.033 r  top0/CC_OBUF_inst_i_1/O
                         net (fo=1, routed)           0.402     2.436    CC_OBUF
    K16                  OBUF (Prop_obuf_I_O)         1.194     3.630 r  CC_OBUF_inst/O
                         net (fo=0)                   0.000     3.630    CC
    K16                                                               r  CC (OUT)
  -------------------------------------------------------------------    -------------------

Slack:                    inf
  Source:                 vga_b/o_hs_reg/C
                            (rising edge-triggered cell FDRE clocked by sys_clk_pin  {rise@0.000ns fall@5.000ns period=10.000ns})
  Destination:            VGA_HS
                            (output port)
  Path Group:             (none)
  Path Type:              Min at Fast Process Corner
  Data Path Delay:        2.130ns  (logic 1.429ns (67.087%)  route 0.701ns (32.913%))
  Logic Levels:           1  (OBUF=1)
  Clock Uncertainty:      0.025ns  ((TSJ^2 + TIJ^2)^1/2 + DJ) / 2 + PE
    Total System Jitter     (TSJ):    0.050ns
    Total Input Jitter      (TIJ):    0.000ns
    Discrete Jitter          (DJ):    0.000ns
    Phase Error              (PE):    0.000ns

    Location             Delay type                Incr(ns)  Path(ns)    Netlist Resource(s)
  -------------------------------------------------------------------    -------------------
                         (clock sys_clk_pin rise edge)
                                                      0.000     0.000 r  
    E3                                                0.000     0.000 r  CLK100MHZ (IN)
                         net (fo=0)                   0.000     0.000    CLK100MHZ
    E3                   IBUF (Prop_ibuf_I_O)         0.250     0.250 r  CLK100MHZ_IBUF_inst/O
                         net (fo=1, routed)           0.644     0.894    CLK100MHZ_IBUF
    BUFGCTRL_X0Y16       BUFG (Prop_bufg_I_O)         0.026     0.920 r  CLK100MHZ_IBUF_BUFG_inst/O
                         net (fo=278, routed)         0.593     1.512    vga_b/CLK100MHZ_IBUF_BUFG
    SLICE_X6Y115         FDRE                                         r  vga_b/o_hs_reg/C
  -------------------------------------------------------------------    -------------------
    SLICE_X6Y115         FDRE (Prop_fdre_C_Q)         0.164     1.676 r  vga_b/o_hs_reg/Q
                         net (fo=1, routed)           0.701     2.378    VGA_HS_OBUF
    B11                  OBUF (Prop_obuf_I_O)         1.265     3.643 r  VGA_HS_OBUF_inst/O
                         net (fo=0)                   0.000     3.643    VGA_HS
    B11                                                               r  VGA_HS (OUT)
  -------------------------------------------------------------------    -------------------

Slack:                    inf
  Source:                 scan_cnt_reg[16]/C
                            (rising edge-triggered cell FDRE clocked by sys_clk_pin  {rise@0.000ns fall@5.000ns period=10.000ns})
  Destination:            AN[1]
                            (output port)
  Path Group:             (none)
  Path Type:              Min at Fast Process Corner
  Data Path Delay:        2.156ns  (logic 1.422ns (65.978%)  route 0.733ns (34.022%))
  Logic Levels:           2  (LUT1=1 OBUF=1)
  Clock Uncertainty:      0.025ns  ((TSJ^2 + TIJ^2)^1/2 + DJ) / 2 + PE
    Total System Jitter     (TSJ):    0.050ns
    Total Input Jitter      (TIJ):    0.000ns
    Discrete Jitter          (DJ):    0.000ns
    Phase Error              (PE):    0.000ns

    Location             Delay type                Incr(ns)  Path(ns)    Netlist Resource(s)
  -------------------------------------------------------------------    -------------------
                         (clock sys_clk_pin rise edge)
                                                      0.000     0.000 r  
    E3                                                0.000     0.000 r  CLK100MHZ (IN)
                         net (fo=0)                   0.000     0.000    CLK100MHZ
    E3                   IBUF (Prop_ibuf_I_O)         0.250     0.250 r  CLK100MHZ_IBUF_inst/O
                         net (fo=1, routed)           0.644     0.894    CLK100MHZ_IBUF
    BUFGCTRL_X0Y16       BUFG (Prop_bufg_I_O)         0.026     0.920 r  CLK100MHZ_IBUF_BUFG_inst/O
                         net (fo=278, routed)         0.598     1.517    CLK100MHZ_IBUF_BUFG
    SLICE_X0Y105         FDRE                                         r  scan_cnt_reg[16]/C
  -------------------------------------------------------------------    -------------------
    SLICE_X0Y105         FDRE (Prop_fdre_C_Q)         0.141     1.658 f  scan_cnt_reg[16]/Q
                         net (fo=10, routed)          0.395     2.053    AN_OBUF[0]
    SLICE_X1Y103         LUT1 (Prop_lut1_I0_O)        0.045     2.098 r  AN_OBUF[1]_inst_i_1/O
                         net (fo=1, routed)           0.339     2.437    AN_OBUF[1]
    J18                  OBUF (Prop_obuf_I_O)         1.236     3.673 r  AN_OBUF[1]_inst/O
                         net (fo=0)                   0.000     3.673    AN[1]
    J18                                                               r  AN[1] (OUT)
  -------------------------------------------------------------------    -------------------

Slack:                    inf
  Source:                 vga_b/o_vs_reg/C
                            (rising edge-triggered cell FDRE clocked by sys_clk_pin  {rise@0.000ns fall@5.000ns period=10.000ns})
  Destination:            VGA_VS
                            (output port)
  Path Group:             (none)
  Path Type:              Min at Fast Process Corner
  Data Path Delay:        2.231ns  (logic 1.430ns (64.077%)  route 0.802ns (35.923%))
  Logic Levels:           1  (OBUF=1)
  Clock Uncertainty:      0.025ns  ((TSJ^2 + TIJ^2)^1/2 + DJ) / 2 + PE
    Total System Jitter     (TSJ):    0.050ns
    Total Input Jitter      (TIJ):    0.000ns
    Discrete Jitter          (DJ):    0.000ns
    Phase Error              (PE):    0.000ns

    Location             Delay type                Incr(ns)  Path(ns)    Netlist Resource(s)
  -------------------------------------------------------------------    -------------------
                         (clock sys_clk_pin rise edge)
                                                      0.000     0.000 r  
    E3                                                0.000     0.000 r  CLK100MHZ (IN)
                         net (fo=0)                   0.000     0.000    CLK100MHZ
    E3                   IBUF (Prop_ibuf_I_O)         0.250     0.250 r  CLK100MHZ_IBUF_inst/O
                         net (fo=1, routed)           0.644     0.894    CLK100MHZ_IBUF
    BUFGCTRL_X0Y16       BUFG (Prop_bufg_I_O)         0.026     0.920 r  CLK100MHZ_IBUF_BUFG_inst/O
                         net (fo=278, routed)         0.593     1.512    vga_b/CLK100MHZ_IBUF_BUFG
    SLICE_X6Y115         FDRE                                         r  vga_b/o_vs_reg/C
  -------------------------------------------------------------------    -------------------
    SLICE_X6Y115         FDRE (Prop_fdre_C_Q)         0.164     1.676 r  vga_b/o_vs_reg/Q
                         net (fo=1, routed)           0.802     2.478    VGA_VS_OBUF
    B12                  OBUF (Prop_obuf_I_O)         1.266     3.744 r  VGA_VS_OBUF_inst/O
                         net (fo=0)                   0.000     3.744    VGA_VS
    B12                                                               r  VGA_VS (OUT)
  -------------------------------------------------------------------    -------------------

Slack:                    inf
  Source:                 scan_cnt_reg[16]/C
                            (rising edge-triggered cell FDRE clocked by sys_clk_pin  {rise@0.000ns fall@5.000ns period=10.000ns})
  Destination:            CD
                            (output port)
  Path Group:             (none)
  Path Type:              Min at Fast Process Corner
  Data Path Delay:        2.335ns  (logic 1.496ns (64.079%)  route 0.839ns (35.921%))
  Logic Levels:           2  (LUT5=1 OBUF=1)
  Clock Uncertainty:      0.025ns  ((TSJ^2 + TIJ^2)^1/2 + DJ) / 2 + PE
    Total System Jitter     (TSJ):    0.050ns
    Total Input Jitter      (TIJ):    0.000ns
    Discrete Jitter          (DJ):    0.000ns
    Phase Error              (PE):    0.000ns

    Location             Delay type                Incr(ns)  Path(ns)    Netlist Resource(s)
  -------------------------------------------------------------------    -------------------
                         (clock sys_clk_pin rise edge)
                                                      0.000     0.000 r  
    E3                                                0.000     0.000 r  CLK100MHZ (IN)
                         net (fo=0)                   0.000     0.000    CLK100MHZ
    E3                   IBUF (Prop_ibuf_I_O)         0.250     0.250 r  CLK100MHZ_IBUF_inst/O
                         net (fo=1, routed)           0.644     0.894    CLK100MHZ_IBUF
    BUFGCTRL_X0Y16       BUFG (Prop_bufg_I_O)         0.026     0.920 r  CLK100MHZ_IBUF_BUFG_inst/O
                         net (fo=278, routed)         0.598     1.517    CLK100MHZ_IBUF_BUFG
    SLICE_X0Y105         FDRE                                         r  scan_cnt_reg[16]/C
  -------------------------------------------------------------------    -------------------
    SLICE_X0Y105         FDRE (Prop_fdre_C_Q)         0.141     1.658 r  scan_cnt_reg[16]/Q
                         net (fo=10, routed)          0.328     1.986    top0/AN_OBUF[0]
    SLICE_X1Y103         LUT5 (Prop_lut5_I1_O)        0.042     2.028 r  top0/CD_OBUF_inst_i_1/O
                         net (fo=1, routed)           0.511     2.539    CD_OBUF
    K13                  OBUF (Prop_obuf_I_O)         1.313     3.852 r  CD_OBUF_inst/O
                         net (fo=0)                   0.000     3.852    CD
    K13                                                               r  CD (OUT)
  -------------------------------------------------------------------    -------------------





--------------------------------------------------------------------------------------
Path Group:  (none)
From Clock:  
  To Clock:  sys_clk_pin

Max Delay             5 Endpoints
Min Delay             5 Endpoints
--------------------------------------------------------------------------------------


Max Delay Paths
--------------------------------------------------------------------------------------
Slack:                    inf
  Source:                 BTNL
                            (input port)
  Destination:            db_l/sync_meta_reg/D
                            (rising edge-triggered cell FDCE clocked by sys_clk_pin  {rise@0.000ns fall@5.000ns period=10.000ns})
  Path Group:             (none)
  Path Type:              Setup (Max at Slow Process Corner)
  Data Path Delay:        3.610ns  (logic 1.488ns (41.222%)  route 2.122ns (58.778%))
  Logic Levels:           1  (IBUF=1)
  Clock Path Skew:        5.003ns (DCD - SCD + CPR)
    Destination Clock Delay (DCD):    5.003ns
    Source Clock Delay      (SCD):    0.000ns
    Clock Pessimism Removal (CPR):    0.000ns
  Clock Uncertainty:      0.025ns  ((TSJ^2 + TIJ^2)^1/2 + DJ) / 2 + PE
    Total System Jitter     (TSJ):    0.050ns
    Total Input Jitter      (TIJ):    0.000ns
    Discrete Jitter          (DJ):    0.000ns
    Phase Error              (PE):    0.000ns

    Location             Delay type                Incr(ns)  Path(ns)    Netlist Resource(s)
  -------------------------------------------------------------------    -------------------
    P17                                               0.000     0.000 r  BTNL (IN)
                         net (fo=0)                   0.000     0.000    BTNL
    P17                  IBUF (Prop_ibuf_I_O)         1.488     1.488 r  BTNL_IBUF_inst/O
                         net (fo=1, routed)           2.122     3.610    db_l/i_in
    SLICE_X4Y115         FDCE                                         r  db_l/sync_meta_reg/D
  -------------------------------------------------------------------    -------------------

                         (clock sys_clk_pin rise edge)
                                                      0.000     0.000 r  
    E3                                                0.000     0.000 r  CLK100MHZ (IN)
                         net (fo=0)                   0.000     0.000    CLK100MHZ
    E3                   IBUF (Prop_ibuf_I_O)         1.411     1.411 r  CLK100MHZ_IBUF_inst/O
                         net (fo=1, routed)           1.920     3.331    CLK100MHZ_IBUF
    BUFGCTRL_X0Y16       BUFG (Prop_bufg_I_O)         0.091     3.422 r  CLK100MHZ_IBUF_BUFG_inst/O
                         net (fo=278, routed)         1.581     5.003    db_l/CLK100MHZ_IBUF_BUFG
    SLICE_X4Y115         FDCE                                         r  db_l/sync_meta_reg/C

Slack:                    inf
  Source:                 BTND
                            (input port)
  Destination:            db_d/sync_meta_reg/D
                            (rising edge-triggered cell FDCE clocked by sys_clk_pin  {rise@0.000ns fall@5.000ns period=10.000ns})
  Path Group:             (none)
  Path Type:              Setup (Max at Slow Process Corner)
  Data Path Delay:        3.211ns  (logic 1.480ns (46.088%)  route 1.731ns (53.912%))
  Logic Levels:           1  (IBUF=1)
  Clock Path Skew:        5.010ns (DCD - SCD + CPR)
    Destination Clock Delay (DCD):    5.010ns
    Source Clock Delay      (SCD):    0.000ns
    Clock Pessimism Removal (CPR):    0.000ns
  Clock Uncertainty:      0.025ns  ((TSJ^2 + TIJ^2)^1/2 + DJ) / 2 + PE
    Total System Jitter     (TSJ):    0.050ns
    Total Input Jitter      (TIJ):    0.000ns
    Discrete Jitter          (DJ):    0.000ns
    Phase Error              (PE):    0.000ns

    Location             Delay type                Incr(ns)  Path(ns)    Netlist Resource(s)
  -------------------------------------------------------------------    -------------------
    P18                                               0.000     0.000 r  BTND (IN)
                         net (fo=0)                   0.000     0.000    BTND
    P18                  IBUF (Prop_ibuf_I_O)         1.480     1.480 r  BTND_IBUF_inst/O
                         net (fo=1, routed)           1.731     3.211    db_d/i_in
    SLICE_X2Y107         FDCE                                         r  db_d/sync_meta_reg/D
  -------------------------------------------------------------------    -------------------

                         (clock sys_clk_pin rise edge)
                                                      0.000     0.000 r  
    E3                                                0.000     0.000 r  CLK100MHZ (IN)
                         net (fo=0)                   0.000     0.000    CLK100MHZ
    E3                   IBUF (Prop_ibuf_I_O)         1.411     1.411 r  CLK100MHZ_IBUF_inst/O
                         net (fo=1, routed)           1.920     3.331    CLK100MHZ_IBUF
    BUFGCTRL_X0Y16       BUFG (Prop_bufg_I_O)         0.091     3.422 r  CLK100MHZ_IBUF_BUFG_inst/O
                         net (fo=278, routed)         1.588     5.010    db_d/CLK100MHZ_IBUF_BUFG
    SLICE_X2Y107         FDCE                                         r  db_d/sync_meta_reg/C

Slack:                    inf
  Source:                 BTNR
                            (input port)
  Destination:            db_r/sync_meta_reg/D
                            (rising edge-triggered cell FDCE clocked by sys_clk_pin  {rise@0.000ns fall@5.000ns period=10.000ns})
  Path Group:             (none)
  Path Type:              Setup (Max at Slow Process Corner)
  Data Path Delay:        3.124ns  (logic 1.467ns (46.970%)  route 1.657ns (53.030%))
  Logic Levels:           1  (IBUF=1)
  Clock Path Skew:        5.010ns (DCD - SCD + CPR)
    Destination Clock Delay (DCD):    5.010ns
    Source Clock Delay      (SCD):    0.000ns
    Clock Pessimism Removal (CPR):    0.000ns
  Clock Uncertainty:      0.025ns  ((TSJ^2 + TIJ^2)^1/2 + DJ) / 2 + PE
    Total System Jitter     (TSJ):    0.050ns
    Total Input Jitter      (TIJ):    0.000ns
    Discrete Jitter          (DJ):    0.000ns
    Phase Error              (PE):    0.000ns

    Location             Delay type                Incr(ns)  Path(ns)    Netlist Resource(s)
  -------------------------------------------------------------------    -------------------
    M17                                               0.000     0.000 r  BTNR (IN)
                         net (fo=0)                   0.000     0.000    BTNR
    M17                  IBUF (Prop_ibuf_I_O)         1.467     1.467 r  BTNR_IBUF_inst/O
                         net (fo=1, routed)           1.657     3.124    db_r/i_in
    SLICE_X2Y107         FDCE                                         r  db_r/sync_meta_reg/D
  -------------------------------------------------------------------    -------------------

                         (clock sys_clk_pin rise edge)
                                                      0.000     0.000 r  
    E3                                                0.000     0.000 r  CLK100MHZ (IN)
                         net (fo=0)                   0.000     0.000    CLK100MHZ
    E3                   IBUF (Prop_ibuf_I_O)         1.411     1.411 r  CLK100MHZ_IBUF_inst/O
                         net (fo=1, routed)           1.920     3.331    CLK100MHZ_IBUF
    BUFGCTRL_X0Y16       BUFG (Prop_bufg_I_O)         0.091     3.422 r  CLK100MHZ_IBUF_BUFG_inst/O
                         net (fo=278, routed)         1.588     5.010    db_r/CLK100MHZ_IBUF_BUFG
    SLICE_X2Y107         FDCE                                         r  db_r/sync_meta_reg/C

Slack:                    inf
  Source:                 BTNC
                            (input port)
  Destination:            rst_meta_reg/D
                            (rising edge-triggered cell FDRE clocked by sys_clk_pin  {rise@0.000ns fall@5.000ns period=10.000ns})
  Path Group:             (none)
  Path Type:              Setup (Max at Slow Process Corner)
  Data Path Delay:        2.964ns  (logic 1.477ns (49.822%)  route 1.487ns (50.178%))
  Logic Levels:           1  (IBUF=1)
  Clock Path Skew:        5.012ns (DCD - SCD + CPR)
    Destination Clock Delay (DCD):    5.012ns
    Source Clock Delay      (SCD):    0.000ns
    Clock Pessimism Removal (CPR):    0.000ns
  Clock Uncertainty:      0.025ns  ((TSJ^2 + TIJ^2)^1/2 + DJ) / 2 + PE
    Total System Jitter     (TSJ):    0.050ns
    Total Input Jitter      (TIJ):    0.000ns
    Discrete Jitter          (DJ):    0.000ns
    Phase Error              (PE):    0.000ns

    Location             Delay type                Incr(ns)  Path(ns)    Netlist Resource(s)
  -------------------------------------------------------------------    -------------------
    N17                                               0.000     0.000 r  BTNC (IN)
                         net (fo=0)                   0.000     0.000    BTNC
    N17                  IBUF (Prop_ibuf_I_O)         1.477     1.477 r  BTNC_IBUF_inst/O
                         net (fo=1, routed)           1.487     2.964    BTNC_IBUF
    SLICE_X1Y101         FDRE                                         r  rst_meta_reg/D
  -------------------------------------------------------------------    -------------------

                         (clock sys_clk_pin rise edge)
                                                      0.000     0.000 r  
    E3                                                0.000     0.000 r  CLK100MHZ (IN)
                         net (fo=0)                   0.000     0.000    CLK100MHZ
    E3                   IBUF (Prop_ibuf_I_O)         1.411     1.411 r  CLK100MHZ_IBUF_inst/O
                         net (fo=1, routed)           1.920     3.331    CLK100MHZ_IBUF
    BUFGCTRL_X0Y16       BUFG (Prop_bufg_I_O)         0.091     3.422 r  CLK100MHZ_IBUF_BUFG_inst/O
                         net (fo=278, routed)         1.590     5.012    CLK100MHZ_IBUF_BUFG
    SLICE_X1Y101         FDRE                                         r  rst_meta_reg/C

Slack:                    inf
  Source:                 BTNU
                            (input port)
  Destination:            db_u/sync_meta_reg/D
                            (rising edge-triggered cell FDCE clocked by sys_clk_pin  {rise@0.000ns fall@5.000ns period=10.000ns})
  Path Group:             (none)
  Path Type:              Setup (Max at Slow Process Corner)
  Data Path Delay:        2.625ns  (logic 1.486ns (56.594%)  route 1.140ns (43.406%))
  Logic Levels:           1  (IBUF=1)
  Clock Path Skew:        5.012ns (DCD - SCD + CPR)
    Destination Clock Delay (DCD):    5.012ns
    Source Clock Delay      (SCD):    0.000ns
    Clock Pessimism Removal (CPR):    0.000ns
  Clock Uncertainty:      0.025ns  ((TSJ^2 + TIJ^2)^1/2 + DJ) / 2 + PE
    Total System Jitter     (TSJ):    0.050ns
    Total Input Jitter      (TIJ):    0.000ns
    Discrete Jitter          (DJ):    0.000ns
    Phase Error              (PE):    0.000ns

    Location             Delay type                Incr(ns)  Path(ns)    Netlist Resource(s)
  -------------------------------------------------------------------    -------------------
    M18                                               0.000     0.000 r  BTNU (IN)
                         net (fo=0)                   0.000     0.000    BTNU
    M18                  IBUF (Prop_ibuf_I_O)         1.486     1.486 r  BTNU_IBUF_inst/O
                         net (fo=1, routed)           1.140     2.625    db_u/i_in
    SLICE_X1Y102         FDCE                                         r  db_u/sync_meta_reg/D
  -------------------------------------------------------------------    -------------------

                         (clock sys_clk_pin rise edge)
                                                      0.000     0.000 r  
    E3                                                0.000     0.000 r  CLK100MHZ (IN)
                         net (fo=0)                   0.000     0.000    CLK100MHZ
    E3                   IBUF (Prop_ibuf_I_O)         1.411     1.411 r  CLK100MHZ_IBUF_inst/O
                         net (fo=1, routed)           1.920     3.331    CLK100MHZ_IBUF
    BUFGCTRL_X0Y16       BUFG (Prop_bufg_I_O)         0.091     3.422 r  CLK100MHZ_IBUF_BUFG_inst/O
                         net (fo=278, routed)         1.590     5.012    db_u/CLK100MHZ_IBUF_BUFG
    SLICE_X1Y102         FDCE                                         r  db_u/sync_meta_reg/C





Min Delay Paths
--------------------------------------------------------------------------------------
Slack:                    inf
  Source:                 BTNU
                            (input port)
  Destination:            db_u/sync_meta_reg/D
                            (rising edge-triggered cell FDCE clocked by sys_clk_pin  {rise@0.000ns fall@5.000ns period=10.000ns})
  Path Group:             (none)
  Path Type:              Hold (Min at Fast Process Corner)
  Data Path Delay:        0.709ns  (logic 0.254ns (35.759%)  route 0.456ns (64.241%))
  Logic Levels:           1  (IBUF=1)
  Clock Path Skew:        2.037ns (DCD - SCD - CPR)
    Destination Clock Delay (DCD):    2.037ns
    Source Clock Delay      (SCD):    0.000ns
    Clock Pessimism Removal (CPR):    -0.000ns

    Location             Delay type                Incr(ns)  Path(ns)    Netlist Resource(s)
  -------------------------------------------------------------------    -------------------
    M18                                               0.000     0.000 r  BTNU (IN)
                         net (fo=0)                   0.000     0.000    BTNU
    M18                  IBUF (Prop_ibuf_I_O)         0.254     0.254 r  BTNU_IBUF_inst/O
                         net (fo=1, routed)           0.456     0.709    db_u/i_in
    SLICE_X1Y102         FDCE                                         r  db_u/sync_meta_reg/D
  -------------------------------------------------------------------    -------------------

                         (clock sys_clk_pin rise edge)
                                                      0.000     0.000 r  
    E3                                                0.000     0.000 r  CLK100MHZ (IN)
                         net (fo=0)                   0.000     0.000    CLK100MHZ
    E3                   IBUF (Prop_ibuf_I_O)         0.438     0.438 r  CLK100MHZ_IBUF_inst/O
                         net (fo=1, routed)           0.699     1.136    CLK100MHZ_IBUF
    BUFGCTRL_X0Y16       BUFG (Prop_bufg_I_O)         0.029     1.165 r  CLK100MHZ_IBUF_BUFG_inst/O
                         net (fo=278, routed)         0.872     2.037    db_u/CLK100MHZ_IBUF_BUFG
    SLICE_X1Y102         FDCE                                         r  db_u/sync_meta_reg/C

Slack:                    inf
  Source:                 BTNC
                            (input port)
  Destination:            rst_meta_reg/D
                            (rising edge-triggered cell FDRE clocked by sys_clk_pin  {rise@0.000ns fall@5.000ns period=10.000ns})
  Path Group:             (none)
  Path Type:              Hold (Min at Fast Process Corner)
  Data Path Delay:        0.847ns  (logic 0.244ns (28.876%)  route 0.602ns (71.124%))
  Logic Levels:           1  (IBUF=1)
  Clock Path Skew:        2.037ns (DCD - SCD - CPR)
    Destination Clock Delay (DCD):    2.037ns
    Source Clock Delay      (SCD):    0.000ns
    Clock Pessimism Removal (CPR):    -0.000ns

    Location             Delay type                Incr(ns)  Path(ns)    Netlist Resource(s)
  -------------------------------------------------------------------    -------------------
    N17                                               0.000     0.000 r  BTNC (IN)
                         net (fo=0)                   0.000     0.000    BTNC
    N17                  IBUF (Prop_ibuf_I_O)         0.244     0.244 r  BTNC_IBUF_inst/O
                         net (fo=1, routed)           0.602     0.847    BTNC_IBUF
    SLICE_X1Y101         FDRE                                         r  rst_meta_reg/D
  -------------------------------------------------------------------    -------------------

                         (clock sys_clk_pin rise edge)
                                                      0.000     0.000 r  
    E3                                                0.000     0.000 r  CLK100MHZ (IN)
                         net (fo=0)                   0.000     0.000    CLK100MHZ
    E3                   IBUF (Prop_ibuf_I_O)         0.438     0.438 r  CLK100MHZ_IBUF_inst/O
                         net (fo=1, routed)           0.699     1.136    CLK100MHZ_IBUF
    BUFGCTRL_X0Y16       BUFG (Prop_bufg_I_O)         0.029     1.165 r  CLK100MHZ_IBUF_BUFG_inst/O
                         net (fo=278, routed)         0.872     2.037    CLK100MHZ_IBUF_BUFG
    SLICE_X1Y101         FDRE                                         r  rst_meta_reg/C

Slack:                    inf
  Source:                 BTNR
                            (input port)
  Destination:            db_r/sync_meta_reg/D
                            (rising edge-triggered cell FDCE clocked by sys_clk_pin  {rise@0.000ns fall@5.000ns period=10.000ns})
  Path Group:             (none)
  Path Type:              Hold (Min at Fast Process Corner)
  Data Path Delay:        0.883ns  (logic 0.235ns (26.654%)  route 0.648ns (73.346%))
  Logic Levels:           1  (IBUF=1)
  Clock Path Skew:        2.035ns (DCD - SCD - CPR)
    Destination Clock Delay (DCD):    2.035ns
    Source Clock Delay      (SCD):    0.000ns
    Clock Pessimism Removal (CPR):    -0.000ns

    Location             Delay type                Incr(ns)  Path(ns)    Netlist Resource(s)
  -------------------------------------------------------------------    -------------------
    M17                                               0.000     0.000 r  BTNR (IN)
                         net (fo=0)                   0.000     0.000    BTNR
    M17                  IBUF (Prop_ibuf_I_O)         0.235     0.235 r  BTNR_IBUF_inst/O
                         net (fo=1, routed)           0.648     0.883    db_r/i_in
    SLICE_X2Y107         FDCE                                         r  db_r/sync_meta_reg/D
  -------------------------------------------------------------------    -------------------

                         (clock sys_clk_pin rise edge)
                                                      0.000     0.000 r  
    E3                                                0.000     0.000 r  CLK100MHZ (IN)
                         net (fo=0)                   0.000     0.000    CLK100MHZ
    E3                   IBUF (Prop_ibuf_I_O)         0.438     0.438 r  CLK100MHZ_IBUF_inst/O
                         net (fo=1, routed)           0.699     1.136    CLK100MHZ_IBUF
    BUFGCTRL_X0Y16       BUFG (Prop_bufg_I_O)         0.029     1.165 r  CLK100MHZ_IBUF_BUFG_inst/O
                         net (fo=278, routed)         0.870     2.035    db_r/CLK100MHZ_IBUF_BUFG
    SLICE_X2Y107         FDCE                                         r  db_r/sync_meta_reg/C

Slack:                    inf
  Source:                 BTND
                            (input port)
  Destination:            db_d/sync_meta_reg/D
                            (rising edge-triggered cell FDCE clocked by sys_clk_pin  {rise@0.000ns fall@5.000ns period=10.000ns})
  Path Group:             (none)
  Path Type:              Hold (Min at Fast Process Corner)
  Data Path Delay:        0.952ns  (logic 0.248ns (26.031%)  route 0.704ns (73.969%))
  Logic Levels:           1  (IBUF=1)
  Clock Path Skew:        2.035ns (DCD - SCD - CPR)
    Destination Clock Delay (DCD):    2.035ns
    Source Clock Delay      (SCD):    0.000ns
    Clock Pessimism Removal (CPR):    -0.000ns

    Location             Delay type                Incr(ns)  Path(ns)    Netlist Resource(s)
  -------------------------------------------------------------------    -------------------
    P18                                               0.000     0.000 r  BTND (IN)
                         net (fo=0)                   0.000     0.000    BTND
    P18                  IBUF (Prop_ibuf_I_O)         0.248     0.248 r  BTND_IBUF_inst/O
                         net (fo=1, routed)           0.704     0.952    db_d/i_in
    SLICE_X2Y107         FDCE                                         r  db_d/sync_meta_reg/D
  -------------------------------------------------------------------    -------------------

                         (clock sys_clk_pin rise edge)
                                                      0.000     0.000 r  
    E3                                                0.000     0.000 r  CLK100MHZ (IN)
                         net (fo=0)                   0.000     0.000    CLK100MHZ
    E3                   IBUF (Prop_ibuf_I_O)         0.438     0.438 r  CLK100MHZ_IBUF_inst/O
                         net (fo=1, routed)           0.699     1.136    CLK100MHZ_IBUF
    BUFGCTRL_X0Y16       BUFG (Prop_bufg_I_O)         0.029     1.165 r  CLK100MHZ_IBUF_BUFG_inst/O
                         net (fo=278, routed)         0.870     2.035    db_d/CLK100MHZ_IBUF_BUFG
    SLICE_X2Y107         FDCE                                         r  db_d/sync_meta_reg/C

Slack:                    inf
  Source:                 BTNL
                            (input port)
  Destination:            db_l/sync_meta_reg/D
                            (rising edge-triggered cell FDCE clocked by sys_clk_pin  {rise@0.000ns fall@5.000ns period=10.000ns})
  Path Group:             (none)
  Path Type:              Hold (Min at Fast Process Corner)
  Data Path Delay:        1.127ns  (logic 0.256ns (22.680%)  route 0.872ns (77.320%))
  Logic Levels:           1  (IBUF=1)
  Clock Path Skew:        2.027ns (DCD - SCD - CPR)
    Destination Clock Delay (DCD):    2.027ns
    Source Clock Delay      (SCD):    0.000ns
    Clock Pessimism Removal (CPR):    -0.000ns

    Location             Delay type                Incr(ns)  Path(ns)    Netlist Resource(s)
  -------------------------------------------------------------------    -------------------
    P17                                               0.000     0.000 r  BTNL (IN)
                         net (fo=0)                   0.000     0.000    BTNL
    P17                  IBUF (Prop_ibuf_I_O)         0.256     0.256 r  BTNL_IBUF_inst/O
                         net (fo=1, routed)           0.872     1.127    db_l/i_in
    SLICE_X4Y115         FDCE                                         r  db_l/sync_meta_reg/D
  -------------------------------------------------------------------    -------------------

                         (clock sys_clk_pin rise edge)
                                                      0.000     0.000 r  
    E3                                                0.000     0.000 r  CLK100MHZ (IN)
                         net (fo=0)                   0.000     0.000    CLK100MHZ
    E3                   IBUF (Prop_ibuf_I_O)         0.438     0.438 r  CLK100MHZ_IBUF_inst/O
                         net (fo=1, routed)           0.699     1.136    CLK100MHZ_IBUF
    BUFGCTRL_X0Y16       BUFG (Prop_bufg_I_O)         0.029     1.165 r  CLK100MHZ_IBUF_BUFG_inst/O
                         net (fo=278, routed)         0.861     2.027    db_l/CLK100MHZ_IBUF_BUFG
    SLICE_X4Y115         FDCE                                         r  db_l/sync_meta_reg/C





