Copyright 1986-2022 Xilinx, Inc. All Rights Reserved. Copyright 2022-2024 Advanced Micro Devices, Inc. All Rights Reserved.
--------------------------------------------------------------------------------------------------------------------------------------------------------------------------------
| Tool Version : Vivado v.2024.2 (win64) Build 5239630 Fri Nov 08 22:35:27 MST 2024
| Date         : Sat Sep 19 23:34:21 2026
| Host         : DESKTOP-6EVF12B running 64-bit major release  (build 9200)
| Command      : report_timing_summary -delay_type min_max -report_unconstrained -max_paths 10 -file C:/Users/DCLAB/Documents/FPGA_Lab1/report/nexys_current/timing_summary.rpt
| Design       : NEXYS_A7
| Device       : 7a100t-csg324
| Speed File   : -1  PRODUCTION 1.23 2018-06-13
| Design State : Routed
--------------------------------------------------------------------------------------------------------------------------------------------------------------------------------

Timing Summary Report

------------------------------------------------------------------------------------------------
| Timer Settings
| --------------
------------------------------------------------------------------------------------------------

  Enable Multi Corner Analysis               :  Yes
  Enable Pessimism Removal                   :  Yes
  Pessimism Removal Resolution               :  Nearest Common Node
  Enable Input Delay Default Clock           :  No
  Enable Preset / Clear Arcs                 :  No
  Disable Flight Delays                      :  No
  Ignore I/O Paths                           :  No
  Timing Early Launch at Borrowing Latches   :  No
  Borrow Time for Max Delay Exceptions       :  Yes
  Merge Timing Exceptions                    :  Yes
  Inter-SLR Compensation                     :  Conservative

  Corner  Analyze    Analyze    
  Name    Max Paths  Min Paths  
  ------  ---------  ---------  
  Slow    Yes        Yes        
  Fast    Yes        Yes        


------------------------------------------------------------------------------------------------
| Report Methodology
| ------------------
------------------------------------------------------------------------------------------------

No report available as report_methodology has not been run prior. Run report_methodology on the current design for the summary of methodology violations.



check_timing report

Table of Contents
-----------------
1. checking no_clock (0)
2. checking constant_clock (0)
3. checking pulse_width_clock (0)
4. checking unconstrained_internal_endpoints (0)
5. checking no_input_delay (2)
6. checking no_output_delay (9)
7. checking multiple_clock (0)
8. checking generated_clocks (0)
9. checking loops (0)
10. checking partial_input_delay (0)
11. checking partial_output_delay (0)
12. checking latch_loops (0)

1. checking no_clock (0)
------------------------
 There are 0 register/latch pins with no clock.


2. checking constant_clock (0)
------------------------------
 There are 0 register/latch pins with constant_clock.


3. checking pulse_width_clock (0)
---------------------------------
 There are 0 register/latch pins which need pulse_width check


4. checking unconstrained_internal_endpoints (0)
------------------------------------------------
 There are 0 pins that are not constrained for maximum delay.

 There are 0 pins that are not constrained for maximum delay due to constant clock.


5. checking no_input_delay (2)
------------------------------
 There are 2 input ports with no input delay specified. (HIGH)

 There are 0 input ports with no input delay but user has a false path constraint.


6. checking no_output_delay (9)
-------------------------------
 There are 9 ports with no output delay specified. (HIGH)

 There are 0 ports with no output delay but user has a false path constraint

 There are 0 ports with no output delay but with a timing clock defined on it or propagating through it


7. checking multiple_clock (0)
------------------------------
 There are 0 register/latch pins with multiple clocks.


8. checking generated_clocks (0)
--------------------------------
 There are 0 generated clocks that are not connected to a clock source.


9. checking loops (0)
---------------------
 There are 0 combinational loops in the design.


10. checking partial_input_delay (0)
------------------------------------
 There are 0 input ports with partial input delay specified.


11. checking partial_output_delay (0)
-------------------------------------
 There are 0 ports with partial output delay specified.


12. checking latch_loops (0)
----------------------------
 There are 0 combinational latch loops in the design through latch input



------------------------------------------------------------------------------------------------
| Design Timing Summary
| ---------------------
------------------------------------------------------------------------------------------------

    WNS(ns)      TNS(ns)  TNS Failing Endpoints  TNS Total Endpoints      WHS(ns)      THS(ns)  THS Failing Endpoints  THS Total Endpoints     WPWS(ns)     TPWS(ns)  TPWS Failing Endpoints  TPWS Total Endpoints  
    -------      -------  ---------------------  -------------------      -------      -------  ---------------------  -------------------     --------     --------  ----------------------  --------------------  
      5.158        0.000                      0                   45        0.195        0.000                      0                   45        4.500        0.000                       0                    42  


All user specified timing constraints are met.


------------------------------------------------------------------------------------------------
| Clock Summary
| -------------
------------------------------------------------------------------------------------------------

Clock        Waveform(ns)       Period(ns)      Frequency(MHz)
-----        ------------       ----------      --------------
sys_clk_pin  {0.000 5.000}      10.000          100.000         


------------------------------------------------------------------------------------------------
| Intra Clock Table
| -----------------
------------------------------------------------------------------------------------------------

Clock             WNS(ns)      TNS(ns)  TNS Failing Endpoints  TNS Total Endpoints      WHS(ns)      THS(ns)  THS Failing Endpoints  THS Total Endpoints     WPWS(ns)     TPWS(ns)  TPWS Failing Endpoints  TPWS Total Endpoints  
-----             -------      -------  ---------------------  -------------------      -------      -------  ---------------------  -------------------     --------     --------  ----------------------  --------------------  
sys_clk_pin         5.158        0.000                      0                   45        0.195        0.000                      0                   45        4.500        0.000                       0                    42  


------------------------------------------------------------------------------------------------
| Inter Clock Table
| -----------------
------------------------------------------------------------------------------------------------

From Clock    To Clock          WNS(ns)      TNS(ns)  TNS Failing Endpoints  TNS Total Endpoints      WHS(ns)      THS(ns)  THS Failing Endpoints  THS Total Endpoints  
----------    --------          -------      -------  ---------------------  -------------------      -------      -------  ---------------------  -------------------  


------------------------------------------------------------------------------------------------
| Other Path Groups Table
| -----------------------
------------------------------------------------------------------------------------------------

Path Group    From Clock    To Clock          WNS(ns)      TNS(ns)  TNS Failing Endpoints  TNS Total Endpoints      WHS(ns)      THS(ns)  THS Failing Endpoints  THS Total Endpoints  
----------    ----------    --------          -------      -------  ---------------------  -------------------      -------      -------  ---------------------  -------------------  


------------------------------------------------------------------------------------------------
| User Ignored Path Table
| -----------------------
------------------------------------------------------------------------------------------------

Path Group    From Clock    To Clock    
----------    ----------    --------    


------------------------------------------------------------------------------------------------
| Unconstrained Path Table
| ------------------------
------------------------------------------------------------------------------------------------

Path Group    From Clock    To Clock    
----------    ----------    --------    
(none)        sys_clk_pin                 
(none)                      sys_clk_pin   


------------------------------------------------------------------------------------------------
| Timing Details
| --------------
------------------------------------------------------------------------------------------------


---------------------------------------------------------------------------------------------------
From Clock:  sys_clk_pin
  To Clock:  sys_clk_pin

Setup :            0  Failing Endpoints,  Worst Slack        5.158ns,  Total Violation        0.000ns
Hold  :            0  Failing Endpoints,  Worst Slack        0.195ns,  Total Violation        0.000ns
PW    :            0  Failing Endpoints,  Worst Slack        4.500ns,  Total Violation        0.000ns
---------------------------------------------------------------------------------------------------


Max Delay Paths
--------------------------------------------------------------------------------------
Slack (MET) :             5.158ns  (required time - arrival time)
  Source:                 top0/clk_cnt_reg[0]/C
                            (rising edge-triggered cell FDRE clocked by sys_clk_pin  {rise@0.000ns fall@5.000ns period=10.000ns})
  Destination:            top0/clk_cnt_reg[25]/D
                            (rising edge-triggered cell FDRE clocked by sys_clk_pin  {rise@0.000ns fall@5.000ns period=10.000ns})
  Path Group:             sys_clk_pin
  Path Type:              Setup (Max at Slow Process Corner)
  Requirement:            10.000ns  (sys_clk_pin rise@10.000ns - sys_clk_pin rise@0.000ns)
  Data Path Delay:        4.841ns  (logic 2.897ns (59.839%)  route 1.944ns (40.161%))
  Logic Levels:           9  (CARRY4=8 LUT6=1)
  Clock Path Skew:        -0.027ns (DCD - SCD + CPR)
    Destination Clock Delay (DCD):    5.010ns = ( 15.010 - 10.000 ) 
    Source Clock Delay      (SCD):    5.312ns
    Clock Pessimism Removal (CPR):    0.275ns
  Clock Uncertainty:      0.035ns  ((TSJ^2 + TIJ^2)^1/2 + DJ) / 2 + PE
    Total System Jitter     (TSJ):    0.071ns
    Total Input Jitter      (TIJ):    0.000ns
    Discrete Jitter          (DJ):    0.000ns
    Phase Error              (PE):    0.000ns

    Location             Delay type                Incr(ns)  Path(ns)    Netlist Resource(s)
  -------------------------------------------------------------------    -------------------
                         (clock sys_clk_pin rise edge)
                                                      0.000     0.000 r  
    E3                                                0.000     0.000 r  CLK100MHZ (IN)
                         net (fo=0)                   0.000     0.000    CLK100MHZ
    E3                   IBUF (Prop_ibuf_I_O)         1.482     1.482 r  CLK100MHZ_IBUF_inst/O
                         net (fo=1, routed)           2.025     3.506    CLK100MHZ_IBUF
    BUFGCTRL_X0Y16       BUFG (Prop_bufg_I_O)         0.096     3.602 r  CLK100MHZ_IBUF_BUFG_inst/O
                         net (fo=41, routed)          1.710     5.312    top0/CLK
    SLICE_X0Y101         FDRE                                         r  top0/clk_cnt_reg[0]/C
  -------------------------------------------------------------------    -------------------
    SLICE_X0Y101         FDRE (Prop_fdre_C_Q)         0.456     5.768 r  top0/clk_cnt_reg[0]/Q
                         net (fo=3, routed)           0.806     6.574    top0/clk_cnt_reg_n_0_[0]
    SLICE_X1Y101         CARRY4 (Prop_carry4_CYINIT_CO[3])
                                                      0.580     7.154 r  top0/clk_cnt0_carry/CO[3]
                         net (fo=1, routed)           0.000     7.154    top0/clk_cnt0_carry_n_0
    SLICE_X1Y102         CARRY4 (Prop_carry4_CI_CO[3])
                                                      0.114     7.268 r  top0/clk_cnt0_carry__0/CO[3]
                         net (fo=1, routed)           0.000     7.268    top0/clk_cnt0_carry__0_n_0
    SLICE_X1Y103         CARRY4 (Prop_carry4_CI_CO[3])
                                                      0.114     7.382 r  top0/clk_cnt0_carry__1/CO[3]
                         net (fo=1, routed)           0.000     7.382    top0/clk_cnt0_carry__1_n_0
    SLICE_X1Y104         CARRY4 (Prop_carry4_CI_CO[3])
                                                      0.114     7.496 r  top0/clk_cnt0_carry__2/CO[3]
                         net (fo=1, routed)           0.000     7.496    top0/clk_cnt0_carry__2_n_0
    SLICE_X1Y105         CARRY4 (Prop_carry4_CI_CO[3])
                                                      0.114     7.610 r  top0/clk_cnt0_carry__3/CO[3]
                         net (fo=1, routed)           0.000     7.610    top0/clk_cnt0_carry__3_n_0
    SLICE_X1Y106         CARRY4 (Prop_carry4_CI_O[0])
                                                      0.222     7.832 r  top0/clk_cnt0_carry__4/O[0]
                         net (fo=1, routed)           1.139     8.971    top0/clk_cnt0[21]
    SLICE_X0Y106         LUT6 (Prop_lut6_I2_O)        0.299     9.270 r  top0/clk_cnt[20]_i_4/O
                         net (fo=1, routed)           0.000     9.270    top0/clk_cnt[20]_i_4_n_0
    SLICE_X0Y106         CARRY4 (Prop_carry4_S[1]_CO[3])
                                                      0.550     9.820 r  top0/clk_cnt_reg[20]_i_1/CO[3]
                         net (fo=1, routed)           0.000     9.820    top0/clk_cnt_reg[20]_i_1_n_0
    SLICE_X0Y107         CARRY4 (Prop_carry4_CI_O[1])
                                                      0.334    10.154 r  top0/clk_cnt_reg[24]_i_1/O[1]
                         net (fo=1, routed)           0.000    10.154    top0/clk_cnt_reg[24]_i_1_n_6
    SLICE_X0Y107         FDRE                                         r  top0/clk_cnt_reg[25]/D
  -------------------------------------------------------------------    -------------------

                         (clock sys_clk_pin rise edge)
                                                     10.000    10.000 r  
    E3                                                0.000    10.000 r  CLK100MHZ (IN)
                         net (fo=0)                   0.000    10.000    CLK100MHZ
    E3                   IBUF (Prop_ibuf_I_O)         1.411    11.411 r  CLK100MHZ_IBUF_inst/O
                         net (fo=1, routed)           1.920    13.331    CLK100MHZ_IBUF
    BUFGCTRL_X0Y16       BUFG (Prop_bufg_I_O)         0.091    13.422 r  CLK100MHZ_IBUF_BUFG_inst/O
                         net (fo=41, routed)          1.588    15.010    top0/CLK
    SLICE_X0Y107         FDRE                                         r  top0/clk_cnt_reg[25]/C
                         clock pessimism              0.275    15.285    
                         clock uncertainty           -0.035    15.250    
    SLICE_X0Y107         FDRE (Setup_fdre_C_D)        0.062    15.312    top0/clk_cnt_reg[25]
  -------------------------------------------------------------------
                         required time                         15.312    
                         arrival time                         -10.154    
  -------------------------------------------------------------------
                         slack                                  5.158    

Slack (MET) :             5.179ns  (required time - arrival time)
  Source:                 top0/clk_cnt_reg[0]/C
                            (rising edge-triggered cell FDRE clocked by sys_clk_pin  {rise@0.000ns fall@5.000ns period=10.000ns})
  Destination:            top0/clk_cnt_reg[27]/D
                            (rising edge-triggered cell FDRE clocked by sys_clk_pin  {rise@0.000ns fall@5.000ns period=10.000ns})
  Path Group:             sys_clk_pin
  Path Type:              Setup (Max at Slow Process Corner)
  Requirement:            10.000ns  (sys_clk_pin rise@10.000ns - sys_clk_pin rise@0.000ns)
  Data Path Delay:        4.820ns  (logic 2.876ns (59.664%)  route 1.944ns (40.336%))
  Logic Levels:           9  (CARRY4=8 LUT6=1)
  Clock Path Skew:        -0.027ns (DCD - SCD + CPR)
    Destination Clock Delay (DCD):    5.010ns = ( 15.010 - 10.000 ) 
    Source Clock Delay      (SCD):    5.312ns
    Clock Pessimism Removal (CPR):    0.275ns
  Clock Uncertainty:      0.035ns  ((TSJ^2 + TIJ^2)^1/2 + DJ) / 2 + PE
    Total System Jitter     (TSJ):    0.071ns
    Total Input Jitter      (TIJ):    0.000ns
    Discrete Jitter          (DJ):    0.000ns
    Phase Error              (PE):    0.000ns

    Location             Delay type                Incr(ns)  Path(ns)    Netlist Resource(s)
  -------------------------------------------------------------------    -------------------
                         (clock sys_clk_pin rise edge)
                                                      0.000     0.000 r  
    E3                                                0.000     0.000 r  CLK100MHZ (IN)
                         net (fo=0)                   0.000     0.000    CLK100MHZ
    E3                   IBUF (Prop_ibuf_I_O)         1.482     1.482 r  CLK100MHZ_IBUF_inst/O
                         net (fo=1, routed)           2.025     3.506    CLK100MHZ_IBUF
    BUFGCTRL_X0Y16       BUFG (Prop_bufg_I_O)         0.096     3.602 r  CLK100MHZ_IBUF_BUFG_inst/O
                         net (fo=41, routed)          1.710     5.312    top0/CLK
    SLICE_X0Y101         FDRE                                         r  top0/clk_cnt_reg[0]/C
  -------------------------------------------------------------------    -------------------
    SLICE_X0Y101         FDRE (Prop_fdre_C_Q)         0.456     5.768 r  top0/clk_cnt_reg[0]/Q
                         net (fo=3, routed)           0.806     6.574    top0/clk_cnt_reg_n_0_[0]
    SLICE_X1Y101         CARRY4 (Prop_carry4_CYINIT_CO[3])
                                                      0.580     7.154 r  top0/clk_cnt0_carry/CO[3]
                         net (fo=1, routed)           0.000     7.154    top0/clk_cnt0_carry_n_0
    SLICE_X1Y102         CARRY4 (Prop_carry4_CI_CO[3])
                                                      0.114     7.268 r  top0/clk_cnt0_carry__0/CO[3]
                         net (fo=1, routed)           0.000     7.268    top0/clk_cnt0_carry__0_n_0
    SLICE_X1Y103         CARRY4 (Prop_carry4_CI_CO[3])
                                                      0.114     7.382 r  top0/clk_cnt0_carry__1/CO[3]
                         net (fo=1, routed)           0.000     7.382    top0/clk_cnt0_carry__1_n_0
    SLICE_X1Y104         CARRY4 (Prop_carry4_CI_CO[3])
                                                      0.114     7.496 r  top0/clk_cnt0_carry__2/CO[3]
                         net (fo=1, routed)           0.000     7.496    top0/clk_cnt0_carry__2_n_0
    SLICE_X1Y105         CARRY4 (Prop_carry4_CI_CO[3])
                                                      0.114     7.610 r  top0/clk_cnt0_carry__3/CO[3]
                         net (fo=1, routed)           0.000     7.610    top0/clk_cnt0_carry__3_n_0
    SLICE_X1Y106         CARRY4 (Prop_carry4_CI_O[0])
                                                      0.222     7.832 r  top0/clk_cnt0_carry__4/O[0]
                         net (fo=1, routed)           1.139     8.971    top0/clk_cnt0[21]
    SLICE_X0Y106         LUT6 (Prop_lut6_I2_O)        0.299     9.270 r  top0/clk_cnt[20]_i_4/O
                         net (fo=1, routed)           0.000     9.270    top0/clk_cnt[20]_i_4_n_0
    SLICE_X0Y106         CARRY4 (Prop_carry4_S[1]_CO[3])
                                                      0.550     9.820 r  top0/clk_cnt_reg[20]_i_1/CO[3]
                         net (fo=1, routed)           0.000     9.820    top0/clk_cnt_reg[20]_i_1_n_0
    SLICE_X0Y107         CARRY4 (Prop_carry4_CI_O[3])
                                                      0.313    10.133 r  top0/clk_cnt_reg[24]_i_1/O[3]
                         net (fo=1, routed)           0.000    10.133    top0/clk_cnt_reg[24]_i_1_n_4
    SLICE_X0Y107         FDRE                                         r  top0/clk_cnt_reg[27]/D
  -------------------------------------------------------------------    -------------------

                         (clock sys_clk_pin rise edge)
                                                     10.000    10.000 r  
    E3                                                0.000    10.000 r  CLK100MHZ (IN)
                         net (fo=0)                   0.000    10.000    CLK100MHZ
    E3                   IBUF (Prop_ibuf_I_O)         1.411    11.411 r  CLK100MHZ_IBUF_inst/O
                         net (fo=1, routed)           1.920    13.331    CLK100MHZ_IBUF
    BUFGCTRL_X0Y16       BUFG (Prop_bufg_I_O)         0.091    13.422 r  CLK100MHZ_IBUF_BUFG_inst/O
                         net (fo=41, routed)          1.588    15.010    top0/CLK
    SLICE_X0Y107         FDRE                                         r  top0/clk_cnt_reg[27]/C
                         clock pessimism              0.275    15.285    
                         clock uncertainty           -0.035    15.250    
    SLICE_X0Y107         FDRE (Setup_fdre_C_D)        0.062    15.312    top0/clk_cnt_reg[27]
  -------------------------------------------------------------------
                         required time                         15.312    
                         arrival time                         -10.133    
  -------------------------------------------------------------------
                         slack                                  5.179    

Slack (MET) :             5.253ns  (required time - arrival time)
  Source:                 top0/clk_cnt_reg[0]/C
                            (rising edge-triggered cell FDRE clocked by sys_clk_pin  {rise@0.000ns fall@5.000ns period=10.000ns})
  Destination:            top0/clk_cnt_reg[26]/D
                            (rising edge-triggered cell FDRE clocked by sys_clk_pin  {rise@0.000ns fall@5.000ns period=10.000ns})
  Path Group:             sys_clk_pin
  Path Type:              Setup (Max at Slow Process Corner)
  Requirement:            10.000ns  (sys_clk_pin rise@10.000ns - sys_clk_pin rise@0.000ns)
  Data Path Delay:        4.746ns  (logic 2.802ns (59.035%)  route 1.944ns (40.965%))
  Logic Levels:           9  (CARRY4=8 LUT6=1)
  Clock Path Skew:        -0.027ns (DCD - SCD + CPR)
    Destination Clock Delay (DCD):    5.010ns = ( 15.010 - 10.000 ) 
    Source Clock Delay      (SCD):    5.312ns
    Clock Pessimism Removal (CPR):    0.275ns
  Clock Uncertainty:      0.035ns  ((TSJ^2 + TIJ^2)^1/2 + DJ) / 2 + PE
    Total System Jitter     (TSJ):    0.071ns
    Total Input Jitter      (TIJ):    0.000ns
    Discrete Jitter          (DJ):    0.000ns
    Phase Error              (PE):    0.000ns

    Location             Delay type                Incr(ns)  Path(ns)    Netlist Resource(s)
  -------------------------------------------------------------------    -------------------
                         (clock sys_clk_pin rise edge)
                                                      0.000     0.000 r  
    E3                                                0.000     0.000 r  CLK100MHZ (IN)
                         net (fo=0)                   0.000     0.000    CLK100MHZ
    E3                   IBUF (Prop_ibuf_I_O)         1.482     1.482 r  CLK100MHZ_IBUF_inst/O
                         net (fo=1, routed)           2.025     3.506    CLK100MHZ_IBUF
    BUFGCTRL_X0Y16       BUFG (Prop_bufg_I_O)         0.096     3.602 r  CLK100MHZ_IBUF_BUFG_inst/O
                         net (fo=41, routed)          1.710     5.312    top0/CLK
    SLICE_X0Y101         FDRE                                         r  top0/clk_cnt_reg[0]/C
  -------------------------------------------------------------------    -------------------
    SLICE_X0Y101         FDRE (Prop_fdre_C_Q)         0.456     5.768 r  top0/clk_cnt_reg[0]/Q
                         net (fo=3, routed)           0.806     6.574    top0/clk_cnt_reg_n_0_[0]
    SLICE_X1Y101         CARRY4 (Prop_carry4_CYINIT_CO[3])
                                                      0.580     7.154 r  top0/clk_cnt0_carry/CO[3]
                         net (fo=1, routed)           0.000     7.154    top0/clk_cnt0_carry_n_0
    SLICE_X1Y102         CARRY4 (Prop_carry4_CI_CO[3])
                                                      0.114     7.268 r  top0/clk_cnt0_carry__0/CO[3]
                         net (fo=1, routed)           0.000     7.268    top0/clk_cnt0_carry__0_n_0
    SLICE_X1Y103         CARRY4 (Prop_carry4_CI_CO[3])
                                                      0.114     7.382 r  top0/clk_cnt0_carry__1/CO[3]
                         net (fo=1, routed)           0.000     7.382    top0/clk_cnt0_carry__1_n_0
    SLICE_X1Y104         CARRY4 (Prop_carry4_CI_CO[3])
                                                      0.114     7.496 r  top0/clk_cnt0_carry__2/CO[3]
                         net (fo=1, routed)           0.000     7.496    top0/clk_cnt0_carry__2_n_0
    SLICE_X1Y105         CARRY4 (Prop_carry4_CI_CO[3])
                                                      0.114     7.610 r  top0/clk_cnt0_carry__3/CO[3]
                         net (fo=1, routed)           0.000     7.610    top0/clk_cnt0_carry__3_n_0
    SLICE_X1Y106         CARRY4 (Prop_carry4_CI_O[0])
                                                      0.222     7.832 r  top0/clk_cnt0_carry__4/O[0]
                         net (fo=1, routed)           1.139     8.971    top0/clk_cnt0[21]
    SLICE_X0Y106         LUT6 (Prop_lut6_I2_O)        0.299     9.270 r  top0/clk_cnt[20]_i_4/O
                         net (fo=1, routed)           0.000     9.270    top0/clk_cnt[20]_i_4_n_0
    SLICE_X0Y106         CARRY4 (Prop_carry4_S[1]_CO[3])
                                                      0.550     9.820 r  top0/clk_cnt_reg[20]_i_1/CO[3]
                         net (fo=1, routed)           0.000     9.820    top0/clk_cnt_reg[20]_i_1_n_0
    SLICE_X0Y107         CARRY4 (Prop_carry4_CI_O[2])
                                                      0.239    10.059 r  top0/clk_cnt_reg[24]_i_1/O[2]
                         net (fo=1, routed)           0.000    10.059    top0/clk_cnt_reg[24]_i_1_n_5
    SLICE_X0Y107         FDRE                                         r  top0/clk_cnt_reg[26]/D
  -------------------------------------------------------------------    -------------------

                         (clock sys_clk_pin rise edge)
                                                     10.000    10.000 r  
    E3                                                0.000    10.000 r  CLK100MHZ (IN)
                         net (fo=0)                   0.000    10.000    CLK100MHZ
    E3                   IBUF (Prop_ibuf_I_O)         1.411    11.411 r  CLK100MHZ_IBUF_inst/O
                         net (fo=1, routed)           1.920    13.331    CLK100MHZ_IBUF
    BUFGCTRL_X0Y16       BUFG (Prop_bufg_I_O)         0.091    13.422 r  CLK100MHZ_IBUF_BUFG_inst/O
                         net (fo=41, routed)          1.588    15.010    top0/CLK
    SLICE_X0Y107         FDRE                                         r  top0/clk_cnt_reg[26]/C
                         clock pessimism              0.275    15.285    
                         clock uncertainty           -0.035    15.250    
    SLICE_X0Y107         FDRE (Setup_fdre_C_D)        0.062    15.312    top0/clk_cnt_reg[26]
  -------------------------------------------------------------------
                         required time                         15.312    
                         arrival time                         -10.059    
  -------------------------------------------------------------------
                         slack                                  5.253    

Slack (MET) :             5.269ns  (required time - arrival time)
  Source:                 top0/clk_cnt_reg[0]/C
                            (rising edge-triggered cell FDRE clocked by sys_clk_pin  {rise@0.000ns fall@5.000ns period=10.000ns})
  Destination:            top0/clk_cnt_reg[24]/D
                            (rising edge-triggered cell FDRE clocked by sys_clk_pin  {rise@0.000ns fall@5.000ns period=10.000ns})
  Path Group:             sys_clk_pin
  Path Type:              Setup (Max at Slow Process Corner)
  Requirement:            10.000ns  (sys_clk_pin rise@10.000ns - sys_clk_pin rise@0.000ns)
  Data Path Delay:        4.730ns  (logic 2.786ns (58.897%)  route 1.944ns (41.103%))
  Logic Levels:           9  (CARRY4=8 LUT6=1)
  Clock Path Skew:        -0.027ns (DCD - SCD + CPR)
    Destination Clock Delay (DCD):    5.010ns = ( 15.010 - 10.000 ) 
    Source Clock Delay      (SCD):    5.312ns
    Clock Pessimism Removal (CPR):    0.275ns
  Clock Uncertainty:      0.035ns  ((TSJ^2 + TIJ^2)^1/2 + DJ) / 2 + PE
    Total System Jitter     (TSJ):    0.071ns
    Total Input Jitter      (TIJ):    0.000ns
    Discrete Jitter          (DJ):    0.000ns
    Phase Error              (PE):    0.000ns

    Location             Delay type                Incr(ns)  Path(ns)    Netlist Resource(s)
  -------------------------------------------------------------------    -------------------
                         (clock sys_clk_pin rise edge)
                                                      0.000     0.000 r  
    E3                                                0.000     0.000 r  CLK100MHZ (IN)
                         net (fo=0)                   0.000     0.000    CLK100MHZ
    E3                   IBUF (Prop_ibuf_I_O)         1.482     1.482 r  CLK100MHZ_IBUF_inst/O
                         net (fo=1, routed)           2.025     3.506    CLK100MHZ_IBUF
    BUFGCTRL_X0Y16       BUFG (Prop_bufg_I_O)         0.096     3.602 r  CLK100MHZ_IBUF_BUFG_inst/O
                         net (fo=41, routed)          1.710     5.312    top0/CLK
    SLICE_X0Y101         FDRE                                         r  top0/clk_cnt_reg[0]/C
  -------------------------------------------------------------------    -------------------
    SLICE_X0Y101         FDRE (Prop_fdre_C_Q)         0.456     5.768 r  top0/clk_cnt_reg[0]/Q
                         net (fo=3, routed)           0.806     6.574    top0/clk_cnt_reg_n_0_[0]
    SLICE_X1Y101         CARRY4 (Prop_carry4_CYINIT_CO[3])
                                                      0.580     7.154 r  top0/clk_cnt0_carry/CO[3]
                         net (fo=1, routed)           0.000     7.154    top0/clk_cnt0_carry_n_0
    SLICE_X1Y102         CARRY4 (Prop_carry4_CI_CO[3])
                                                      0.114     7.268 r  top0/clk_cnt0_carry__0/CO[3]
                         net (fo=1, routed)           0.000     7.268    top0/clk_cnt0_carry__0_n_0
    SLICE_X1Y103         CARRY4 (Prop_carry4_CI_CO[3])
                                                      0.114     7.382 r  top0/clk_cnt0_carry__1/CO[3]
                         net (fo=1, routed)           0.000     7.382    top0/clk_cnt0_carry__1_n_0
    SLICE_X1Y104         CARRY4 (Prop_carry4_CI_CO[3])
                                                      0.114     7.496 r  top0/clk_cnt0_carry__2/CO[3]
                         net (fo=1, routed)           0.000     7.496    top0/clk_cnt0_carry__2_n_0
    SLICE_X1Y105         CARRY4 (Prop_carry4_CI_CO[3])
                                                      0.114     7.610 r  top0/clk_cnt0_carry__3/CO[3]
                         net (fo=1, routed)           0.000     7.610    top0/clk_cnt0_carry__3_n_0
    SLICE_X1Y106         CARRY4 (Prop_carry4_CI_O[0])
                                                      0.222     7.832 r  top0/clk_cnt0_carry__4/O[0]
                         net (fo=1, routed)           1.139     8.971    top0/clk_cnt0[21]
    SLICE_X0Y106         LUT6 (Prop_lut6_I2_O)        0.299     9.270 r  top0/clk_cnt[20]_i_4/O
                         net (fo=1, routed)           0.000     9.270    top0/clk_cnt[20]_i_4_n_0
    SLICE_X0Y106         CARRY4 (Prop_carry4_S[1]_CO[3])
                                                      0.550     9.820 r  top0/clk_cnt_reg[20]_i_1/CO[3]
                         net (fo=1, routed)           0.000     9.820    top0/clk_cnt_reg[20]_i_1_n_0
    SLICE_X0Y107         CARRY4 (Prop_carry4_CI_O[0])
                                                      0.223    10.043 r  top0/clk_cnt_reg[24]_i_1/O[0]
                         net (fo=1, routed)           0.000    10.043    top0/clk_cnt_reg[24]_i_1_n_7
    SLICE_X0Y107         FDRE                                         r  top0/clk_cnt_reg[24]/D
  -------------------------------------------------------------------    -------------------

                         (clock sys_clk_pin rise edge)
                                                     10.000    10.000 r  
    E3                                                0.000    10.000 r  CLK100MHZ (IN)
                         net (fo=0)                   0.000    10.000    CLK100MHZ
    E3                   IBUF (Prop_ibuf_I_O)         1.411    11.411 r  CLK100MHZ_IBUF_inst/O
                         net (fo=1, routed)           1.920    13.331    CLK100MHZ_IBUF
    BUFGCTRL_X0Y16       BUFG (Prop_bufg_I_O)         0.091    13.422 r  CLK100MHZ_IBUF_BUFG_inst/O
                         net (fo=41, routed)          1.588    15.010    top0/CLK
    SLICE_X0Y107         FDRE                                         r  top0/clk_cnt_reg[24]/C
                         clock pessimism              0.275    15.285    
                         clock uncertainty           -0.035    15.250    
    SLICE_X0Y107         FDRE (Setup_fdre_C_D)        0.062    15.312    top0/clk_cnt_reg[24]
  -------------------------------------------------------------------
                         required time                         15.312    
                         arrival time                         -10.043    
  -------------------------------------------------------------------
                         slack                                  5.269    

Slack (MET) :             5.403ns  (required time - arrival time)
  Source:                 top0/clk_cnt_reg[0]/C
                            (rising edge-triggered cell FDRE clocked by sys_clk_pin  {rise@0.000ns fall@5.000ns period=10.000ns})
  Destination:            top0/clk_cnt_reg[23]/D
                            (rising edge-triggered cell FDRE clocked by sys_clk_pin  {rise@0.000ns fall@5.000ns period=10.000ns})
  Path Group:             sys_clk_pin
  Path Type:              Setup (Max at Slow Process Corner)
  Requirement:            10.000ns  (sys_clk_pin rise@10.000ns - sys_clk_pin rise@0.000ns)
  Data Path Delay:        4.597ns  (logic 2.653ns (57.708%)  route 1.944ns (42.292%))
  Logic Levels:           8  (CARRY4=7 LUT6=1)
  Clock Path Skew:        -0.026ns (DCD - SCD + CPR)
    Destination Clock Delay (DCD):    5.011ns = ( 15.011 - 10.000 ) 
    Source Clock Delay      (SCD):    5.312ns
    Clock Pessimism Removal (CPR):    0.275ns
  Clock Uncertainty:      0.035ns  ((TSJ^2 + TIJ^2)^1/2 + DJ) / 2 + PE
    Total System Jitter     (TSJ):    0.071ns
    Total Input Jitter      (TIJ):    0.000ns
    Discrete Jitter          (DJ):    0.000ns
    Phase Error              (PE):    0.000ns

    Location             Delay type                Incr(ns)  Path(ns)    Netlist Resource(s)
  -------------------------------------------------------------------    -------------------
                         (clock sys_clk_pin rise edge)
                                                      0.000     0.000 r  
    E3                                                0.000     0.000 r  CLK100MHZ (IN)
                         net (fo=0)                   0.000     0.000    CLK100MHZ
    E3                   IBUF (Prop_ibuf_I_O)         1.482     1.482 r  CLK100MHZ_IBUF_inst/O
                         net (fo=1, routed)           2.025     3.506    CLK100MHZ_IBUF
    BUFGCTRL_X0Y16       BUFG (Prop_bufg_I_O)         0.096     3.602 r  CLK100MHZ_IBUF_BUFG_inst/O
                         net (fo=41, routed)          1.710     5.312    top0/CLK
    SLICE_X0Y101         FDRE                                         r  top0/clk_cnt_reg[0]/C
  -------------------------------------------------------------------    -------------------
    SLICE_X0Y101         FDRE (Prop_fdre_C_Q)         0.456     5.768 r  top0/clk_cnt_reg[0]/Q
                         net (fo=3, routed)           0.806     6.574    top0/clk_cnt_reg_n_0_[0]
    SLICE_X1Y101         CARRY4 (Prop_carry4_CYINIT_CO[3])
                                                      0.580     7.154 r  top0/clk_cnt0_carry/CO[3]
                         net (fo=1, routed)           0.000     7.154    top0/clk_cnt0_carry_n_0
    SLICE_X1Y102         CARRY4 (Prop_carry4_CI_CO[3])
                                                      0.114     7.268 r  top0/clk_cnt0_carry__0/CO[3]
                         net (fo=1, routed)           0.000     7.268    top0/clk_cnt0_carry__0_n_0
    SLICE_X1Y103         CARRY4 (Prop_carry4_CI_CO[3])
                                                      0.114     7.382 r  top0/clk_cnt0_carry__1/CO[3]
                         net (fo=1, routed)           0.000     7.382    top0/clk_cnt0_carry__1_n_0
    SLICE_X1Y104         CARRY4 (Prop_carry4_CI_CO[3])
                                                      0.114     7.496 r  top0/clk_cnt0_carry__2/CO[3]
                         net (fo=1, routed)           0.000     7.496    top0/clk_cnt0_carry__2_n_0
    SLICE_X1Y105         CARRY4 (Prop_carry4_CI_CO[3])
                                                      0.114     7.610 r  top0/clk_cnt0_carry__3/CO[3]
                         net (fo=1, routed)           0.000     7.610    top0/clk_cnt0_carry__3_n_0
    SLICE_X1Y106         CARRY4 (Prop_carry4_CI_O[0])
                                                      0.222     7.832 r  top0/clk_cnt0_carry__4/O[0]
                         net (fo=1, routed)           1.139     8.971    top0/clk_cnt0[21]
    SLICE_X0Y106         LUT6 (Prop_lut6_I2_O)        0.299     9.270 r  top0/clk_cnt[20]_i_4/O
                         net (fo=1, routed)           0.000     9.270    top0/clk_cnt[20]_i_4_n_0
    SLICE_X0Y106         CARRY4 (Prop_carry4_S[1]_O[3])
                                                      0.640     9.910 r  top0/clk_cnt_reg[20]_i_1/O[3]
                         net (fo=1, routed)           0.000     9.910    top0/clk_cnt_reg[20]_i_1_n_4
    SLICE_X0Y106         FDRE                                         r  top0/clk_cnt_reg[23]/D
  -------------------------------------------------------------------    -------------------

                         (clock sys_clk_pin rise edge)
                                                     10.000    10.000 r  
    E3                                                0.000    10.000 r  CLK100MHZ (IN)
                         net (fo=0)                   0.000    10.000    CLK100MHZ
    E3                   IBUF (Prop_ibuf_I_O)         1.411    11.411 r  CLK100MHZ_IBUF_inst/O
                         net (fo=1, routed)           1.920    13.331    CLK100MHZ_IBUF
    BUFGCTRL_X0Y16       BUFG (Prop_bufg_I_O)         0.091    13.422 r  CLK100MHZ_IBUF_BUFG_inst/O
                         net (fo=41, routed)          1.589    15.011    top0/CLK
    SLICE_X0Y106         FDRE                                         r  top0/clk_cnt_reg[23]/C
                         clock pessimism              0.275    15.286    
                         clock uncertainty           -0.035    15.251    
    SLICE_X0Y106         FDRE (Setup_fdre_C_D)        0.062    15.313    top0/clk_cnt_reg[23]
  -------------------------------------------------------------------
                         required time                         15.313    
                         arrival time                          -9.910    
  -------------------------------------------------------------------
                         slack                                  5.403    

Slack (MET) :             5.463ns  (required time - arrival time)
  Source:                 top0/clk_cnt_reg[0]/C
                            (rising edge-triggered cell FDRE clocked by sys_clk_pin  {rise@0.000ns fall@5.000ns period=10.000ns})
  Destination:            top0/clk_cnt_reg[22]/D
                            (rising edge-triggered cell FDRE clocked by sys_clk_pin  {rise@0.000ns fall@5.000ns period=10.000ns})
  Path Group:             sys_clk_pin
  Path Type:              Setup (Max at Slow Process Corner)
  Requirement:            10.000ns  (sys_clk_pin rise@10.000ns - sys_clk_pin rise@0.000ns)
  Data Path Delay:        4.537ns  (logic 2.593ns (57.148%)  route 1.944ns (42.852%))
  Logic Levels:           8  (CARRY4=7 LUT6=1)
  Clock Path Skew:        -0.026ns (DCD - SCD + CPR)
    Destination Clock Delay (DCD):    5.011ns = ( 15.011 - 10.000 ) 
    Source Clock Delay      (SCD):    5.312ns
    Clock Pessimism Removal (CPR):    0.275ns
  Clock Uncertainty:      0.035ns  ((TSJ^2 + TIJ^2)^1/2 + DJ) / 2 + PE
    Total System Jitter     (TSJ):    0.071ns
    Total Input Jitter      (TIJ):    0.000ns
    Discrete Jitter          (DJ):    0.000ns
    Phase Error              (PE):    0.000ns

    Location             Delay type                Incr(ns)  Path(ns)    Netlist Resource(s)
  -------------------------------------------------------------------    -------------------
                         (clock sys_clk_pin rise edge)
                                                      0.000     0.000 r  
    E3                                                0.000     0.000 r  CLK100MHZ (IN)
                         net (fo=0)                   0.000     0.000    CLK100MHZ
    E3                   IBUF (Prop_ibuf_I_O)         1.482     1.482 r  CLK100MHZ_IBUF_inst/O
                         net (fo=1, routed)           2.025     3.506    CLK100MHZ_IBUF
    BUFGCTRL_X0Y16       BUFG (Prop_bufg_I_O)         0.096     3.602 r  CLK100MHZ_IBUF_BUFG_inst/O
                         net (fo=41, routed)          1.710     5.312    top0/CLK
    SLICE_X0Y101         FDRE                                         r  top0/clk_cnt_reg[0]/C
  -------------------------------------------------------------------    -------------------
    SLICE_X0Y101         FDRE (Prop_fdre_C_Q)         0.456     5.768 r  top0/clk_cnt_reg[0]/Q
                         net (fo=3, routed)           0.806     6.574    top0/clk_cnt_reg_n_0_[0]
    SLICE_X1Y101         CARRY4 (Prop_carry4_CYINIT_CO[3])
                                                      0.580     7.154 r  top0/clk_cnt0_carry/CO[3]
                         net (fo=1, routed)           0.000     7.154    top0/clk_cnt0_carry_n_0
    SLICE_X1Y102         CARRY4 (Prop_carry4_CI_CO[3])
                                                      0.114     7.268 r  top0/clk_cnt0_carry__0/CO[3]
                         net (fo=1, routed)           0.000     7.268    top0/clk_cnt0_carry__0_n_0
    SLICE_X1Y103         CARRY4 (Prop_carry4_CI_CO[3])
                                                      0.114     7.382 r  top0/clk_cnt0_carry__1/CO[3]
                         net (fo=1, routed)           0.000     7.382    top0/clk_cnt0_carry__1_n_0
    SLICE_X1Y104         CARRY4 (Prop_carry4_CI_CO[3])
                                                      0.114     7.496 r  top0/clk_cnt0_carry__2/CO[3]
                         net (fo=1, routed)           0.000     7.496    top0/clk_cnt0_carry__2_n_0
    SLICE_X1Y105         CARRY4 (Prop_carry4_CI_CO[3])
                                                      0.114     7.610 r  top0/clk_cnt0_carry__3/CO[3]
                         net (fo=1, routed)           0.000     7.610    top0/clk_cnt0_carry__3_n_0
    SLICE_X1Y106         CARRY4 (Prop_carry4_CI_O[0])
                                                      0.222     7.832 r  top0/clk_cnt0_carry__4/O[0]
                         net (fo=1, routed)           1.139     8.971    top0/clk_cnt0[21]
    SLICE_X0Y106         LUT6 (Prop_lut6_I2_O)        0.299     9.270 r  top0/clk_cnt[20]_i_4/O
                         net (fo=1, routed)           0.000     9.270    top0/clk_cnt[20]_i_4_n_0
    SLICE_X0Y106         CARRY4 (Prop_carry4_S[1]_O[2])
                                                      0.580     9.850 r  top0/clk_cnt_reg[20]_i_1/O[2]
                         net (fo=1, routed)           0.000     9.850    top0/clk_cnt_reg[20]_i_1_n_5
    SLICE_X0Y106         FDRE                                         r  top0/clk_cnt_reg[22]/D
  -------------------------------------------------------------------    -------------------

                         (clock sys_clk_pin rise edge)
                                                     10.000    10.000 r  
    E3                                                0.000    10.000 r  CLK100MHZ (IN)
                         net (fo=0)                   0.000    10.000    CLK100MHZ
    E3                   IBUF (Prop_ibuf_I_O)         1.411    11.411 r  CLK100MHZ_IBUF_inst/O
                         net (fo=1, routed)           1.920    13.331    CLK100MHZ_IBUF
    BUFGCTRL_X0Y16       BUFG (Prop_bufg_I_O)         0.091    13.422 r  CLK100MHZ_IBUF_BUFG_inst/O
                         net (fo=41, routed)          1.589    15.011    top0/CLK
    SLICE_X0Y106         FDRE                                         r  top0/clk_cnt_reg[22]/C
                         clock pessimism              0.275    15.286    
                         clock uncertainty           -0.035    15.251    
    SLICE_X0Y106         FDRE (Setup_fdre_C_D)        0.062    15.313    top0/clk_cnt_reg[22]
  -------------------------------------------------------------------
                         required time                         15.313    
                         arrival time                          -9.850    
  -------------------------------------------------------------------
                         slack                                  5.463    

Slack (MET) :             5.721ns  (required time - arrival time)
  Source:                 top0/clk_cnt_reg[0]/C
                            (rising edge-triggered cell FDRE clocked by sys_clk_pin  {rise@0.000ns fall@5.000ns period=10.000ns})
  Destination:            top0/clk_cnt_reg[21]/D
                            (rising edge-triggered cell FDRE clocked by sys_clk_pin  {rise@0.000ns fall@5.000ns period=10.000ns})
  Path Group:             sys_clk_pin
  Path Type:              Setup (Max at Slow Process Corner)
  Requirement:            10.000ns  (sys_clk_pin rise@10.000ns - sys_clk_pin rise@0.000ns)
  Data Path Delay:        4.279ns  (logic 2.783ns (65.034%)  route 1.496ns (34.966%))
  Logic Levels:           8  (CARRY4=7 LUT6=1)
  Clock Path Skew:        -0.026ns (DCD - SCD + CPR)
    Destination Clock Delay (DCD):    5.011ns = ( 15.011 - 10.000 ) 
    Source Clock Delay      (SCD):    5.312ns
    Clock Pessimism Removal (CPR):    0.275ns
  Clock Uncertainty:      0.035ns  ((TSJ^2 + TIJ^2)^1/2 + DJ) / 2 + PE
    Total System Jitter     (TSJ):    0.071ns
    Total Input Jitter      (TIJ):    0.000ns
    Discrete Jitter          (DJ):    0.000ns
    Phase Error              (PE):    0.000ns

    Location             Delay type                Incr(ns)  Path(ns)    Netlist Resource(s)
  -------------------------------------------------------------------    -------------------
                         (clock sys_clk_pin rise edge)
                                                      0.000     0.000 r  
    E3                                                0.000     0.000 r  CLK100MHZ (IN)
                         net (fo=0)                   0.000     0.000    CLK100MHZ
    E3                   IBUF (Prop_ibuf_I_O)         1.482     1.482 r  CLK100MHZ_IBUF_inst/O
                         net (fo=1, routed)           2.025     3.506    CLK100MHZ_IBUF
    BUFGCTRL_X0Y16       BUFG (Prop_bufg_I_O)         0.096     3.602 r  CLK100MHZ_IBUF_BUFG_inst/O
                         net (fo=41, routed)          1.710     5.312    top0/CLK
    SLICE_X0Y101         FDRE                                         r  top0/clk_cnt_reg[0]/C
  -------------------------------------------------------------------    -------------------
    SLICE_X0Y101         FDRE (Prop_fdre_C_Q)         0.456     5.768 r  top0/clk_cnt_reg[0]/Q
                         net (fo=3, routed)           0.806     6.574    top0/clk_cnt_reg_n_0_[0]
    SLICE_X1Y101         CARRY4 (Prop_carry4_CYINIT_CO[3])
                                                      0.580     7.154 r  top0/clk_cnt0_carry/CO[3]
                         net (fo=1, routed)           0.000     7.154    top0/clk_cnt0_carry_n_0
    SLICE_X1Y102         CARRY4 (Prop_carry4_CI_O[0])
                                                      0.222     7.376 r  top0/clk_cnt0_carry__0/O[0]
                         net (fo=1, routed)           0.691     8.067    top0/clk_cnt0[5]
    SLICE_X0Y102         LUT6 (Prop_lut6_I2_O)        0.299     8.366 r  top0/clk_cnt[4]_i_4/O
                         net (fo=1, routed)           0.000     8.366    top0/clk_cnt[4]_i_4_n_0
    SLICE_X0Y102         CARRY4 (Prop_carry4_S[1]_CO[3])
                                                      0.550     8.916 r  top0/clk_cnt_reg[4]_i_1/CO[3]
                         net (fo=1, routed)           0.000     8.916    top0/clk_cnt_reg[4]_i_1_n_0
    SLICE_X0Y103         CARRY4 (Prop_carry4_CI_CO[3])
                                                      0.114     9.030 r  top0/clk_cnt_reg[8]_i_1/CO[3]
                         net (fo=1, routed)           0.000     9.030    top0/clk_cnt_reg[8]_i_1_n_0
    SLICE_X0Y104         CARRY4 (Prop_carry4_CI_CO[3])
                                                      0.114     9.144 r  top0/clk_cnt_reg[12]_i_1/CO[3]
                         net (fo=1, routed)           0.000     9.144    top0/clk_cnt_reg[12]_i_1_n_0
    SLICE_X0Y105         CARRY4 (Prop_carry4_CI_CO[3])
                                                      0.114     9.258 r  top0/clk_cnt_reg[16]_i_1/CO[3]
                         net (fo=1, routed)           0.000     9.258    top0/clk_cnt_reg[16]_i_1_n_0
    SLICE_X0Y106         CARRY4 (Prop_carry4_CI_O[1])
                                                      0.334     9.592 r  top0/clk_cnt_reg[20]_i_1/O[1]
                         net (fo=1, routed)           0.000     9.592    top0/clk_cnt_reg[20]_i_1_n_6
    SLICE_X0Y106         FDRE                                         r  top0/clk_cnt_reg[21]/D
  -------------------------------------------------------------------    -------------------

                         (clock sys_clk_pin rise edge)
                                                     10.000    10.000 r  
    E3                                                0.000    10.000 r  CLK100MHZ (IN)
                         net (fo=0)                   0.000    10.000    CLK100MHZ
    E3                   IBUF (Prop_ibuf_I_O)         1.411    11.411 r  CLK100MHZ_IBUF_inst/O
                         net (fo=1, routed)           1.920    13.331    CLK100MHZ_IBUF
    BUFGCTRL_X0Y16       BUFG (Prop_bufg_I_O)         0.091    13.422 r  CLK100MHZ_IBUF_BUFG_inst/O
                         net (fo=41, routed)          1.589    15.011    top0/CLK
    SLICE_X0Y106         FDRE                                         r  top0/clk_cnt_reg[21]/C
                         clock pessimism              0.275    15.286    
                         clock uncertainty           -0.035    15.251    
    SLICE_X0Y106         FDRE (Setup_fdre_C_D)        0.062    15.313    top0/clk_cnt_reg[21]
  -------------------------------------------------------------------
                         required time                         15.313    
                         arrival time                          -9.592    
  -------------------------------------------------------------------
                         slack                                  5.721    

Slack (MET) :             5.832ns  (required time - arrival time)
  Source:                 top0/clk_cnt_reg[0]/C
                            (rising edge-triggered cell FDRE clocked by sys_clk_pin  {rise@0.000ns fall@5.000ns period=10.000ns})
  Destination:            top0/clk_cnt_reg[20]/D
                            (rising edge-triggered cell FDRE clocked by sys_clk_pin  {rise@0.000ns fall@5.000ns period=10.000ns})
  Path Group:             sys_clk_pin
  Path Type:              Setup (Max at Slow Process Corner)
  Requirement:            10.000ns  (sys_clk_pin rise@10.000ns - sys_clk_pin rise@0.000ns)
  Data Path Delay:        4.168ns  (logic 2.672ns (64.103%)  route 1.496ns (35.897%))
  Logic Levels:           8  (CARRY4=7 LUT6=1)
  Clock Path Skew:        -0.026ns (DCD - SCD + CPR)
    Destination Clock Delay (DCD):    5.011ns = ( 15.011 - 10.000 ) 
    Source Clock Delay      (SCD):    5.312ns
    Clock Pessimism Removal (CPR):    0.275ns
  Clock Uncertainty:      0.035ns  ((TSJ^2 + TIJ^2)^1/2 + DJ) / 2 + PE
    Total System Jitter     (TSJ):    0.071ns
    Total Input Jitter      (TIJ):    0.000ns
    Discrete Jitter          (DJ):    0.000ns
    Phase Error              (PE):    0.000ns

    Location             Delay type                Incr(ns)  Path(ns)    Netlist Resource(s)
  -------------------------------------------------------------------    -------------------
                         (clock sys_clk_pin rise edge)
                                                      0.000     0.000 r  
    E3                                                0.000     0.000 r  CLK100MHZ (IN)
                         net (fo=0)                   0.000     0.000    CLK100MHZ
    E3                   IBUF (Prop_ibuf_I_O)         1.482     1.482 r  CLK100MHZ_IBUF_inst/O
                         net (fo=1, routed)           2.025     3.506    CLK100MHZ_IBUF
    BUFGCTRL_X0Y16       BUFG (Prop_bufg_I_O)         0.096     3.602 r  CLK100MHZ_IBUF_BUFG_inst/O
                         net (fo=41, routed)          1.710     5.312    top0/CLK
    SLICE_X0Y101         FDRE                                         r  top0/clk_cnt_reg[0]/C
  -------------------------------------------------------------------    -------------------
    SLICE_X0Y101         FDRE (Prop_fdre_C_Q)         0.456     5.768 r  top0/clk_cnt_reg[0]/Q
                         net (fo=3, routed)           0.806     6.574    top0/clk_cnt_reg_n_0_[0]
    SLICE_X1Y101         CARRY4 (Prop_carry4_CYINIT_CO[3])
                                                      0.580     7.154 r  top0/clk_cnt0_carry/CO[3]
                         net (fo=1, routed)           0.000     7.154    top0/clk_cnt0_carry_n_0
    SLICE_X1Y102         CARRY4 (Prop_carry4_CI_O[0])
                                                      0.222     7.376 r  top0/clk_cnt0_carry__0/O[0]
                         net (fo=1, routed)           0.691     8.067    top0/clk_cnt0[5]
    SLICE_X0Y102         LUT6 (Prop_lut6_I2_O)        0.299     8.366 r  top0/clk_cnt[4]_i_4/O
                         net (fo=1, routed)           0.000     8.366    top0/clk_cnt[4]_i_4_n_0
    SLICE_X0Y102         CARRY4 (Prop_carry4_S[1]_CO[3])
                                                      0.550     8.916 r  top0/clk_cnt_reg[4]_i_1/CO[3]
                         net (fo=1, routed)           0.000     8.916    top0/clk_cnt_reg[4]_i_1_n_0
    SLICE_X0Y103         CARRY4 (Prop_carry4_CI_CO[3])
                                                      0.114     9.030 r  top0/clk_cnt_reg[8]_i_1/CO[3]
                         net (fo=1, routed)           0.000     9.030    top0/clk_cnt_reg[8]_i_1_n_0
    SLICE_X0Y104         CARRY4 (Prop_carry4_CI_CO[3])
                                                      0.114     9.144 r  top0/clk_cnt_reg[12]_i_1/CO[3]
                         net (fo=1, routed)           0.000     9.144    top0/clk_cnt_reg[12]_i_1_n_0
    SLICE_X0Y105         CARRY4 (Prop_carry4_CI_CO[3])
                                                      0.114     9.258 r  top0/clk_cnt_reg[16]_i_1/CO[3]
                         net (fo=1, routed)           0.000     9.258    top0/clk_cnt_reg[16]_i_1_n_0
    SLICE_X0Y106         CARRY4 (Prop_carry4_CI_O[0])
                                                      0.223     9.481 r  top0/clk_cnt_reg[20]_i_1/O[0]
                         net (fo=1, routed)           0.000     9.481    top0/clk_cnt_reg[20]_i_1_n_7
    SLICE_X0Y106         FDRE                                         r  top0/clk_cnt_reg[20]/D
  -------------------------------------------------------------------    -------------------

                         (clock sys_clk_pin rise edge)
                                                     10.000    10.000 r  
    E3                                                0.000    10.000 r  CLK100MHZ (IN)
                         net (fo=0)                   0.000    10.000    CLK100MHZ
    E3                   IBUF (Prop_ibuf_I_O)         1.411    11.411 r  CLK100MHZ_IBUF_inst/O
                         net (fo=1, routed)           1.920    13.331    CLK100MHZ_IBUF
    BUFGCTRL_X0Y16       BUFG (Prop_bufg_I_O)         0.091    13.422 r  CLK100MHZ_IBUF_BUFG_inst/O
                         net (fo=41, routed)          1.589    15.011    top0/CLK
    SLICE_X0Y106         FDRE                                         r  top0/clk_cnt_reg[20]/C
                         clock pessimism              0.275    15.286    
                         clock uncertainty           -0.035    15.251    
    SLICE_X0Y106         FDRE (Setup_fdre_C_D)        0.062    15.313    top0/clk_cnt_reg[20]
  -------------------------------------------------------------------
                         required time                         15.313    
                         arrival time                          -9.481    
  -------------------------------------------------------------------
                         slack                                  5.832    

Slack (MET) :             5.835ns  (required time - arrival time)
  Source:                 top0/clk_cnt_reg[0]/C
                            (rising edge-triggered cell FDRE clocked by sys_clk_pin  {rise@0.000ns fall@5.000ns period=10.000ns})
  Destination:            top0/clk_cnt_reg[17]/D
                            (rising edge-triggered cell FDRE clocked by sys_clk_pin  {rise@0.000ns fall@5.000ns period=10.000ns})
  Path Group:             sys_clk_pin
  Path Type:              Setup (Max at Slow Process Corner)
  Requirement:            10.000ns  (sys_clk_pin rise@10.000ns - sys_clk_pin rise@0.000ns)
  Data Path Delay:        4.165ns  (logic 2.669ns (64.077%)  route 1.496ns (35.923%))
  Logic Levels:           7  (CARRY4=6 LUT6=1)
  Clock Path Skew:        -0.026ns (DCD - SCD + CPR)
    Destination Clock Delay (DCD):    5.011ns = ( 15.011 - 10.000 ) 
    Source Clock Delay      (SCD):    5.312ns
    Clock Pessimism Removal (CPR):    0.275ns
  Clock Uncertainty:      0.035ns  ((TSJ^2 + TIJ^2)^1/2 + DJ) / 2 + PE
    Total System Jitter     (TSJ):    0.071ns
    Total Input Jitter      (TIJ):    0.000ns
    Discrete Jitter          (DJ):    0.000ns
    Phase Error              (PE):    0.000ns

    Location             Delay type                Incr(ns)  Path(ns)    Netlist Resource(s)
  -------------------------------------------------------------------    -------------------
                         (clock sys_clk_pin rise edge)
                                                      0.000     0.000 r  
    E3                                                0.000     0.000 r  CLK100MHZ (IN)
                         net (fo=0)                   0.000     0.000    CLK100MHZ
    E3                   IBUF (Prop_ibuf_I_O)         1.482     1.482 r  CLK100MHZ_IBUF_inst/O
                         net (fo=1, routed)           2.025     3.506    CLK100MHZ_IBUF
    BUFGCTRL_X0Y16       BUFG (Prop_bufg_I_O)         0.096     3.602 r  CLK100MHZ_IBUF_BUFG_inst/O
                         net (fo=41, routed)          1.710     5.312    top0/CLK
    SLICE_X0Y101         FDRE                                         r  top0/clk_cnt_reg[0]/C
  -------------------------------------------------------------------    -------------------
    SLICE_X0Y101         FDRE (Prop_fdre_C_Q)         0.456     5.768 r  top0/clk_cnt_reg[0]/Q
                         net (fo=3, routed)           0.806     6.574    top0/clk_cnt_reg_n_0_[0]
    SLICE_X1Y101         CARRY4 (Prop_carry4_CYINIT_CO[3])
                                                      0.580     7.154 r  top0/clk_cnt0_carry/CO[3]
                         net (fo=1, routed)           0.000     7.154    top0/clk_cnt0_carry_n_0
    SLICE_X1Y102         CARRY4 (Prop_carry4_CI_O[0])
                                                      0.222     7.376 r  top0/clk_cnt0_carry__0/O[0]
                         net (fo=1, routed)           0.691     8.067    top0/clk_cnt0[5]
    SLICE_X0Y102         LUT6 (Prop_lut6_I2_O)        0.299     8.366 r  top0/clk_cnt[4]_i_4/O
                         net (fo=1, routed)           0.000     8.366    top0/clk_cnt[4]_i_4_n_0
    SLICE_X0Y102         CARRY4 (Prop_carry4_S[1]_CO[3])
                                                      0.550     8.916 r  top0/clk_cnt_reg[4]_i_1/CO[3]
                         net (fo=1, routed)           0.000     8.916    top0/clk_cnt_reg[4]_i_1_n_0
    SLICE_X0Y103         CARRY4 (Prop_carry4_CI_CO[3])
                                                      0.114     9.030 r  top0/clk_cnt_reg[8]_i_1/CO[3]
                         net (fo=1, routed)           0.000     9.030    top0/clk_cnt_reg[8]_i_1_n_0
    SLICE_X0Y104         CARRY4 (Prop_carry4_CI_CO[3])
                                                      0.114     9.144 r  top0/clk_cnt_reg[12]_i_1/CO[3]
                         net (fo=1, routed)           0.000     9.144    top0/clk_cnt_reg[12]_i_1_n_0
    SLICE_X0Y105         CARRY4 (Prop_carry4_CI_O[1])
                                                      0.334     9.478 r  top0/clk_cnt_reg[16]_i_1/O[1]
                         net (fo=1, routed)           0.000     9.478    top0/clk_cnt_reg[16]_i_1_n_6
    SLICE_X0Y105         FDRE                                         r  top0/clk_cnt_reg[17]/D
  -------------------------------------------------------------------    -------------------

                         (clock sys_clk_pin rise edge)
                                                     10.000    10.000 r  
    E3                                                0.000    10.000 r  CLK100MHZ (IN)
                         net (fo=0)                   0.000    10.000    CLK100MHZ
    E3                   IBUF (Prop_ibuf_I_O)         1.411    11.411 r  CLK100MHZ_IBUF_inst/O
                         net (fo=1, routed)           1.920    13.331    CLK100MHZ_IBUF
    BUFGCTRL_X0Y16       BUFG (Prop_bufg_I_O)         0.091    13.422 r  CLK100MHZ_IBUF_BUFG_inst/O
                         net (fo=41, routed)          1.589    15.011    top0/CLK
    SLICE_X0Y105         FDRE                                         r  top0/clk_cnt_reg[17]/C
                         clock pessimism              0.275    15.286    
                         clock uncertainty           -0.035    15.251    
    SLICE_X0Y105         FDRE (Setup_fdre_C_D)        0.062    15.313    top0/clk_cnt_reg[17]
  -------------------------------------------------------------------
                         required time                         15.313    
                         arrival time                          -9.478    
  -------------------------------------------------------------------
                         slack                                  5.835    

Slack (MET) :             5.856ns  (required time - arrival time)
  Source:                 top0/clk_cnt_reg[0]/C
                            (rising edge-triggered cell FDRE clocked by sys_clk_pin  {rise@0.000ns fall@5.000ns period=10.000ns})
  Destination:            top0/clk_cnt_reg[19]/D
                            (rising edge-triggered cell FDRE clocked by sys_clk_pin  {rise@0.000ns fall@5.000ns period=10.000ns})
  Path Group:             sys_clk_pin
  Path Type:              Setup (Max at Slow Process Corner)
  Requirement:            10.000ns  (sys_clk_pin rise@10.000ns - sys_clk_pin rise@0.000ns)
  Data Path Delay:        4.144ns  (logic 2.648ns (63.895%)  route 1.496ns (36.105%))
  Logic Levels:           7  (CARRY4=6 LUT6=1)
  Clock Path Skew:        -0.026ns (DCD - SCD + CPR)
    Destination Clock Delay (DCD):    5.011ns = ( 15.011 - 10.000 ) 
    Source Clock Delay      (SCD):    5.312ns
    Clock Pessimism Removal (CPR):    0.275ns
  Clock Uncertainty:      0.035ns  ((TSJ^2 + TIJ^2)^1/2 + DJ) / 2 + PE
    Total System Jitter     (TSJ):    0.071ns
    Total Input Jitter      (TIJ):    0.000ns
    Discrete Jitter          (DJ):    0.000ns
    Phase Error              (PE):    0.000ns

    Location             Delay type                Incr(ns)  Path(ns)    Netlist Resource(s)
  -------------------------------------------------------------------    -------------------
                         (clock sys_clk_pin rise edge)
                                                      0.000     0.000 r  
    E3                                                0.000     0.000 r  CLK100MHZ (IN)
                         net (fo=0)                   0.000     0.000    CLK100MHZ
    E3                   IBUF (Prop_ibuf_I_O)         1.482     1.482 r  CLK100MHZ_IBUF_inst/O
                         net (fo=1, routed)           2.025     3.506    CLK100MHZ_IBUF
    BUFGCTRL_X0Y16       BUFG (Prop_bufg_I_O)         0.096     3.602 r  CLK100MHZ_IBUF_BUFG_inst/O
                         net (fo=41, routed)          1.710     5.312    top0/CLK
    SLICE_X0Y101         FDRE                                         r  top0/clk_cnt_reg[0]/C
  -------------------------------------------------------------------    -------------------
    SLICE_X0Y101         FDRE (Prop_fdre_C_Q)         0.456     5.768 r  top0/clk_cnt_reg[0]/Q
                         net (fo=3, routed)           0.806     6.574    top0/clk_cnt_reg_n_0_[0]
    SLICE_X1Y101         CARRY4 (Prop_carry4_CYINIT_CO[3])
                                                      0.580     7.154 r  top0/clk_cnt0_carry/CO[3]
                         net (fo=1, routed)           0.000     7.154    top0/clk_cnt0_carry_n_0
    SLICE_X1Y102         CARRY4 (Prop_carry4_CI_O[0])
                                                      0.222     7.376 r  top0/clk_cnt0_carry__0/O[0]
                         net (fo=1, routed)           0.691     8.067    top0/clk_cnt0[5]
    SLICE_X0Y102         LUT6 (Prop_lut6_I2_O)        0.299     8.366 r  top0/clk_cnt[4]_i_4/O
                         net (fo=1, routed)           0.000     8.366    top0/clk_cnt[4]_i_4_n_0
    SLICE_X0Y102         CARRY4 (Prop_carry4_S[1]_CO[3])
                                                      0.550     8.916 r  top0/clk_cnt_reg[4]_i_1/CO[3]
                         net (fo=1, routed)           0.000     8.916    top0/clk_cnt_reg[4]_i_1_n_0
    SLICE_X0Y103         CARRY4 (Prop_carry4_CI_CO[3])
                                                      0.114     9.030 r  top0/clk_cnt_reg[8]_i_1/CO[3]
                         net (fo=1, routed)           0.000     9.030    top0/clk_cnt_reg[8]_i_1_n_0
    SLICE_X0Y104         CARRY4 (Prop_carry4_CI_CO[3])
                                                      0.114     9.144 r  top0/clk_cnt_reg[12]_i_1/CO[3]
                         net (fo=1, routed)           0.000     9.144    top0/clk_cnt_reg[12]_i_1_n_0
    SLICE_X0Y105         CARRY4 (Prop_carry4_CI_O[3])
                                                      0.313     9.457 r  top0/clk_cnt_reg[16]_i_1/O[3]
                         net (fo=1, routed)           0.000     9.457    top0/clk_cnt_reg[16]_i_1_n_4
    SLICE_X0Y105         FDRE                                         r  top0/clk_cnt_reg[19]/D
  -------------------------------------------------------------------    -------------------

                         (clock sys_clk_pin rise edge)
                                                     10.000    10.000 r  
    E3                                                0.000    10.000 r  CLK100MHZ (IN)
                         net (fo=0)                   0.000    10.000    CLK100MHZ
    E3                   IBUF (Prop_ibuf_I_O)         1.411    11.411 r  CLK100MHZ_IBUF_inst/O
                         net (fo=1, routed)           1.920    13.331    CLK100MHZ_IBUF
    BUFGCTRL_X0Y16       BUFG (Prop_bufg_I_O)         0.091    13.422 r  CLK100MHZ_IBUF_BUFG_inst/O
                         net (fo=41, routed)          1.589    15.011    top0/CLK
    SLICE_X0Y105         FDRE                                         r  top0/clk_cnt_reg[19]/C
                         clock pessimism              0.275    15.286    
                         clock uncertainty           -0.035    15.251    
    SLICE_X0Y105         FDRE (Setup_fdre_C_D)        0.062    15.313    top0/clk_cnt_reg[19]
  -------------------------------------------------------------------
                         required time                         15.313    
                         arrival time                          -9.457    
  -------------------------------------------------------------------
                         slack                                  5.856    





Min Delay Paths
--------------------------------------------------------------------------------------
Slack (MET) :             0.195ns  (arrival time - required time)
  Source:                 top0/lfsr_reg[1]/C
                            (rising edge-triggered cell FDRE clocked by sys_clk_pin  {rise@0.000ns fall@5.000ns period=10.000ns})
  Destination:            top0/o_random_out_reg[1]/D
                            (rising edge-triggered cell FDRE clocked by sys_clk_pin  {rise@0.000ns fall@5.000ns period=10.000ns})
  Path Group:             sys_clk_pin
  Path Type:              Hold (Min at Fast Process Corner)
  Requirement:            0.000ns  (sys_clk_pin rise@0.000ns - sys_clk_pin rise@0.000ns)
  Data Path Delay:        0.528ns  (logic 0.141ns (26.721%)  route 0.387ns (73.279%))
  Logic Levels:           0  
  Clock Path Skew:        0.267ns (DCD - SCD - CPR)
    Destination Clock Delay (DCD):    2.037ns
    Source Clock Delay      (SCD):    1.524ns
    Clock Pessimism Removal (CPR):    0.245ns

    Location             Delay type                Incr(ns)  Path(ns)    Netlist Resource(s)
  -------------------------------------------------------------------    -------------------
                         (clock sys_clk_pin rise edge)
                                                      0.000     0.000 r  
    E3                                                0.000     0.000 r  CLK100MHZ (IN)
                         net (fo=0)                   0.000     0.000    CLK100MHZ
    E3                   IBUF (Prop_ibuf_I_O)         0.250     0.250 r  CLK100MHZ_IBUF_inst/O
                         net (fo=1, routed)           0.644     0.894    CLK100MHZ_IBUF
    BUFGCTRL_X0Y16       BUFG (Prop_bufg_I_O)         0.026     0.920 r  CLK100MHZ_IBUF_BUFG_inst/O
                         net (fo=41, routed)          0.605     1.524    top0/CLK
    SLICE_X0Y99          FDRE                                         r  top0/lfsr_reg[1]/C
  -------------------------------------------------------------------    -------------------
    SLICE_X0Y99          FDRE (Prop_fdre_C_Q)         0.141     1.665 r  top0/lfsr_reg[1]/Q
                         net (fo=2, routed)           0.387     2.052    top0/lfsr_reg_n_0_[1]
    SLICE_X1Y100         FDRE                                         r  top0/o_random_out_reg[1]/D
  -------------------------------------------------------------------    -------------------

                         (clock sys_clk_pin rise edge)
                                                      0.000     0.000 r  
    E3                                                0.000     0.000 r  CLK100MHZ (IN)
                         net (fo=0)                   0.000     0.000    CLK100MHZ
    E3                   IBUF (Prop_ibuf_I_O)         0.438     0.438 r  CLK100MHZ_IBUF_inst/O
                         net (fo=1, routed)           0.699     1.136    CLK100MHZ_IBUF
    BUFGCTRL_X0Y16       BUFG (Prop_bufg_I_O)         0.029     1.165 r  CLK100MHZ_IBUF_BUFG_inst/O
                         net (fo=41, routed)          0.872     2.037    top0/CLK
    SLICE_X1Y100         FDRE                                         r  top0/o_random_out_reg[1]/C
                         clock pessimism             -0.245     1.791    
    SLICE_X1Y100         FDRE (Hold_fdre_C_D)         0.066     1.857    top0/o_random_out_reg[1]
  -------------------------------------------------------------------
                         required time                         -1.857    
                         arrival time                           2.052    
  -------------------------------------------------------------------
                         slack                                  0.195    

Slack (MET) :             0.205ns  (arrival time - required time)
  Source:                 top0/lfsr_reg[3]/C
                            (rising edge-triggered cell FDRE clocked by sys_clk_pin  {rise@0.000ns fall@5.000ns period=10.000ns})
  Destination:            top0/o_random_out_reg[3]/D
                            (rising edge-triggered cell FDRE clocked by sys_clk_pin  {rise@0.000ns fall@5.000ns period=10.000ns})
  Path Group:             sys_clk_pin
  Path Type:              Hold (Min at Fast Process Corner)
  Requirement:            0.000ns  (sys_clk_pin rise@0.000ns - sys_clk_pin rise@0.000ns)
  Data Path Delay:        0.544ns  (logic 0.141ns (25.934%)  route 0.403ns (74.066%))
  Logic Levels:           0  
  Clock Path Skew:        0.267ns (DCD - SCD - CPR)
    Destination Clock Delay (DCD):    2.037ns
    Source Clock Delay      (SCD):    1.524ns
    Clock Pessimism Removal (CPR):    0.245ns

    Location             Delay type                Incr(ns)  Path(ns)    Netlist Resource(s)
  -------------------------------------------------------------------    -------------------
                         (clock sys_clk_pin rise edge)
                                                      0.000     0.000 r  
    E3                                                0.000     0.000 r  CLK100MHZ (IN)
                         net (fo=0)                   0.000     0.000    CLK100MHZ
    E3                   IBUF (Prop_ibuf_I_O)         0.250     0.250 r  CLK100MHZ_IBUF_inst/O
                         net (fo=1, routed)           0.644     0.894    CLK100MHZ_IBUF
    BUFGCTRL_X0Y16       BUFG (Prop_bufg_I_O)         0.026     0.920 r  CLK100MHZ_IBUF_BUFG_inst/O
                         net (fo=41, routed)          0.605     1.524    top0/CLK
    SLICE_X1Y99          FDRE                                         r  top0/lfsr_reg[3]/C
  -------------------------------------------------------------------    -------------------
    SLICE_X1Y99          FDRE (Prop_fdre_C_Q)         0.141     1.665 r  top0/lfsr_reg[3]/Q
                         net (fo=2, routed)           0.403     2.068    top0/lfsr_reg_n_0_[3]
    SLICE_X1Y100         FDRE                                         r  top0/o_random_out_reg[3]/D
  -------------------------------------------------------------------    -------------------

                         (clock sys_clk_pin rise edge)
                                                      0.000     0.000 r  
    E3                                                0.000     0.000 r  CLK100MHZ (IN)
                         net (fo=0)                   0.000     0.000    CLK100MHZ
    E3                   IBUF (Prop_ibuf_I_O)         0.438     0.438 r  CLK100MHZ_IBUF_inst/O
                         net (fo=1, routed)           0.699     1.136    CLK100MHZ_IBUF
    BUFGCTRL_X0Y16       BUFG (Prop_bufg_I_O)         0.029     1.165 r  CLK100MHZ_IBUF_BUFG_inst/O
                         net (fo=41, routed)          0.872     2.037    top0/CLK
    SLICE_X1Y100         FDRE                                         r  top0/o_random_out_reg[3]/C
                         clock pessimism             -0.245     1.791    
    SLICE_X1Y100         FDRE (Hold_fdre_C_D)         0.072     1.863    top0/o_random_out_reg[3]
  -------------------------------------------------------------------
                         required time                         -1.863    
                         arrival time                           2.068    
  -------------------------------------------------------------------
                         slack                                  0.205    

Slack (MET) :             0.220ns  (arrival time - required time)
  Source:                 top0/lfsr_reg[2]/C
                            (rising edge-triggered cell FDRE clocked by sys_clk_pin  {rise@0.000ns fall@5.000ns period=10.000ns})
  Destination:            top0/lfsr_reg[0]/D
                            (rising edge-triggered cell FDSE clocked by sys_clk_pin  {rise@0.000ns fall@5.000ns period=10.000ns})
  Path Group:             sys_clk_pin
  Path Type:              Hold (Min at Fast Process Corner)
  Requirement:            0.000ns  (sys_clk_pin rise@0.000ns - sys_clk_pin rise@0.000ns)
  Data Path Delay:        0.311ns  (logic 0.227ns (72.901%)  route 0.084ns (27.099%))
  Logic Levels:           1  (LUT2=1)
  Clock Path Skew:        0.000ns (DCD - SCD - CPR)
    Destination Clock Delay (DCD):    2.043ns
    Source Clock Delay      (SCD):    1.524ns
    Clock Pessimism Removal (CPR):    0.518ns

    Location             Delay type                Incr(ns)  Path(ns)    Netlist Resource(s)
  -------------------------------------------------------------------    -------------------
                         (clock sys_clk_pin rise edge)
                                                      0.000     0.000 r  
    E3                                                0.000     0.000 r  CLK100MHZ (IN)
                         net (fo=0)                   0.000     0.000    CLK100MHZ
    E3                   IBUF (Prop_ibuf_I_O)         0.250     0.250 r  CLK100MHZ_IBUF_inst/O
                         net (fo=1, routed)           0.644     0.894    CLK100MHZ_IBUF
    BUFGCTRL_X0Y16       BUFG (Prop_bufg_I_O)         0.026     0.920 r  CLK100MHZ_IBUF_BUFG_inst/O
                         net (fo=41, routed)          0.605     1.524    top0/CLK
    SLICE_X1Y99          FDRE                                         r  top0/lfsr_reg[2]/C
  -------------------------------------------------------------------    -------------------
    SLICE_X1Y99          FDRE (Prop_fdre_C_Q)         0.128     1.652 r  top0/lfsr_reg[2]/Q
                         net (fo=3, routed)           0.084     1.737    top0/lfsr_reg_n_0_[2]
    SLICE_X1Y99          LUT2 (Prop_lut2_I0_O)        0.099     1.836 r  top0/lfsr[0]_i_1/O
                         net (fo=1, routed)           0.000     1.836    top0/p_2_out[0]
    SLICE_X1Y99          FDSE                                         r  top0/lfsr_reg[0]/D
  -------------------------------------------------------------------    -------------------

                         (clock sys_clk_pin rise edge)
                                                      0.000     0.000 r  
    E3                                                0.000     0.000 r  CLK100MHZ (IN)
                         net (fo=0)                   0.000     0.000    CLK100MHZ
    E3                   IBUF (Prop_ibuf_I_O)         0.438     0.438 r  CLK100MHZ_IBUF_inst/O
                         net (fo=1, routed)           0.699     1.136    CLK100MHZ_IBUF
    BUFGCTRL_X0Y16       BUFG (Prop_bufg_I_O)         0.029     1.165 r  CLK100MHZ_IBUF_BUFG_inst/O
                         net (fo=41, routed)          0.878     2.043    top0/CLK
    SLICE_X1Y99          FDSE                                         r  top0/lfsr_reg[0]/C
                         clock pessimism             -0.518     1.524    
    SLICE_X1Y99          FDSE (Hold_fdse_C_D)         0.091     1.615    top0/lfsr_reg[0]
  -------------------------------------------------------------------
                         required time                         -1.615    
                         arrival time                           1.836    
  -------------------------------------------------------------------
                         slack                                  0.220    

Slack (MET) :             0.226ns  (arrival time - required time)
  Source:                 top0/lfsr_reg[0]/C
                            (rising edge-triggered cell FDSE clocked by sys_clk_pin  {rise@0.000ns fall@5.000ns period=10.000ns})
  Destination:            top0/o_random_out_reg[0]/D
                            (rising edge-triggered cell FDRE clocked by sys_clk_pin  {rise@0.000ns fall@5.000ns period=10.000ns})
  Path Group:             sys_clk_pin
  Path Type:              Hold (Min at Fast Process Corner)
  Requirement:            0.000ns  (sys_clk_pin rise@0.000ns - sys_clk_pin rise@0.000ns)
  Data Path Delay:        0.562ns  (logic 0.141ns (25.069%)  route 0.421ns (74.931%))
  Logic Levels:           0  
  Clock Path Skew:        0.267ns (DCD - SCD - CPR)
    Destination Clock Delay (DCD):    2.037ns
    Source Clock Delay      (SCD):    1.524ns
    Clock Pessimism Removal (CPR):    0.245ns

    Location             Delay type                Incr(ns)  Path(ns)    Netlist Resource(s)
  -------------------------------------------------------------------    -------------------
                         (clock sys_clk_pin rise edge)
                                                      0.000     0.000 r  
    E3                                                0.000     0.000 r  CLK100MHZ (IN)
                         net (fo=0)                   0.000     0.000    CLK100MHZ
    E3                   IBUF (Prop_ibuf_I_O)         0.250     0.250 r  CLK100MHZ_IBUF_inst/O
                         net (fo=1, routed)           0.644     0.894    CLK100MHZ_IBUF
    BUFGCTRL_X0Y16       BUFG (Prop_bufg_I_O)         0.026     0.920 r  CLK100MHZ_IBUF_BUFG_inst/O
                         net (fo=41, routed)          0.605     1.524    top0/CLK
    SLICE_X1Y99          FDSE                                         r  top0/lfsr_reg[0]/C
  -------------------------------------------------------------------    -------------------
    SLICE_X1Y99          FDSE (Prop_fdse_C_Q)         0.141     1.665 r  top0/lfsr_reg[0]/Q
                         net (fo=2, routed)           0.421     2.087    top0/lfsr_reg_n_0_[0]
    SLICE_X1Y100         FDRE                                         r  top0/o_random_out_reg[0]/D
  -------------------------------------------------------------------    -------------------

                         (clock sys_clk_pin rise edge)
                                                      0.000     0.000 r  
    E3                                                0.000     0.000 r  CLK100MHZ (IN)
                         net (fo=0)                   0.000     0.000    CLK100MHZ
    E3                   IBUF (Prop_ibuf_I_O)         0.438     0.438 r  CLK100MHZ_IBUF_inst/O
                         net (fo=1, routed)           0.699     1.136    CLK100MHZ_IBUF
    BUFGCTRL_X0Y16       BUFG (Prop_bufg_I_O)         0.029     1.165 r  CLK100MHZ_IBUF_BUFG_inst/O
                         net (fo=41, routed)          0.872     2.037    top0/CLK
    SLICE_X1Y100         FDRE                                         r  top0/o_random_out_reg[0]/C
                         clock pessimism             -0.245     1.791    
    SLICE_X1Y100         FDRE (Hold_fdre_C_D)         0.070     1.861    top0/o_random_out_reg[0]
  -------------------------------------------------------------------
                         required time                         -1.861    
                         arrival time                           2.087    
  -------------------------------------------------------------------
                         slack                                  0.226    

Slack (MET) :             0.266ns  (arrival time - required time)
  Source:                 top0/lfsr_reg[2]/C
                            (rising edge-triggered cell FDRE clocked by sys_clk_pin  {rise@0.000ns fall@5.000ns period=10.000ns})
  Destination:            top0/lfsr_reg[3]/D
                            (rising edge-triggered cell FDRE clocked by sys_clk_pin  {rise@0.000ns fall@5.000ns period=10.000ns})
  Path Group:             sys_clk_pin
  Path Type:              Hold (Min at Fast Process Corner)
  Requirement:            0.000ns  (sys_clk_pin rise@0.000ns - sys_clk_pin rise@0.000ns)
  Data Path Delay:        0.278ns  (logic 0.128ns (46.101%)  route 0.150ns (53.899%))
  Logic Levels:           0  
  Clock Path Skew:        0.000ns (DCD - SCD - CPR)
    Destination Clock Delay (DCD):    2.043ns
    Source Clock Delay      (SCD):    1.524ns
    Clock Pessimism Removal (CPR):    0.518ns

    Location             Delay type                Incr(ns)  Path(ns)    Netlist Resource(s)
  -------------------------------------------------------------------    -------------------
                         (clock sys_clk_pin rise edge)
                                                      0.000     0.000 r  
    E3                                                0.000     0.000 r  CLK100MHZ (IN)
                         net (fo=0)                   0.000     0.000    CLK100MHZ
    E3                   IBUF (Prop_ibuf_I_O)         0.250     0.250 r  CLK100MHZ_IBUF_inst/O
                         net (fo=1, routed)           0.644     0.894    CLK100MHZ_IBUF
    BUFGCTRL_X0Y16       BUFG (Prop_bufg_I_O)         0.026     0.920 r  CLK100MHZ_IBUF_BUFG_inst/O
                         net (fo=41, routed)          0.605     1.524    top0/CLK
    SLICE_X1Y99          FDRE                                         r  top0/lfsr_reg[2]/C
  -------------------------------------------------------------------    -------------------
    SLICE_X1Y99          FDRE (Prop_fdre_C_Q)         0.128     1.652 r  top0/lfsr_reg[2]/Q
                         net (fo=3, routed)           0.150     1.802    top0/lfsr_reg_n_0_[2]
    SLICE_X1Y99          FDRE                                         r  top0/lfsr_reg[3]/D
  -------------------------------------------------------------------    -------------------

                         (clock sys_clk_pin rise edge)
                                                      0.000     0.000 r  
    E3                                                0.000     0.000 r  CLK100MHZ (IN)
                         net (fo=0)                   0.000     0.000    CLK100MHZ
    E3                   IBUF (Prop_ibuf_I_O)         0.438     0.438 r  CLK100MHZ_IBUF_inst/O
                         net (fo=1, routed)           0.699     1.136    CLK100MHZ_IBUF
    BUFGCTRL_X0Y16       BUFG (Prop_bufg_I_O)         0.029     1.165 r  CLK100MHZ_IBUF_BUFG_inst/O
                         net (fo=41, routed)          0.878     2.043    top0/CLK
    SLICE_X1Y99          FDRE                                         r  top0/lfsr_reg[3]/C
                         clock pessimism             -0.518     1.524    
    SLICE_X1Y99          FDRE (Hold_fdre_C_D)         0.012     1.536    top0/lfsr_reg[3]
  -------------------------------------------------------------------
                         required time                         -1.536    
                         arrival time                           1.802    
  -------------------------------------------------------------------
                         slack                                  0.266    

Slack (MET) :             0.292ns  (arrival time - required time)
  Source:                 top0/lfsr_reg[0]/C
                            (rising edge-triggered cell FDSE clocked by sys_clk_pin  {rise@0.000ns fall@5.000ns period=10.000ns})
  Destination:            top0/lfsr_reg[1]/D
                            (rising edge-triggered cell FDRE clocked by sys_clk_pin  {rise@0.000ns fall@5.000ns period=10.000ns})
  Path Group:             sys_clk_pin
  Path Type:              Hold (Min at Fast Process Corner)
  Requirement:            0.000ns  (sys_clk_pin rise@0.000ns - sys_clk_pin rise@0.000ns)
  Data Path Delay:        0.375ns  (logic 0.141ns (37.613%)  route 0.234ns (62.387%))
  Logic Levels:           0  
  Clock Path Skew:        0.013ns (DCD - SCD - CPR)
    Destination Clock Delay (DCD):    2.043ns
    Source Clock Delay      (SCD):    1.524ns
    Clock Pessimism Removal (CPR):    0.505ns

    Location             Delay type                Incr(ns)  Path(ns)    Netlist Resource(s)
  -------------------------------------------------------------------    -------------------
                         (clock sys_clk_pin rise edge)
                                                      0.000     0.000 r  
    E3                                                0.000     0.000 r  CLK100MHZ (IN)
                         net (fo=0)                   0.000     0.000    CLK100MHZ
    E3                   IBUF (Prop_ibuf_I_O)         0.250     0.250 r  CLK100MHZ_IBUF_inst/O
                         net (fo=1, routed)           0.644     0.894    CLK100MHZ_IBUF
    BUFGCTRL_X0Y16       BUFG (Prop_bufg_I_O)         0.026     0.920 r  CLK100MHZ_IBUF_BUFG_inst/O
                         net (fo=41, routed)          0.605     1.524    top0/CLK
    SLICE_X1Y99          FDSE                                         r  top0/lfsr_reg[0]/C
  -------------------------------------------------------------------    -------------------
    SLICE_X1Y99          FDSE (Prop_fdse_C_Q)         0.141     1.665 r  top0/lfsr_reg[0]/Q
                         net (fo=2, routed)           0.234     1.899    top0/lfsr_reg_n_0_[0]
    SLICE_X0Y99          FDRE                                         r  top0/lfsr_reg[1]/D
  -------------------------------------------------------------------    -------------------

                         (clock sys_clk_pin rise edge)
                                                      0.000     0.000 r  
    E3                                                0.000     0.000 r  CLK100MHZ (IN)
                         net (fo=0)                   0.000     0.000    CLK100MHZ
    E3                   IBUF (Prop_ibuf_I_O)         0.438     0.438 r  CLK100MHZ_IBUF_inst/O
                         net (fo=1, routed)           0.699     1.136    CLK100MHZ_IBUF
    BUFGCTRL_X0Y16       BUFG (Prop_bufg_I_O)         0.029     1.165 r  CLK100MHZ_IBUF_BUFG_inst/O
                         net (fo=41, routed)          0.878     2.043    top0/CLK
    SLICE_X0Y99          FDRE                                         r  top0/lfsr_reg[1]/C
                         clock pessimism             -0.505     1.537    
    SLICE_X0Y99          FDRE (Hold_fdre_C_D)         0.070     1.607    top0/lfsr_reg[1]
  -------------------------------------------------------------------
                         required time                         -1.607    
                         arrival time                           1.899    
  -------------------------------------------------------------------
                         slack                                  0.292    

Slack (MET) :             0.308ns  (arrival time - required time)
  Source:                 top0/clk_max_reg[2]/C
                            (rising edge-triggered cell FDRE clocked by sys_clk_pin  {rise@0.000ns fall@5.000ns period=10.000ns})
  Destination:            top0/clk_cnt_reg[1]/D
                            (rising edge-triggered cell FDRE clocked by sys_clk_pin  {rise@0.000ns fall@5.000ns period=10.000ns})
  Path Group:             sys_clk_pin
  Path Type:              Hold (Min at Fast Process Corner)
  Requirement:            0.000ns  (sys_clk_pin rise@0.000ns - sys_clk_pin rise@0.000ns)
  Data Path Delay:        0.429ns  (logic 0.274ns (63.905%)  route 0.155ns (36.096%))
  Logic Levels:           2  (CARRY4=1 LUT6=1)
  Clock Path Skew:        0.016ns (DCD - SCD - CPR)
    Destination Clock Delay (DCD):    2.037ns
    Source Clock Delay      (SCD):    1.518ns
    Clock Pessimism Removal (CPR):    0.502ns

    Location             Delay type                Incr(ns)  Path(ns)    Netlist Resource(s)
  -------------------------------------------------------------------    -------------------
                         (clock sys_clk_pin rise edge)
                                                      0.000     0.000 r  
    E3                                                0.000     0.000 r  CLK100MHZ (IN)
                         net (fo=0)                   0.000     0.000    CLK100MHZ
    E3                   IBUF (Prop_ibuf_I_O)         0.250     0.250 r  CLK100MHZ_IBUF_inst/O
                         net (fo=1, routed)           0.644     0.894    CLK100MHZ_IBUF
    BUFGCTRL_X0Y16       BUFG (Prop_bufg_I_O)         0.026     0.920 r  CLK100MHZ_IBUF_BUFG_inst/O
                         net (fo=41, routed)          0.599     1.518    top0/CLK
    SLICE_X2Y101         FDRE                                         r  top0/clk_max_reg[2]/C
  -------------------------------------------------------------------    -------------------
    SLICE_X2Y101         FDRE (Prop_fdre_C_Q)         0.164     1.682 r  top0/clk_max_reg[2]/Q
                         net (fo=36, routed)          0.155     1.837    top0/clk_max_reg_n_0_[2]
    SLICE_X0Y101         LUT6 (Prop_lut6_I1_O)        0.045     1.882 r  top0/clk_cnt[0]_i_5/O
                         net (fo=1, routed)           0.000     1.882    top0/clk_cnt[0]_i_5_n_0
    SLICE_X0Y101         CARRY4 (Prop_carry4_S[1]_O[1])
                                                      0.065     1.947 r  top0/clk_cnt_reg[0]_i_1/O[1]
                         net (fo=1, routed)           0.000     1.947    top0/clk_cnt_reg[0]_i_1_n_6
    SLICE_X0Y101         FDRE                                         r  top0/clk_cnt_reg[1]/D
  -------------------------------------------------------------------    -------------------

                         (clock sys_clk_pin rise edge)
                                                      0.000     0.000 r  
    E3                                                0.000     0.000 r  CLK100MHZ (IN)
                         net (fo=0)                   0.000     0.000    CLK100MHZ
    E3                   IBUF (Prop_ibuf_I_O)         0.438     0.438 r  CLK100MHZ_IBUF_inst/O
                         net (fo=1, routed)           0.699     1.136    CLK100MHZ_IBUF
    BUFGCTRL_X0Y16       BUFG (Prop_bufg_I_O)         0.029     1.165 r  CLK100MHZ_IBUF_BUFG_inst/O
                         net (fo=41, routed)          0.872     2.037    top0/CLK
    SLICE_X0Y101         FDRE                                         r  top0/clk_cnt_reg[1]/C
                         clock pessimism             -0.502     1.534    
    SLICE_X0Y101         FDRE (Hold_fdre_C_D)         0.105     1.639    top0/clk_cnt_reg[1]
  -------------------------------------------------------------------
                         required time                         -1.639    
                         arrival time                           1.947    
  -------------------------------------------------------------------
                         slack                                  0.308    

Slack (MET) :             0.317ns  (arrival time - required time)
  Source:                 top0/clk_cnt_reg[3]/C
                            (rising edge-triggered cell FDRE clocked by sys_clk_pin  {rise@0.000ns fall@5.000ns period=10.000ns})
  Destination:            top0/clk_cnt_reg[3]/D
                            (rising edge-triggered cell FDRE clocked by sys_clk_pin  {rise@0.000ns fall@5.000ns period=10.000ns})
  Path Group:             sys_clk_pin
  Path Type:              Hold (Min at Fast Process Corner)
  Requirement:            0.000ns  (sys_clk_pin rise@0.000ns - sys_clk_pin rise@0.000ns)
  Data Path Delay:        0.422ns  (logic 0.249ns (58.996%)  route 0.173ns (41.005%))
  Logic Levels:           2  (CARRY4=1 LUT6=1)
  Clock Path Skew:        0.000ns (DCD - SCD - CPR)
    Destination Clock Delay (DCD):    2.037ns
    Source Clock Delay      (SCD):    1.518ns
    Clock Pessimism Removal (CPR):    0.518ns

    Location             Delay type                Incr(ns)  Path(ns)    Netlist Resource(s)
  -------------------------------------------------------------------    -------------------
                         (clock sys_clk_pin rise edge)
                                                      0.000     0.000 r  
    E3                                                0.000     0.000 r  CLK100MHZ (IN)
                         net (fo=0)                   0.000     0.000    CLK100MHZ
    E3                   IBUF (Prop_ibuf_I_O)         0.250     0.250 r  CLK100MHZ_IBUF_inst/O
                         net (fo=1, routed)           0.644     0.894    CLK100MHZ_IBUF
    BUFGCTRL_X0Y16       BUFG (Prop_bufg_I_O)         0.026     0.920 r  CLK100MHZ_IBUF_BUFG_inst/O
                         net (fo=41, routed)          0.599     1.518    top0/CLK
    SLICE_X0Y101         FDRE                                         r  top0/clk_cnt_reg[3]/C
  -------------------------------------------------------------------    -------------------
    SLICE_X0Y101         FDRE (Prop_fdre_C_Q)         0.141     1.659 r  top0/clk_cnt_reg[3]/Q
                         net (fo=2, routed)           0.173     1.832    top0/clk_cnt_reg_n_0_[3]
    SLICE_X0Y101         LUT6 (Prop_lut6_I5_O)        0.045     1.877 r  top0/clk_cnt[0]_i_3/O
                         net (fo=1, routed)           0.000     1.877    top0/clk_cnt[0]_i_3_n_0
    SLICE_X0Y101         CARRY4 (Prop_carry4_S[3]_O[3])
                                                      0.063     1.940 r  top0/clk_cnt_reg[0]_i_1/O[3]
                         net (fo=1, routed)           0.000     1.940    top0/clk_cnt_reg[0]_i_1_n_4
    SLICE_X0Y101         FDRE                                         r  top0/clk_cnt_reg[3]/D
  -------------------------------------------------------------------    -------------------

                         (clock sys_clk_pin rise edge)
                                                      0.000     0.000 r  
    E3                                                0.000     0.000 r  CLK100MHZ (IN)
                         net (fo=0)                   0.000     0.000    CLK100MHZ
    E3                   IBUF (Prop_ibuf_I_O)         0.438     0.438 r  CLK100MHZ_IBUF_inst/O
                         net (fo=1, routed)           0.699     1.136    CLK100MHZ_IBUF
    BUFGCTRL_X0Y16       BUFG (Prop_bufg_I_O)         0.029     1.165 r  CLK100MHZ_IBUF_BUFG_inst/O
                         net (fo=41, routed)          0.872     2.037    top0/CLK
    SLICE_X0Y101         FDRE                                         r  top0/clk_cnt_reg[3]/C
                         clock pessimism             -0.518     1.518    
    SLICE_X0Y101         FDRE (Hold_fdre_C_D)         0.105     1.623    top0/clk_cnt_reg[3]
  -------------------------------------------------------------------
                         required time                         -1.623    
                         arrival time                           1.940    
  -------------------------------------------------------------------
                         slack                                  0.317    

Slack (MET) :             0.317ns  (arrival time - required time)
  Source:                 top0/clk_cnt_reg[7]/C
                            (rising edge-triggered cell FDRE clocked by sys_clk_pin  {rise@0.000ns fall@5.000ns period=10.000ns})
  Destination:            top0/clk_cnt_reg[7]/D
                            (rising edge-triggered cell FDRE clocked by sys_clk_pin  {rise@0.000ns fall@5.000ns period=10.000ns})
  Path Group:             sys_clk_pin
  Path Type:              Hold (Min at Fast Process Corner)
  Requirement:            0.000ns  (sys_clk_pin rise@0.000ns - sys_clk_pin rise@0.000ns)
  Data Path Delay:        0.422ns  (logic 0.249ns (58.996%)  route 0.173ns (41.005%))
  Logic Levels:           2  (CARRY4=1 LUT6=1)
  Clock Path Skew:        0.000ns (DCD - SCD - CPR)
    Destination Clock Delay (DCD):    2.037ns
    Source Clock Delay      (SCD):    1.518ns
    Clock Pessimism Removal (CPR):    0.518ns

    Location             Delay type                Incr(ns)  Path(ns)    Netlist Resource(s)
  -------------------------------------------------------------------    -------------------
                         (clock sys_clk_pin rise edge)
                                                      0.000     0.000 r  
    E3                                                0.000     0.000 r  CLK100MHZ (IN)
                         net (fo=0)                   0.000     0.000    CLK100MHZ
    E3                   IBUF (Prop_ibuf_I_O)         0.250     0.250 r  CLK100MHZ_IBUF_inst/O
                         net (fo=1, routed)           0.644     0.894    CLK100MHZ_IBUF
    BUFGCTRL_X0Y16       BUFG (Prop_bufg_I_O)         0.026     0.920 r  CLK100MHZ_IBUF_BUFG_inst/O
                         net (fo=41, routed)          0.599     1.518    top0/CLK
    SLICE_X0Y102         FDRE                                         r  top0/clk_cnt_reg[7]/C
  -------------------------------------------------------------------    -------------------
    SLICE_X0Y102         FDRE (Prop_fdre_C_Q)         0.141     1.659 r  top0/clk_cnt_reg[7]/Q
                         net (fo=2, routed)           0.173     1.832    top0/clk_cnt_reg_n_0_[7]
    SLICE_X0Y102         LUT6 (Prop_lut6_I5_O)        0.045     1.877 r  top0/clk_cnt[4]_i_2/O
                         net (fo=1, routed)           0.000     1.877    top0/clk_cnt[4]_i_2_n_0
    SLICE_X0Y102         CARRY4 (Prop_carry4_S[3]_O[3])
                                                      0.063     1.940 r  top0/clk_cnt_reg[4]_i_1/O[3]
                         net (fo=1, routed)           0.000     1.940    top0/clk_cnt_reg[4]_i_1_n_4
    SLICE_X0Y102         FDRE                                         r  top0/clk_cnt_reg[7]/D
  -------------------------------------------------------------------    -------------------

                         (clock sys_clk_pin rise edge)
                                                      0.000     0.000 r  
    E3                                                0.000     0.000 r  CLK100MHZ (IN)
                         net (fo=0)                   0.000     0.000    CLK100MHZ
    E3                   IBUF (Prop_ibuf_I_O)         0.438     0.438 r  CLK100MHZ_IBUF_inst/O
                         net (fo=1, routed)           0.699     1.136    CLK100MHZ_IBUF
    BUFGCTRL_X0Y16       BUFG (Prop_bufg_I_O)         0.029     1.165 r  CLK100MHZ_IBUF_BUFG_inst/O
                         net (fo=41, routed)          0.872     2.037    top0/CLK
    SLICE_X0Y102         FDRE                                         r  top0/clk_cnt_reg[7]/C
                         clock pessimism             -0.518     1.518    
    SLICE_X0Y102         FDRE (Hold_fdre_C_D)         0.105     1.623    top0/clk_cnt_reg[7]
  -------------------------------------------------------------------
                         required time                         -1.623    
                         arrival time                           1.940    
  -------------------------------------------------------------------
                         slack                                  0.317    

Slack (MET) :             0.317ns  (arrival time - required time)
  Source:                 top0/clk_cnt_reg[11]/C
                            (rising edge-triggered cell FDRE clocked by sys_clk_pin  {rise@0.000ns fall@5.000ns period=10.000ns})
  Destination:            top0/clk_cnt_reg[11]/D
                            (rising edge-triggered cell FDRE clocked by sys_clk_pin  {rise@0.000ns fall@5.000ns period=10.000ns})
  Path Group:             sys_clk_pin
  Path Type:              Hold (Min at Fast Process Corner)
  Requirement:            0.000ns  (sys_clk_pin rise@0.000ns - sys_clk_pin rise@0.000ns)
  Data Path Delay:        0.422ns  (logic 0.249ns (58.995%)  route 0.173ns (41.005%))
  Logic Levels:           2  (CARRY4=1 LUT6=1)
  Clock Path Skew:        0.000ns (DCD - SCD - CPR)
    Destination Clock Delay (DCD):    2.036ns
    Source Clock Delay      (SCD):    1.517ns
    Clock Pessimism Removal (CPR):    0.518ns

    Location             Delay type                Incr(ns)  Path(ns)    Netlist Resource(s)
  -------------------------------------------------------------------    -------------------
                         (clock sys_clk_pin rise edge)
                                                      0.000     0.000 r  
    E3                                                0.000     0.000 r  CLK100MHZ (IN)
                         net (fo=0)                   0.000     0.000    CLK100MHZ
    E3                   IBUF (Prop_ibuf_I_O)         0.250     0.250 r  CLK100MHZ_IBUF_inst/O
                         net (fo=1, routed)           0.644     0.894    CLK100MHZ_IBUF
    BUFGCTRL_X0Y16       BUFG (Prop_bufg_I_O)         0.026     0.920 r  CLK100MHZ_IBUF_BUFG_inst/O
                         net (fo=41, routed)          0.598     1.517    top0/CLK
    SLICE_X0Y103         FDRE                                         r  top0/clk_cnt_reg[11]/C
  -------------------------------------------------------------------    -------------------
    SLICE_X0Y103         FDRE (Prop_fdre_C_Q)         0.141     1.658 r  top0/clk_cnt_reg[11]/Q
                         net (fo=2, routed)           0.173     1.831    top0/clk_cnt_reg_n_0_[11]
    SLICE_X0Y103         LUT6 (Prop_lut6_I5_O)        0.045     1.876 r  top0/clk_cnt[8]_i_2/O
                         net (fo=1, routed)           0.000     1.876    top0/clk_cnt[8]_i_2_n_0
    SLICE_X0Y103         CARRY4 (Prop_carry4_S[3]_O[3])
                                                      0.063     1.939 r  top0/clk_cnt_reg[8]_i_1/O[3]
                         net (fo=1, routed)           0.000     1.939    top0/clk_cnt_reg[8]_i_1_n_4
    SLICE_X0Y103         FDRE                                         r  top0/clk_cnt_reg[11]/D
  -------------------------------------------------------------------    -------------------

                         (clock sys_clk_pin rise edge)
                                                      0.000     0.000 r  
    E3                                                0.000     0.000 r  CLK100MHZ (IN)
                         net (fo=0)                   0.000     0.000    CLK100MHZ
    E3                   IBUF (Prop_ibuf_I_O)         0.438     0.438 r  CLK100MHZ_IBUF_inst/O
                         net (fo=1, routed)           0.699     1.136    CLK100MHZ_IBUF
    BUFGCTRL_X0Y16       BUFG (Prop_bufg_I_O)         0.029     1.165 r  CLK100MHZ_IBUF_BUFG_inst/O
                         net (fo=41, routed)          0.871     2.036    top0/CLK
    SLICE_X0Y103         FDRE                                         r  top0/clk_cnt_reg[11]/C
                         clock pessimism             -0.518     1.517    
    SLICE_X0Y103         FDRE (Hold_fdre_C_D)         0.105     1.622    top0/clk_cnt_reg[11]
  -------------------------------------------------------------------
                         required time                         -1.622    
                         arrival time                           1.939    
  -------------------------------------------------------------------
                         slack                                  0.317    





Pulse Width Checks
--------------------------------------------------------------------------------------
Clock Name:         sys_clk_pin
Waveform(ns):       { 0.000 5.000 }
Period(ns):         10.000
Sources:            { CLK100MHZ }

Check Type        Corner  Lib Pin  Reference Pin  Required(ns)  Actual(ns)  Slack(ns)  Location        Pin
Min Period        n/a     BUFG/I   n/a            2.155         10.000      7.845      BUFGCTRL_X0Y16  CLK100MHZ_IBUF_BUFG_inst/I
Min Period        n/a     FDRE/C   n/a            1.000         10.000      9.000      SLICE_X0Y101    top0/clk_cnt_reg[0]/C
Min Period        n/a     FDRE/C   n/a            1.000         10.000      9.000      SLICE_X0Y103    top0/clk_cnt_reg[10]/C
Min Period        n/a     FDRE/C   n/a            1.000         10.000      9.000      SLICE_X0Y103    top0/clk_cnt_reg[11]/C
Min Period        n/a     FDRE/C   n/a            1.000         10.000      9.000      SLICE_X0Y104    top0/clk_cnt_reg[12]/C
Min Period        n/a     FDRE/C   n/a            1.000         10.000      9.000      SLICE_X0Y104    top0/clk_cnt_reg[13]/C
Min Period        n/a     FDRE/C   n/a            1.000         10.000      9.000      SLICE_X0Y104    top0/clk_cnt_reg[14]/C
Min Period        n/a     FDRE/C   n/a            1.000         10.000      9.000      SLICE_X0Y104    top0/clk_cnt_reg[15]/C
Min Period        n/a     FDRE/C   n/a            1.000         10.000      9.000      SLICE_X0Y105    top0/clk_cnt_reg[16]/C
Min Period        n/a     FDRE/C   n/a            1.000         10.000      9.000      SLICE_X0Y105    top0/clk_cnt_reg[17]/C
Low Pulse Width   Slow    FDRE/C   n/a            0.500         5.000       4.500      SLICE_X0Y101    top0/clk_cnt_reg[0]/C
Low Pulse Width   Fast    FDRE/C   n/a            0.500         5.000       4.500      SLICE_X0Y101    top0/clk_cnt_reg[0]/C
Low Pulse Width   Slow    FDRE/C   n/a            0.500         5.000       4.500      SLICE_X0Y103    top0/clk_cnt_reg[10]/C
Low Pulse Width   Fast    FDRE/C   n/a            0.500         5.000       4.500      SLICE_X0Y103    top0/clk_cnt_reg[10]/C
Low Pulse Width   Slow    FDRE/C   n/a            0.500         5.000       4.500      SLICE_X0Y103    top0/clk_cnt_reg[11]/C
Low Pulse Width   Fast    FDRE/C   n/a            0.500         5.000       4.500      SLICE_X0Y103    top0/clk_cnt_reg[11]/C
Low Pulse Width   Slow    FDRE/C   n/a            0.500         5.000       4.500      SLICE_X0Y104    top0/clk_cnt_reg[12]/C
Low Pulse Width   Fast    FDRE/C   n/a            0.500         5.000       4.500      SLICE_X0Y104    top0/clk_cnt_reg[12]/C
Low Pulse Width   Slow    FDRE/C   n/a            0.500         5.000       4.500      SLICE_X0Y104    top0/clk_cnt_reg[13]/C
Low Pulse Width   Fast    FDRE/C   n/a            0.500         5.000       4.500      SLICE_X0Y104    top0/clk_cnt_reg[13]/C
High Pulse Width  Slow    FDRE/C   n/a            0.500         5.000       4.500      SLICE_X0Y101    top0/clk_cnt_reg[0]/C
High Pulse Width  Fast    FDRE/C   n/a            0.500         5.000       4.500      SLICE_X0Y101    top0/clk_cnt_reg[0]/C
High Pulse Width  Slow    FDRE/C   n/a            0.500         5.000       4.500      SLICE_X0Y103    top0/clk_cnt_reg[10]/C
High Pulse Width  Fast    FDRE/C   n/a            0.500         5.000       4.500      SLICE_X0Y103    top0/clk_cnt_reg[10]/C
High Pulse Width  Slow    FDRE/C   n/a            0.500         5.000       4.500      SLICE_X0Y103    top0/clk_cnt_reg[11]/C
High Pulse Width  Fast    FDRE/C   n/a            0.500         5.000       4.500      SLICE_X0Y103    top0/clk_cnt_reg[11]/C
High Pulse Width  Slow    FDRE/C   n/a            0.500         5.000       4.500      SLICE_X0Y104    top0/clk_cnt_reg[12]/C
High Pulse Width  Fast    FDRE/C   n/a            0.500         5.000       4.500      SLICE_X0Y104    top0/clk_cnt_reg[12]/C
High Pulse Width  Slow    FDRE/C   n/a            0.500         5.000       4.500      SLICE_X0Y104    top0/clk_cnt_reg[13]/C
High Pulse Width  Fast    FDRE/C   n/a            0.500         5.000       4.500      SLICE_X0Y104    top0/clk_cnt_reg[13]/C



--------------------------------------------------------------------------------------
Path Group:  (none)
From Clock:  sys_clk_pin
  To Clock:  

Max Delay             9 Endpoints
Min Delay             9 Endpoints
--------------------------------------------------------------------------------------


Max Delay Paths
--------------------------------------------------------------------------------------
Slack:                    inf
  Source:                 top0/o_random_out_reg[3]/C
                            (rising edge-triggered cell FDRE clocked by sys_clk_pin  {rise@0.000ns fall@5.000ns period=10.000ns})
  Destination:            CA
                            (output port)
  Path Group:             (none)
  Path Type:              Max at Slow Process Corner
  Data Path Delay:        8.783ns  (logic 4.390ns (49.983%)  route 4.393ns (50.017%))
  Logic Levels:           2  (LUT5=1 OBUF=1)
  Clock Uncertainty:      0.025ns  ((TSJ^2 + TIJ^2)^1/2 + DJ) / 2 + PE
    Total System Jitter     (TSJ):    0.050ns
    Total Input Jitter      (TIJ):    0.000ns
    Discrete Jitter          (DJ):    0.000ns
    Phase Error              (PE):    0.000ns

    Location             Delay type                Incr(ns)  Path(ns)    Netlist Resource(s)
  -------------------------------------------------------------------    -------------------
                         (clock sys_clk_pin rise edge)
                                                      0.000     0.000 r  
    E3                                                0.000     0.000 r  CLK100MHZ (IN)
                         net (fo=0)                   0.000     0.000    CLK100MHZ
    E3                   IBUF (Prop_ibuf_I_O)         1.482     1.482 r  CLK100MHZ_IBUF_inst/O
                         net (fo=1, routed)           2.025     3.506    CLK100MHZ_IBUF
    BUFGCTRL_X0Y16       BUFG (Prop_bufg_I_O)         0.096     3.602 r  CLK100MHZ_IBUF_BUFG_inst/O
                         net (fo=41, routed)          1.710     5.312    top0/CLK
    SLICE_X1Y100         FDRE                                         r  top0/o_random_out_reg[3]/C
  -------------------------------------------------------------------    -------------------
    SLICE_X1Y100         FDRE (Prop_fdre_C_Q)         0.456     5.768 r  top0/o_random_out_reg[3]/Q
                         net (fo=7, routed)           0.886     6.655    top0/o_random_out[3]
    SLICE_X0Y100         LUT5 (Prop_lut5_I2_O)        0.154     6.809 r  top0/CA_OBUF_inst_i_1/O
                         net (fo=1, routed)           3.507    10.315    CA_OBUF
    T10                  OBUF (Prop_obuf_I_O)         3.780    14.095 r  CA_OBUF_inst/O
                         net (fo=0)                   0.000    14.095    CA
    T10                                                               r  CA (OUT)
  -------------------------------------------------------------------    -------------------

Slack:                    inf
  Source:                 top0/o_random_out_reg[2]/C
                            (rising edge-triggered cell FDRE clocked by sys_clk_pin  {rise@0.000ns fall@5.000ns period=10.000ns})
  Destination:            CF
                            (output port)
  Path Group:             (none)
  Path Type:              Max at Slow Process Corner
  Data Path Delay:        8.650ns  (logic 4.377ns (50.597%)  route 4.273ns (49.403%))
  Logic Levels:           2  (LUT5=1 OBUF=1)
  Clock Uncertainty:      0.025ns  ((TSJ^2 + TIJ^2)^1/2 + DJ) / 2 + PE
    Total System Jitter     (TSJ):    0.050ns
    Total Input Jitter      (TIJ):    0.000ns
    Discrete Jitter          (DJ):    0.000ns
    Phase Error              (PE):    0.000ns

    Location             Delay type                Incr(ns)  Path(ns)    Netlist Resource(s)
  -------------------------------------------------------------------    -------------------
                         (clock sys_clk_pin rise edge)
                                                      0.000     0.000 r  
    E3                                                0.000     0.000 r  CLK100MHZ (IN)
                         net (fo=0)                   0.000     0.000    CLK100MHZ
    E3                   IBUF (Prop_ibuf_I_O)         1.482     1.482 r  CLK100MHZ_IBUF_inst/O
                         net (fo=1, routed)           2.025     3.506    CLK100MHZ_IBUF
    BUFGCTRL_X0Y16       BUFG (Prop_bufg_I_O)         0.096     3.602 r  CLK100MHZ_IBUF_BUFG_inst/O
                         net (fo=41, routed)          1.710     5.312    top0/CLK
    SLICE_X1Y100         FDRE                                         r  top0/o_random_out_reg[2]/C
  -------------------------------------------------------------------    -------------------
    SLICE_X1Y100         FDRE (Prop_fdre_C_Q)         0.456     5.768 r  top0/o_random_out_reg[2]/Q
                         net (fo=7, routed)           1.165     6.933    top0/o_random_out[2]
    SLICE_X0Y100         LUT5 (Prop_lut5_I4_O)        0.152     7.085 r  top0/CF_OBUF_inst_i_1/O
                         net (fo=1, routed)           3.108    10.194    CF_OBUF
    T11                  OBUF (Prop_obuf_I_O)         3.769    13.962 r  CF_OBUF_inst/O
                         net (fo=0)                   0.000    13.962    CF
    T11                                                               r  CF (OUT)
  -------------------------------------------------------------------    -------------------

Slack:                    inf
  Source:                 top0/o_random_out_reg[2]/C
                            (rising edge-triggered cell FDRE clocked by sys_clk_pin  {rise@0.000ns fall@5.000ns period=10.000ns})
  Destination:            CB
                            (output port)
  Path Group:             (none)
  Path Type:              Max at Slow Process Corner
  Data Path Delay:        8.286ns  (logic 4.135ns (49.906%)  route 4.151ns (50.094%))
  Logic Levels:           2  (LUT5=1 OBUF=1)
  Clock Uncertainty:      0.025ns  ((TSJ^2 + TIJ^2)^1/2 + DJ) / 2 + PE
    Total System Jitter     (TSJ):    0.050ns
    Total Input Jitter      (TIJ):    0.000ns
    Discrete Jitter          (DJ):    0.000ns
    Phase Error              (PE):    0.000ns

    Location             Delay type                Incr(ns)  Path(ns)    Netlist Resource(s)
  -------------------------------------------------------------------    -------------------
                         (clock sys_clk_pin rise edge)
                                                      0.000     0.000 r  
    E3                                                0.000     0.000 r  CLK100MHZ (IN)
                         net (fo=0)                   0.000     0.000    CLK100MHZ
    E3                   IBUF (Prop_ibuf_I_O)         1.482     1.482 r  CLK100MHZ_IBUF_inst/O
                         net (fo=1, routed)           2.025     3.506    CLK100MHZ_IBUF
    BUFGCTRL_X0Y16       BUFG (Prop_bufg_I_O)         0.096     3.602 r  CLK100MHZ_IBUF_BUFG_inst/O
                         net (fo=41, routed)          1.710     5.312    top0/CLK
    SLICE_X1Y100         FDRE                                         r  top0/o_random_out_reg[2]/C
  -------------------------------------------------------------------    -------------------
    SLICE_X1Y100         FDRE (Prop_fdre_C_Q)         0.456     5.768 r  top0/o_random_out_reg[2]/Q
                         net (fo=7, routed)           1.162     6.931    top0/o_random_out[2]
    SLICE_X0Y100         LUT5 (Prop_lut5_I4_O)        0.124     7.055 r  top0/CB_OBUF_inst_i_1/O
                         net (fo=1, routed)           2.989    10.043    CB_OBUF
    R10                  OBUF (Prop_obuf_I_O)         3.555    13.599 r  CB_OBUF_inst/O
                         net (fo=0)                   0.000    13.599    CB
    R10                                                               r  CB (OUT)
  -------------------------------------------------------------------    -------------------

Slack:                    inf
  Source:                 top0/o_random_out_reg[2]/C
                            (rising edge-triggered cell FDRE clocked by sys_clk_pin  {rise@0.000ns fall@5.000ns period=10.000ns})
  Destination:            CE
                            (output port)
  Path Group:             (none)
  Path Type:              Max at Slow Process Corner
  Data Path Delay:        7.778ns  (logic 4.114ns (52.889%)  route 3.664ns (47.111%))
  Logic Levels:           2  (LUT5=1 OBUF=1)
  Clock Uncertainty:      0.025ns  ((TSJ^2 + TIJ^2)^1/2 + DJ) / 2 + PE
    Total System Jitter     (TSJ):    0.050ns
    Total Input Jitter      (TIJ):    0.000ns
    Discrete Jitter          (DJ):    0.000ns
    Phase Error              (PE):    0.000ns

    Location             Delay type                Incr(ns)  Path(ns)    Netlist Resource(s)
  -------------------------------------------------------------------    -------------------
                         (clock sys_clk_pin rise edge)
                                                      0.000     0.000 r  
    E3                                                0.000     0.000 r  CLK100MHZ (IN)
                         net (fo=0)                   0.000     0.000    CLK100MHZ
    E3                   IBUF (Prop_ibuf_I_O)         1.482     1.482 r  CLK100MHZ_IBUF_inst/O
                         net (fo=1, routed)           2.025     3.506    CLK100MHZ_IBUF
    BUFGCTRL_X0Y16       BUFG (Prop_bufg_I_O)         0.096     3.602 r  CLK100MHZ_IBUF_BUFG_inst/O
                         net (fo=41, routed)          1.710     5.312    top0/CLK
    SLICE_X1Y100         FDRE                                         r  top0/o_random_out_reg[2]/C
  -------------------------------------------------------------------    -------------------
    SLICE_X1Y100         FDRE (Prop_fdre_C_Q)         0.456     5.768 r  top0/o_random_out_reg[2]/Q
                         net (fo=7, routed)           0.989     6.757    top0/o_random_out[2]
    SLICE_X0Y100         LUT5 (Prop_lut5_I0_O)        0.124     6.881 r  top0/CE_OBUF_inst_i_1/O
                         net (fo=1, routed)           2.676     9.556    CE_OBUF
    P15                  OBUF (Prop_obuf_I_O)         3.534    13.090 r  CE_OBUF_inst/O
                         net (fo=0)                   0.000    13.090    CE
    P15                                                               r  CE (OUT)
  -------------------------------------------------------------------    -------------------

Slack:                    inf
  Source:                 top0/o_random_out_reg[2]/C
                            (rising edge-triggered cell FDRE clocked by sys_clk_pin  {rise@0.000ns fall@5.000ns period=10.000ns})
  Destination:            CG
                            (output port)
  Path Group:             (none)
  Path Type:              Max at Slow Process Corner
  Data Path Delay:        7.429ns  (logic 4.347ns (58.520%)  route 3.081ns (41.480%))
  Logic Levels:           2  (LUT5=1 OBUF=1)
  Clock Uncertainty:      0.025ns  ((TSJ^2 + TIJ^2)^1/2 + DJ) / 2 + PE
    Total System Jitter     (TSJ):    0.050ns
    Total Input Jitter      (TIJ):    0.000ns
    Discrete Jitter          (DJ):    0.000ns
    Phase Error              (PE):    0.000ns

    Location             Delay type                Incr(ns)  Path(ns)    Netlist Resource(s)
  -------------------------------------------------------------------    -------------------
                         (clock sys_clk_pin rise edge)
                                                      0.000     0.000 r  
    E3                                                0.000     0.000 r  CLK100MHZ (IN)
                         net (fo=0)                   0.000     0.000    CLK100MHZ
    E3                   IBUF (Prop_ibuf_I_O)         1.482     1.482 r  CLK100MHZ_IBUF_inst/O
                         net (fo=1, routed)           2.025     3.506    CLK100MHZ_IBUF
    BUFGCTRL_X0Y16       BUFG (Prop_bufg_I_O)         0.096     3.602 r  CLK100MHZ_IBUF_BUFG_inst/O
                         net (fo=41, routed)          1.710     5.312    top0/CLK
    SLICE_X1Y100         FDRE                                         r  top0/o_random_out_reg[2]/C
  -------------------------------------------------------------------    -------------------
    SLICE_X1Y100         FDRE (Prop_fdre_C_Q)         0.456     5.768 r  top0/o_random_out_reg[2]/Q
                         net (fo=7, routed)           1.162     6.931    top0/o_random_out[2]
    SLICE_X0Y100         LUT5 (Prop_lut5_I4_O)        0.152     7.083 r  top0/CG_OBUF_inst_i_1/O
                         net (fo=1, routed)           1.919     9.002    CG_OBUF
    L18                  OBUF (Prop_obuf_I_O)         3.739    12.741 r  CG_OBUF_inst/O
                         net (fo=0)                   0.000    12.741    CG
    L18                                                               r  CG (OUT)
  -------------------------------------------------------------------    -------------------

Slack:                    inf
  Source:                 top0/o_random_out_reg[3]/C
                            (rising edge-triggered cell FDRE clocked by sys_clk_pin  {rise@0.000ns fall@5.000ns period=10.000ns})
  Destination:            CD
                            (output port)
  Path Group:             (none)
  Path Type:              Max at Slow Process Corner
  Data Path Delay:        7.282ns  (logic 4.130ns (56.716%)  route 3.152ns (43.284%))
  Logic Levels:           2  (LUT5=1 OBUF=1)
  Clock Uncertainty:      0.025ns  ((TSJ^2 + TIJ^2)^1/2 + DJ) / 2 + PE
    Total System Jitter     (TSJ):    0.050ns
    Total Input Jitter      (TIJ):    0.000ns
    Discrete Jitter          (DJ):    0.000ns
    Phase Error              (PE):    0.000ns

    Location             Delay type                Incr(ns)  Path(ns)    Netlist Resource(s)
  -------------------------------------------------------------------    -------------------
                         (clock sys_clk_pin rise edge)
                                                      0.000     0.000 r  
    E3                                                0.000     0.000 r  CLK100MHZ (IN)
                         net (fo=0)                   0.000     0.000    CLK100MHZ
    E3                   IBUF (Prop_ibuf_I_O)         1.482     1.482 r  CLK100MHZ_IBUF_inst/O
                         net (fo=1, routed)           2.025     3.506    CLK100MHZ_IBUF
    BUFGCTRL_X0Y16       BUFG (Prop_bufg_I_O)         0.096     3.602 r  CLK100MHZ_IBUF_BUFG_inst/O
                         net (fo=41, routed)          1.710     5.312    top0/CLK
    SLICE_X1Y100         FDRE                                         r  top0/o_random_out_reg[3]/C
  -------------------------------------------------------------------    -------------------
    SLICE_X1Y100         FDRE (Prop_fdre_C_Q)         0.456     5.768 r  top0/o_random_out_reg[3]/Q
                         net (fo=7, routed)           0.886     6.655    top0/o_random_out[3]
    SLICE_X0Y100         LUT5 (Prop_lut5_I2_O)        0.124     6.779 r  top0/CD_OBUF_inst_i_1/O
                         net (fo=1, routed)           2.266     9.044    CD_OBUF
    K13                  OBUF (Prop_obuf_I_O)         3.550    12.595 r  CD_OBUF_inst/O
                         net (fo=0)                   0.000    12.595    CD
    K13                                                               r  CD (OUT)
  -------------------------------------------------------------------    -------------------

Slack:                    inf
  Source:                 top0/clk_cnt_reg[10]/C
                            (rising edge-triggered cell FDRE clocked by sys_clk_pin  {rise@0.000ns fall@5.000ns period=10.000ns})
  Destination:            AN[1]
                            (output port)
  Path Group:             (none)
  Path Type:              Max at Slow Process Corner
  Data Path Delay:        6.950ns  (logic 4.349ns (62.568%)  route 2.602ns (37.432%))
  Logic Levels:           2  (LUT1=1 OBUF=1)
  Clock Uncertainty:      0.025ns  ((TSJ^2 + TIJ^2)^1/2 + DJ) / 2 + PE
    Total System Jitter     (TSJ):    0.050ns
    Total Input Jitter      (TIJ):    0.000ns
    Discrete Jitter          (DJ):    0.000ns
    Phase Error              (PE):    0.000ns

    Location             Delay type                Incr(ns)  Path(ns)    Netlist Resource(s)
  -------------------------------------------------------------------    -------------------
                         (clock sys_clk_pin rise edge)
                                                      0.000     0.000 r  
    E3                                                0.000     0.000 r  CLK100MHZ (IN)
                         net (fo=0)                   0.000     0.000    CLK100MHZ
    E3                   IBUF (Prop_ibuf_I_O)         1.482     1.482 r  CLK100MHZ_IBUF_inst/O
                         net (fo=1, routed)           2.025     3.506    CLK100MHZ_IBUF
    BUFGCTRL_X0Y16       BUFG (Prop_bufg_I_O)         0.096     3.602 r  CLK100MHZ_IBUF_BUFG_inst/O
                         net (fo=41, routed)          1.709     5.311    top0/CLK
    SLICE_X0Y103         FDRE                                         r  top0/clk_cnt_reg[10]/C
  -------------------------------------------------------------------    -------------------
    SLICE_X0Y103         FDRE (Prop_fdre_C_Q)         0.456     5.767 f  top0/clk_cnt_reg[10]/Q
                         net (fo=11, routed)          0.771     6.538    top0/AN_OBUF[0]
    SLICE_X0Y100         LUT1 (Prop_lut1_I0_O)        0.149     6.687 r  top0/AN_OBUF[1]_inst_i_1/O
                         net (fo=1, routed)           1.831     8.518    AN_OBUF[1]
    J18                  OBUF (Prop_obuf_I_O)         3.744    12.261 r  AN_OBUF[1]_inst/O
                         net (fo=0)                   0.000    12.261    AN[1]
    J18                                                               r  AN[1] (OUT)
  -------------------------------------------------------------------    -------------------

Slack:                    inf
  Source:                 top0/o_random_out_reg[2]/C
                            (rising edge-triggered cell FDRE clocked by sys_clk_pin  {rise@0.000ns fall@5.000ns period=10.000ns})
  Destination:            CC
                            (output port)
  Path Group:             (none)
  Path Type:              Max at Slow Process Corner
  Data Path Delay:        6.925ns  (logic 4.073ns (58.820%)  route 2.852ns (41.180%))
  Logic Levels:           2  (LUT5=1 OBUF=1)
  Clock Uncertainty:      0.025ns  ((TSJ^2 + TIJ^2)^1/2 + DJ) / 2 + PE
    Total System Jitter     (TSJ):    0.050ns
    Total Input Jitter      (TIJ):    0.000ns
    Discrete Jitter          (DJ):    0.000ns
    Phase Error              (PE):    0.000ns

    Location             Delay type                Incr(ns)  Path(ns)    Netlist Resource(s)
  -------------------------------------------------------------------    -------------------
                         (clock sys_clk_pin rise edge)
                                                      0.000     0.000 r  
    E3                                                0.000     0.000 r  CLK100MHZ (IN)
                         net (fo=0)                   0.000     0.000    CLK100MHZ
    E3                   IBUF (Prop_ibuf_I_O)         1.482     1.482 r  CLK100MHZ_IBUF_inst/O
                         net (fo=1, routed)           2.025     3.506    CLK100MHZ_IBUF
    BUFGCTRL_X0Y16       BUFG (Prop_bufg_I_O)         0.096     3.602 r  CLK100MHZ_IBUF_BUFG_inst/O
                         net (fo=41, routed)          1.710     5.312    top0/CLK
    SLICE_X1Y100         FDRE                                         r  top0/o_random_out_reg[2]/C
  -------------------------------------------------------------------    -------------------
    SLICE_X1Y100         FDRE (Prop_fdre_C_Q)         0.456     5.768 r  top0/o_random_out_reg[2]/Q
                         net (fo=7, routed)           1.165     6.933    top0/o_random_out[2]
    SLICE_X0Y100         LUT5 (Prop_lut5_I4_O)        0.124     7.057 r  top0/CC_OBUF_inst_i_1/O
                         net (fo=1, routed)           1.686     8.744    CC_OBUF
    K16                  OBUF (Prop_obuf_I_O)         3.493    12.237 r  CC_OBUF_inst/O
                         net (fo=0)                   0.000    12.237    CC
    K16                                                               r  CC (OUT)
  -------------------------------------------------------------------    -------------------

Slack:                    inf
  Source:                 top0/clk_cnt_reg[10]/C
                            (rising edge-triggered cell FDRE clocked by sys_clk_pin  {rise@0.000ns fall@5.000ns period=10.000ns})
  Destination:            AN[0]
                            (output port)
  Path Group:             (none)
  Path Type:              Max at Slow Process Corner
  Data Path Delay:        5.725ns  (logic 3.992ns (69.721%)  route 1.733ns (30.279%))
  Logic Levels:           1  (OBUF=1)
  Clock Uncertainty:      0.025ns  ((TSJ^2 + TIJ^2)^1/2 + DJ) / 2 + PE
    Total System Jitter     (TSJ):    0.050ns
    Total Input Jitter      (TIJ):    0.000ns
    Discrete Jitter          (DJ):    0.000ns
    Phase Error              (PE):    0.000ns

    Location             Delay type                Incr(ns)  Path(ns)    Netlist Resource(s)
  -------------------------------------------------------------------    -------------------
                         (clock sys_clk_pin rise edge)
                                                      0.000     0.000 r  
    E3                                                0.000     0.000 r  CLK100MHZ (IN)
                         net (fo=0)                   0.000     0.000    CLK100MHZ
    E3                   IBUF (Prop_ibuf_I_O)         1.482     1.482 r  CLK100MHZ_IBUF_inst/O
                         net (fo=1, routed)           2.025     3.506    CLK100MHZ_IBUF
    BUFGCTRL_X0Y16       BUFG (Prop_bufg_I_O)         0.096     3.602 r  CLK100MHZ_IBUF_BUFG_inst/O
                         net (fo=41, routed)          1.709     5.311    top0/CLK
    SLICE_X0Y103         FDRE                                         r  top0/clk_cnt_reg[10]/C
  -------------------------------------------------------------------    -------------------
    SLICE_X0Y103         FDRE (Prop_fdre_C_Q)         0.456     5.767 r  top0/clk_cnt_reg[10]/Q
                         net (fo=11, routed)          1.733     7.501    AN_OBUF[0]
    J17                  OBUF (Prop_obuf_I_O)         3.536    11.036 r  AN_OBUF[0]_inst/O
                         net (fo=0)                   0.000    11.036    AN[0]
    J17                                                               r  AN[0] (OUT)
  -------------------------------------------------------------------    -------------------





Min Delay Paths
--------------------------------------------------------------------------------------
Slack:                    inf
  Source:                 top0/clk_cnt_reg[10]/C
                            (rising edge-triggered cell FDRE clocked by sys_clk_pin  {rise@0.000ns fall@5.000ns period=10.000ns})
  Destination:            AN[0]
                            (output port)
  Path Group:             (none)
  Path Type:              Min at Fast Process Corner
  Data Path Delay:        1.759ns  (logic 1.377ns (78.310%)  route 0.381ns (21.690%))
  Logic Levels:           1  (OBUF=1)
  Clock Uncertainty:      0.025ns  ((TSJ^2 + TIJ^2)^1/2 + DJ) / 2 + PE
    Total System Jitter     (TSJ):    0.050ns
    Total Input Jitter      (TIJ):    0.000ns
    Discrete Jitter          (DJ):    0.000ns
    Phase Error              (PE):    0.000ns

    Location             Delay type                Incr(ns)  Path(ns)    Netlist Resource(s)
  -------------------------------------------------------------------    -------------------
                         (clock sys_clk_pin rise edge)
                                                      0.000     0.000 r  
    E3                                                0.000     0.000 r  CLK100MHZ (IN)
                         net (fo=0)                   0.000     0.000    CLK100MHZ
    E3                   IBUF (Prop_ibuf_I_O)         0.250     0.250 r  CLK100MHZ_IBUF_inst/O
                         net (fo=1, routed)           0.644     0.894    CLK100MHZ_IBUF
    BUFGCTRL_X0Y16       BUFG (Prop_bufg_I_O)         0.026     0.920 r  CLK100MHZ_IBUF_BUFG_inst/O
                         net (fo=41, routed)          0.598     1.517    top0/CLK
    SLICE_X0Y103         FDRE                                         r  top0/clk_cnt_reg[10]/C
  -------------------------------------------------------------------    -------------------
    SLICE_X0Y103         FDRE (Prop_fdre_C_Q)         0.141     1.658 r  top0/clk_cnt_reg[10]/Q
                         net (fo=11, routed)          0.381     2.040    AN_OBUF[0]
    J17                  OBUF (Prop_obuf_I_O)         1.236     3.276 r  AN_OBUF[0]_inst/O
                         net (fo=0)                   0.000     3.276    AN[0]
    J17                                                               r  AN[0] (OUT)
  -------------------------------------------------------------------    -------------------

Slack:                    inf
  Source:                 top0/o_random_out_reg[0]/C
                            (rising edge-triggered cell FDRE clocked by sys_clk_pin  {rise@0.000ns fall@5.000ns period=10.000ns})
  Destination:            CC
                            (output port)
  Path Group:             (none)
  Path Type:              Min at Fast Process Corner
  Data Path Delay:        1.863ns  (logic 1.380ns (74.094%)  route 0.483ns (25.906%))
  Logic Levels:           2  (LUT5=1 OBUF=1)
  Clock Uncertainty:      0.025ns  ((TSJ^2 + TIJ^2)^1/2 + DJ) / 2 + PE
    Total System Jitter     (TSJ):    0.050ns
    Total Input Jitter      (TIJ):    0.000ns
    Discrete Jitter          (DJ):    0.000ns
    Phase Error              (PE):    0.000ns

    Location             Delay type                Incr(ns)  Path(ns)    Netlist Resource(s)
  -------------------------------------------------------------------    -------------------
                         (clock sys_clk_pin rise edge)
                                                      0.000     0.000 r  
    E3                                                0.000     0.000 r  CLK100MHZ (IN)
                         net (fo=0)                   0.000     0.000    CLK100MHZ
    E3                   IBUF (Prop_ibuf_I_O)         0.250     0.250 r  CLK100MHZ_IBUF_inst/O
                         net (fo=1, routed)           0.644     0.894    CLK100MHZ_IBUF
    BUFGCTRL_X0Y16       BUFG (Prop_bufg_I_O)         0.026     0.920 r  CLK100MHZ_IBUF_BUFG_inst/O
                         net (fo=41, routed)          0.599     1.518    top0/CLK
    SLICE_X1Y100         FDRE                                         r  top0/o_random_out_reg[0]/C
  -------------------------------------------------------------------    -------------------
    SLICE_X1Y100         FDRE (Prop_fdre_C_Q)         0.141     1.659 f  top0/o_random_out_reg[0]/Q
                         net (fo=7, routed)           0.131     1.791    top0/o_random_out[0]
    SLICE_X0Y100         LUT5 (Prop_lut5_I0_O)        0.045     1.836 r  top0/CC_OBUF_inst_i_1/O
                         net (fo=1, routed)           0.351     2.187    CC_OBUF
    K16                  OBUF (Prop_obuf_I_O)         1.194     3.381 r  CC_OBUF_inst/O
                         net (fo=0)                   0.000     3.381    CC
    K16                                                               r  CC (OUT)
  -------------------------------------------------------------------    -------------------

Slack:                    inf
  Source:                 top0/o_random_out_reg[0]/C
                            (rising edge-triggered cell FDRE clocked by sys_clk_pin  {rise@0.000ns fall@5.000ns period=10.000ns})
  Destination:            CG
                            (output port)
  Path Group:             (none)
  Path Type:              Min at Fast Process Corner
  Data Path Delay:        2.063ns  (logic 1.489ns (72.171%)  route 0.574ns (27.829%))
  Logic Levels:           2  (LUT5=1 OBUF=1)
  Clock Uncertainty:      0.025ns  ((TSJ^2 + TIJ^2)^1/2 + DJ) / 2 + PE
    Total System Jitter     (TSJ):    0.050ns
    Total Input Jitter      (TIJ):    0.000ns
    Discrete Jitter          (DJ):    0.000ns
    Phase Error              (PE):    0.000ns

    Location             Delay type                Incr(ns)  Path(ns)    Netlist Resource(s)
  -------------------------------------------------------------------    -------------------
                         (clock sys_clk_pin rise edge)
                                                      0.000     0.000 r  
    E3                                                0.000     0.000 r  CLK100MHZ (IN)
                         net (fo=0)                   0.000     0.000    CLK100MHZ
    E3                   IBUF (Prop_ibuf_I_O)         0.250     0.250 r  CLK100MHZ_IBUF_inst/O
                         net (fo=1, routed)           0.644     0.894    CLK100MHZ_IBUF
    BUFGCTRL_X0Y16       BUFG (Prop_bufg_I_O)         0.026     0.920 r  CLK100MHZ_IBUF_BUFG_inst/O
                         net (fo=41, routed)          0.599     1.518    top0/CLK
    SLICE_X1Y100         FDRE                                         r  top0/o_random_out_reg[0]/C
  -------------------------------------------------------------------    -------------------
    SLICE_X1Y100         FDRE (Prop_fdre_C_Q)         0.141     1.659 r  top0/o_random_out_reg[0]/Q
                         net (fo=7, routed)           0.130     1.790    top0/o_random_out[0]
    SLICE_X0Y100         LUT5 (Prop_lut5_I0_O)        0.048     1.838 r  top0/CG_OBUF_inst_i_1/O
                         net (fo=1, routed)           0.444     2.282    CG_OBUF
    L18                  OBUF (Prop_obuf_I_O)         1.300     3.582 r  CG_OBUF_inst/O
                         net (fo=0)                   0.000     3.582    CG
    L18                                                               r  CG (OUT)
  -------------------------------------------------------------------    -------------------

Slack:                    inf
  Source:                 top0/o_random_out_reg[2]/C
                            (rising edge-triggered cell FDRE clocked by sys_clk_pin  {rise@0.000ns fall@5.000ns period=10.000ns})
  Destination:            CD
                            (output port)
  Path Group:             (none)
  Path Type:              Min at Fast Process Corner
  Data Path Delay:        2.173ns  (logic 1.437ns (66.140%)  route 0.736ns (33.860%))
  Logic Levels:           2  (LUT5=1 OBUF=1)
  Clock Uncertainty:      0.025ns  ((TSJ^2 + TIJ^2)^1/2 + DJ) / 2 + PE
    Total System Jitter     (TSJ):    0.050ns
    Total Input Jitter      (TIJ):    0.000ns
    Discrete Jitter          (DJ):    0.000ns
    Phase Error              (PE):    0.000ns

    Location             Delay type                Incr(ns)  Path(ns)    Netlist Resource(s)
  -------------------------------------------------------------------    -------------------
                         (clock sys_clk_pin rise edge)
                                                      0.000     0.000 r  
    E3                                                0.000     0.000 r  CLK100MHZ (IN)
                         net (fo=0)                   0.000     0.000    CLK100MHZ
    E3                   IBUF (Prop_ibuf_I_O)         0.250     0.250 r  CLK100MHZ_IBUF_inst/O
                         net (fo=1, routed)           0.644     0.894    CLK100MHZ_IBUF
    BUFGCTRL_X0Y16       BUFG (Prop_bufg_I_O)         0.026     0.920 r  CLK100MHZ_IBUF_BUFG_inst/O
                         net (fo=41, routed)          0.599     1.518    top0/CLK
    SLICE_X1Y100         FDRE                                         r  top0/o_random_out_reg[2]/C
  -------------------------------------------------------------------    -------------------
    SLICE_X1Y100         FDRE (Prop_fdre_C_Q)         0.141     1.659 r  top0/o_random_out_reg[2]/Q
                         net (fo=7, routed)           0.157     1.816    top0/o_random_out[2]
    SLICE_X0Y100         LUT5 (Prop_lut5_I4_O)        0.045     1.861 r  top0/CD_OBUF_inst_i_1/O
                         net (fo=1, routed)           0.579     2.440    CD_OBUF
    K13                  OBUF (Prop_obuf_I_O)         1.251     3.691 r  CD_OBUF_inst/O
                         net (fo=0)                   0.000     3.691    CD
    K13                                                               r  CD (OUT)
  -------------------------------------------------------------------    -------------------

Slack:                    inf
  Source:                 top0/clk_cnt_reg[10]/C
                            (rising edge-triggered cell FDRE clocked by sys_clk_pin  {rise@0.000ns fall@5.000ns period=10.000ns})
  Destination:            AN[1]
                            (output port)
  Path Group:             (none)
  Path Type:              Min at Fast Process Corner
  Data Path Delay:        2.192ns  (logic 1.488ns (67.904%)  route 0.704ns (32.096%))
  Logic Levels:           2  (LUT1=1 OBUF=1)
  Clock Uncertainty:      0.025ns  ((TSJ^2 + TIJ^2)^1/2 + DJ) / 2 + PE
    Total System Jitter     (TSJ):    0.050ns
    Total Input Jitter      (TIJ):    0.000ns
    Discrete Jitter          (DJ):    0.000ns
    Phase Error              (PE):    0.000ns

    Location             Delay type                Incr(ns)  Path(ns)    Netlist Resource(s)
  -------------------------------------------------------------------    -------------------
                         (clock sys_clk_pin rise edge)
                                                      0.000     0.000 r  
    E3                                                0.000     0.000 r  CLK100MHZ (IN)
                         net (fo=0)                   0.000     0.000    CLK100MHZ
    E3                   IBUF (Prop_ibuf_I_O)         0.250     0.250 r  CLK100MHZ_IBUF_inst/O
                         net (fo=1, routed)           0.644     0.894    CLK100MHZ_IBUF
    BUFGCTRL_X0Y16       BUFG (Prop_bufg_I_O)         0.026     0.920 r  CLK100MHZ_IBUF_BUFG_inst/O
                         net (fo=41, routed)          0.598     1.517    top0/CLK
    SLICE_X0Y103         FDRE                                         r  top0/clk_cnt_reg[10]/C
  -------------------------------------------------------------------    -------------------
    SLICE_X0Y103         FDRE (Prop_fdre_C_Q)         0.141     1.658 f  top0/clk_cnt_reg[10]/Q
                         net (fo=11, routed)          0.306     1.964    top0/AN_OBUF[0]
    SLICE_X0Y100         LUT1 (Prop_lut1_I0_O)        0.044     2.008 r  top0/AN_OBUF[1]_inst_i_1/O
                         net (fo=1, routed)           0.398     2.406    AN_OBUF[1]
    J18                  OBUF (Prop_obuf_I_O)         1.303     3.709 r  AN_OBUF[1]_inst/O
                         net (fo=0)                   0.000     3.709    AN[1]
    J18                                                               r  AN[1] (OUT)
  -------------------------------------------------------------------    -------------------

Slack:                    inf
  Source:                 top0/o_random_out_reg[1]/C
                            (rising edge-triggered cell FDRE clocked by sys_clk_pin  {rise@0.000ns fall@5.000ns period=10.000ns})
  Destination:            CE
                            (output port)
  Path Group:             (none)
  Path Type:              Min at Fast Process Corner
  Data Path Delay:        2.401ns  (logic 1.420ns (59.151%)  route 0.981ns (40.849%))
  Logic Levels:           2  (LUT5=1 OBUF=1)
  Clock Uncertainty:      0.025ns  ((TSJ^2 + TIJ^2)^1/2 + DJ) / 2 + PE
    Total System Jitter     (TSJ):    0.050ns
    Total Input Jitter      (TIJ):    0.000ns
    Discrete Jitter          (DJ):    0.000ns
    Phase Error              (PE):    0.000ns

    Location             Delay type                Incr(ns)  Path(ns)    Netlist Resource(s)
  -------------------------------------------------------------------    -------------------
                         (clock sys_clk_pin rise edge)
                                                      0.000     0.000 r  
    E3                                                0.000     0.000 r  CLK100MHZ (IN)
                         net (fo=0)                   0.000     0.000    CLK100MHZ
    E3                   IBUF (Prop_ibuf_I_O)         0.250     0.250 r  CLK100MHZ_IBUF_inst/O
                         net (fo=1, routed)           0.644     0.894    CLK100MHZ_IBUF
    BUFGCTRL_X0Y16       BUFG (Prop_bufg_I_O)         0.026     0.920 r  CLK100MHZ_IBUF_BUFG_inst/O
                         net (fo=41, routed)          0.599     1.518    top0/CLK
    SLICE_X1Y100         FDRE                                         r  top0/o_random_out_reg[1]/C
  -------------------------------------------------------------------    -------------------
    SLICE_X1Y100         FDRE (Prop_fdre_C_Q)         0.141     1.659 r  top0/o_random_out_reg[1]/Q
                         net (fo=7, routed)           0.180     1.840    top0/o_random_out[1]
    SLICE_X0Y100         LUT5 (Prop_lut5_I1_O)        0.045     1.885 r  top0/CE_OBUF_inst_i_1/O
                         net (fo=1, routed)           0.801     2.685    CE_OBUF
    P15                  OBUF (Prop_obuf_I_O)         1.234     3.920 r  CE_OBUF_inst/O
                         net (fo=0)                   0.000     3.920    CE
    P15                                                               r  CE (OUT)
  -------------------------------------------------------------------    -------------------

Slack:                    inf
  Source:                 top0/o_random_out_reg[0]/C
                            (rising edge-triggered cell FDRE clocked by sys_clk_pin  {rise@0.000ns fall@5.000ns period=10.000ns})
  Destination:            CB
                            (output port)
  Path Group:             (none)
  Path Type:              Min at Fast Process Corner
  Data Path Delay:        2.515ns  (logic 1.442ns (57.342%)  route 1.073ns (42.658%))
  Logic Levels:           2  (LUT5=1 OBUF=1)
  Clock Uncertainty:      0.025ns  ((TSJ^2 + TIJ^2)^1/2 + DJ) / 2 + PE
    Total System Jitter     (TSJ):    0.050ns
    Total Input Jitter      (TIJ):    0.000ns
    Discrete Jitter          (DJ):    0.000ns
    Phase Error              (PE):    0.000ns

    Location             Delay type                Incr(ns)  Path(ns)    Netlist Resource(s)
  -------------------------------------------------------------------    -------------------
                         (clock sys_clk_pin rise edge)
                                                      0.000     0.000 r  
    E3                                                0.000     0.000 r  CLK100MHZ (IN)
                         net (fo=0)                   0.000     0.000    CLK100MHZ
    E3                   IBUF (Prop_ibuf_I_O)         0.250     0.250 r  CLK100MHZ_IBUF_inst/O
                         net (fo=1, routed)           0.644     0.894    CLK100MHZ_IBUF
    BUFGCTRL_X0Y16       BUFG (Prop_bufg_I_O)         0.026     0.920 r  CLK100MHZ_IBUF_BUFG_inst/O
                         net (fo=41, routed)          0.599     1.518    top0/CLK
    SLICE_X1Y100         FDRE                                         r  top0/o_random_out_reg[0]/C
  -------------------------------------------------------------------    -------------------
    SLICE_X1Y100         FDRE (Prop_fdre_C_Q)         0.141     1.659 r  top0/o_random_out_reg[0]/Q
                         net (fo=7, routed)           0.130     1.790    top0/o_random_out[0]
    SLICE_X0Y100         LUT5 (Prop_lut5_I0_O)        0.045     1.835 r  top0/CB_OBUF_inst_i_1/O
                         net (fo=1, routed)           0.943     2.777    CB_OBUF
    R10                  OBUF (Prop_obuf_I_O)         1.256     4.033 r  CB_OBUF_inst/O
                         net (fo=0)                   0.000     4.033    CB
    R10                                                               r  CB (OUT)
  -------------------------------------------------------------------    -------------------

Slack:                    inf
  Source:                 top0/o_random_out_reg[0]/C
                            (rising edge-triggered cell FDRE clocked by sys_clk_pin  {rise@0.000ns fall@5.000ns period=10.000ns})
  Destination:            CF
                            (output port)
  Path Group:             (none)
  Path Type:              Min at Fast Process Corner
  Data Path Delay:        2.636ns  (logic 1.518ns (57.603%)  route 1.117ns (42.397%))
  Logic Levels:           2  (LUT5=1 OBUF=1)
  Clock Uncertainty:      0.025ns  ((TSJ^2 + TIJ^2)^1/2 + DJ) / 2 + PE
    Total System Jitter     (TSJ):    0.050ns
    Total Input Jitter      (TIJ):    0.000ns
    Discrete Jitter          (DJ):    0.000ns
    Phase Error              (PE):    0.000ns

    Location             Delay type                Incr(ns)  Path(ns)    Netlist Resource(s)
  -------------------------------------------------------------------    -------------------
                         (clock sys_clk_pin rise edge)
                                                      0.000     0.000 r  
    E3                                                0.000     0.000 r  CLK100MHZ (IN)
                         net (fo=0)                   0.000     0.000    CLK100MHZ
    E3                   IBUF (Prop_ibuf_I_O)         0.250     0.250 r  CLK100MHZ_IBUF_inst/O
                         net (fo=1, routed)           0.644     0.894    CLK100MHZ_IBUF
    BUFGCTRL_X0Y16       BUFG (Prop_bufg_I_O)         0.026     0.920 r  CLK100MHZ_IBUF_BUFG_inst/O
                         net (fo=41, routed)          0.599     1.518    top0/CLK
    SLICE_X1Y100         FDRE                                         r  top0/o_random_out_reg[0]/C
  -------------------------------------------------------------------    -------------------
    SLICE_X1Y100         FDRE (Prop_fdre_C_Q)         0.141     1.659 r  top0/o_random_out_reg[0]/Q
                         net (fo=7, routed)           0.131     1.791    top0/o_random_out[0]
    SLICE_X0Y100         LUT5 (Prop_lut5_I0_O)        0.049     1.840 r  top0/CF_OBUF_inst_i_1/O
                         net (fo=1, routed)           0.986     2.826    CF_OBUF
    T11                  OBUF (Prop_obuf_I_O)         1.328     4.154 r  CF_OBUF_inst/O
                         net (fo=0)                   0.000     4.154    CF
    T11                                                               r  CF (OUT)
  -------------------------------------------------------------------    -------------------

Slack:                    inf
  Source:                 top0/o_random_out_reg[2]/C
                            (rising edge-triggered cell FDRE clocked by sys_clk_pin  {rise@0.000ns fall@5.000ns period=10.000ns})
  Destination:            CA
                            (output port)
  Path Group:             (none)
  Path Type:              Min at Fast Process Corner
  Data Path Delay:        2.800ns  (logic 1.528ns (54.586%)  route 1.272ns (45.414%))
  Logic Levels:           2  (LUT5=1 OBUF=1)
  Clock Uncertainty:      0.025ns  ((TSJ^2 + TIJ^2)^1/2 + DJ) / 2 + PE
    Total System Jitter     (TSJ):    0.050ns
    Total Input Jitter      (TIJ):    0.000ns
    Discrete Jitter          (DJ):    0.000ns
    Phase Error              (PE):    0.000ns

    Location             Delay type                Incr(ns)  Path(ns)    Netlist Resource(s)
  -------------------------------------------------------------------    -------------------
                         (clock sys_clk_pin rise edge)
                                                      0.000     0.000 r  
    E3                                                0.000     0.000 r  CLK100MHZ (IN)
                         net (fo=0)                   0.000     0.000    CLK100MHZ
    E3                   IBUF (Prop_ibuf_I_O)         0.250     0.250 r  CLK100MHZ_IBUF_inst/O
                         net (fo=1, routed)           0.644     0.894    CLK100MHZ_IBUF
    BUFGCTRL_X0Y16       BUFG (Prop_bufg_I_O)         0.026     0.920 r  CLK100MHZ_IBUF_BUFG_inst/O
                         net (fo=41, routed)          0.599     1.518    top0/CLK
    SLICE_X1Y100         FDRE                                         r  top0/o_random_out_reg[2]/C
  -------------------------------------------------------------------    -------------------
    SLICE_X1Y100         FDRE (Prop_fdre_C_Q)         0.141     1.659 r  top0/o_random_out_reg[2]/Q
                         net (fo=7, routed)           0.157     1.816    top0/o_random_out[2]
    SLICE_X0Y100         LUT5 (Prop_lut5_I4_O)        0.045     1.861 r  top0/CA_OBUF_inst_i_1/O
                         net (fo=1, routed)           1.115     2.976    CA_OBUF
    T10                  OBUF (Prop_obuf_I_O)         1.342     4.319 r  CA_OBUF_inst/O
                         net (fo=0)                   0.000     4.319    CA
    T10                                                               r  CA (OUT)
  -------------------------------------------------------------------    -------------------





--------------------------------------------------------------------------------------
Path Group:  (none)
From Clock:  
  To Clock:  sys_clk_pin

Max Delay            50 Endpoints
Min Delay            50 Endpoints
--------------------------------------------------------------------------------------


Max Delay Paths
--------------------------------------------------------------------------------------
Slack:                    inf
  Source:                 BTNC
                            (input port)
  Destination:            top0/clk_cnt_reg[24]/R
                            (rising edge-triggered cell FDRE clocked by sys_clk_pin  {rise@0.000ns fall@5.000ns period=10.000ns})
  Path Group:             (none)
  Path Type:              Setup (Max at Slow Process Corner)
  Data Path Delay:        4.548ns  (logic 1.627ns (35.767%)  route 2.921ns (64.233%))
  Logic Levels:           2  (IBUF=1 LUT2=1)
  Clock Path Skew:        5.010ns (DCD - SCD + CPR)
    Destination Clock Delay (DCD):    5.010ns
    Source Clock Delay      (SCD):    0.000ns
    Clock Pessimism Removal (CPR):    0.000ns
  Clock Uncertainty:      0.025ns  ((TSJ^2 + TIJ^2)^1/2 + DJ) / 2 + PE
    Total System Jitter     (TSJ):    0.050ns
    Total Input Jitter      (TIJ):    0.000ns
    Discrete Jitter          (DJ):    0.000ns
    Phase Error              (PE):    0.000ns

    Location             Delay type                Incr(ns)  Path(ns)    Netlist Resource(s)
  -------------------------------------------------------------------    -------------------
    N17                                               0.000     0.000 r  BTNC (IN)
                         net (fo=0)                   0.000     0.000    BTNC
    N17                  IBUF (Prop_ibuf_I_O)         1.477     1.477 r  BTNC_IBUF_inst/O
                         net (fo=11, routed)          1.674     3.151    top0/SR[0]
    SLICE_X1Y100         LUT2 (Prop_lut2_I0_O)        0.150     3.301 r  top0/clk_max[1]_i_1/O
                         net (fo=31, routed)          1.247     4.548    top0/clk_max[1]_i_1_n_0
    SLICE_X0Y107         FDRE                                         r  top0/clk_cnt_reg[24]/R
  -------------------------------------------------------------------    -------------------

                         (clock sys_clk_pin rise edge)
                                                      0.000     0.000 r  
    E3                                                0.000     0.000 r  CLK100MHZ (IN)
                         net (fo=0)                   0.000     0.000    CLK100MHZ
    E3                   IBUF (Prop_ibuf_I_O)         1.411     1.411 r  CLK100MHZ_IBUF_inst/O
                         net (fo=1, routed)           1.920     3.331    CLK100MHZ_IBUF
    BUFGCTRL_X0Y16       BUFG (Prop_bufg_I_O)         0.091     3.422 r  CLK100MHZ_IBUF_BUFG_inst/O
                         net (fo=41, routed)          1.588     5.010    top0/CLK
    SLICE_X0Y107         FDRE                                         r  top0/clk_cnt_reg[24]/C

Slack:                    inf
  Source:                 BTNC
                            (input port)
  Destination:            top0/clk_cnt_reg[25]/R
                            (rising edge-triggered cell FDRE clocked by sys_clk_pin  {rise@0.000ns fall@5.000ns period=10.000ns})
  Path Group:             (none)
  Path Type:              Setup (Max at Slow Process Corner)
  Data Path Delay:        4.548ns  (logic 1.627ns (35.767%)  route 2.921ns (64.233%))
  Logic Levels:           2  (IBUF=1 LUT2=1)
  Clock Path Skew:        5.010ns (DCD - SCD + CPR)
    Destination Clock Delay (DCD):    5.010ns
    Source Clock Delay      (SCD):    0.000ns
    Clock Pessimism Removal (CPR):    0.000ns
  Clock Uncertainty:      0.025ns  ((TSJ^2 + TIJ^2)^1/2 + DJ) / 2 + PE
    Total System Jitter     (TSJ):    0.050ns
    Total Input Jitter      (TIJ):    0.000ns
    Discrete Jitter          (DJ):    0.000ns
    Phase Error              (PE):    0.000ns

    Location             Delay type                Incr(ns)  Path(ns)    Netlist Resource(s)
  -------------------------------------------------------------------    -------------------
    N17                                               0.000     0.000 r  BTNC (IN)
                         net (fo=0)                   0.000     0.000    BTNC
    N17                  IBUF (Prop_ibuf_I_O)         1.477     1.477 r  BTNC_IBUF_inst/O
                         net (fo=11, routed)          1.674     3.151    top0/SR[0]
    SLICE_X1Y100         LUT2 (Prop_lut2_I0_O)        0.150     3.301 r  top0/clk_max[1]_i_1/O
                         net (fo=31, routed)          1.247     4.548    top0/clk_max[1]_i_1_n_0
    SLICE_X0Y107         FDRE                                         r  top0/clk_cnt_reg[25]/R
  -------------------------------------------------------------------    -------------------

                         (clock sys_clk_pin rise edge)
                                                      0.000     0.000 r  
    E3                                                0.000     0.000 r  CLK100MHZ (IN)
                         net (fo=0)                   0.000     0.000    CLK100MHZ
    E3                   IBUF (Prop_ibuf_I_O)         1.411     1.411 r  CLK100MHZ_IBUF_inst/O
                         net (fo=1, routed)           1.920     3.331    CLK100MHZ_IBUF
    BUFGCTRL_X0Y16       BUFG (Prop_bufg_I_O)         0.091     3.422 r  CLK100MHZ_IBUF_BUFG_inst/O
                         net (fo=41, routed)          1.588     5.010    top0/CLK
    SLICE_X0Y107         FDRE                                         r  top0/clk_cnt_reg[25]/C

Slack:                    inf
  Source:                 BTNC
                            (input port)
  Destination:            top0/clk_cnt_reg[26]/R
                            (rising edge-triggered cell FDRE clocked by sys_clk_pin  {rise@0.000ns fall@5.000ns period=10.000ns})
  Path Group:             (none)
  Path Type:              Setup (Max at Slow Process Corner)
  Data Path Delay:        4.548ns  (logic 1.627ns (35.767%)  route 2.921ns (64.233%))
  Logic Levels:           2  (IBUF=1 LUT2=1)
  Clock Path Skew:        5.010ns (DCD - SCD + CPR)
    Destination Clock Delay (DCD):    5.010ns
    Source Clock Delay      (SCD):    0.000ns
    Clock Pessimism Removal (CPR):    0.000ns
  Clock Uncertainty:      0.025ns  ((TSJ^2 + TIJ^2)^1/2 + DJ) / 2 + PE
    Total System Jitter     (TSJ):    0.050ns
    Total Input Jitter      (TIJ):    0.000ns
    Discrete Jitter          (DJ):    0.000ns
    Phase Error              (PE):    0.000ns

    Location             Delay type                Incr(ns)  Path(ns)    Netlist Resource(s)
  -------------------------------------------------------------------    -------------------
    N17                                               0.000     0.000 r  BTNC (IN)
                         net (fo=0)                   0.000     0.000    BTNC
    N17                  IBUF (Prop_ibuf_I_O)         1.477     1.477 r  BTNC_IBUF_inst/O
                         net (fo=11, routed)          1.674     3.151    top0/SR[0]
    SLICE_X1Y100         LUT2 (Prop_lut2_I0_O)        0.150     3.301 r  top0/clk_max[1]_i_1/O
                         net (fo=31, routed)          1.247     4.548    top0/clk_max[1]_i_1_n_0
    SLICE_X0Y107         FDRE                                         r  top0/clk_cnt_reg[26]/R
  -------------------------------------------------------------------    -------------------

                         (clock sys_clk_pin rise edge)
                                                      0.000     0.000 r  
    E3                                                0.000     0.000 r  CLK100MHZ (IN)
                         net (fo=0)                   0.000     0.000    CLK100MHZ
    E3                   IBUF (Prop_ibuf_I_O)         1.411     1.411 r  CLK100MHZ_IBUF_inst/O
                         net (fo=1, routed)           1.920     3.331    CLK100MHZ_IBUF
    BUFGCTRL_X0Y16       BUFG (Prop_bufg_I_O)         0.091     3.422 r  CLK100MHZ_IBUF_BUFG_inst/O
                         net (fo=41, routed)          1.588     5.010    top0/CLK
    SLICE_X0Y107         FDRE                                         r  top0/clk_cnt_reg[26]/C

Slack:                    inf
  Source:                 BTNC
                            (input port)
  Destination:            top0/clk_cnt_reg[27]/R
                            (rising edge-triggered cell FDRE clocked by sys_clk_pin  {rise@0.000ns fall@5.000ns period=10.000ns})
  Path Group:             (none)
  Path Type:              Setup (Max at Slow Process Corner)
  Data Path Delay:        4.548ns  (logic 1.627ns (35.767%)  route 2.921ns (64.233%))
  Logic Levels:           2  (IBUF=1 LUT2=1)
  Clock Path Skew:        5.010ns (DCD - SCD + CPR)
    Destination Clock Delay (DCD):    5.010ns
    Source Clock Delay      (SCD):    0.000ns
    Clock Pessimism Removal (CPR):    0.000ns
  Clock Uncertainty:      0.025ns  ((TSJ^2 + TIJ^2)^1/2 + DJ) / 2 + PE
    Total System Jitter     (TSJ):    0.050ns
    Total Input Jitter      (TIJ):    0.000ns
    Discrete Jitter          (DJ):    0.000ns
    Phase Error              (PE):    0.000ns

    Location             Delay type                Incr(ns)  Path(ns)    Netlist Resource(s)
  -------------------------------------------------------------------    -------------------
    N17                                               0.000     0.000 r  BTNC (IN)
                         net (fo=0)                   0.000     0.000    BTNC
    N17                  IBUF (Prop_ibuf_I_O)         1.477     1.477 r  BTNC_IBUF_inst/O
                         net (fo=11, routed)          1.674     3.151    top0/SR[0]
    SLICE_X1Y100         LUT2 (Prop_lut2_I0_O)        0.150     3.301 r  top0/clk_max[1]_i_1/O
                         net (fo=31, routed)          1.247     4.548    top0/clk_max[1]_i_1_n_0
    SLICE_X0Y107         FDRE                                         r  top0/clk_cnt_reg[27]/R
  -------------------------------------------------------------------    -------------------

                         (clock sys_clk_pin rise edge)
                                                      0.000     0.000 r  
    E3                                                0.000     0.000 r  CLK100MHZ (IN)
                         net (fo=0)                   0.000     0.000    CLK100MHZ
    E3                   IBUF (Prop_ibuf_I_O)         1.411     1.411 r  CLK100MHZ_IBUF_inst/O
                         net (fo=1, routed)           1.920     3.331    CLK100MHZ_IBUF
    BUFGCTRL_X0Y16       BUFG (Prop_bufg_I_O)         0.091     3.422 r  CLK100MHZ_IBUF_BUFG_inst/O
                         net (fo=41, routed)          1.588     5.010    top0/CLK
    SLICE_X0Y107         FDRE                                         r  top0/clk_cnt_reg[27]/C

Slack:                    inf
  Source:                 BTNC
                            (input port)
  Destination:            top0/clk_cnt_reg[20]/R
                            (rising edge-triggered cell FDRE clocked by sys_clk_pin  {rise@0.000ns fall@5.000ns period=10.000ns})
  Path Group:             (none)
  Path Type:              Setup (Max at Slow Process Corner)
  Data Path Delay:        4.409ns  (logic 1.627ns (36.890%)  route 2.783ns (63.110%))
  Logic Levels:           2  (IBUF=1 LUT2=1)
  Clock Path Skew:        5.011ns (DCD - SCD + CPR)
    Destination Clock Delay (DCD):    5.011ns
    Source Clock Delay      (SCD):    0.000ns
    Clock Pessimism Removal (CPR):    0.000ns
  Clock Uncertainty:      0.025ns  ((TSJ^2 + TIJ^2)^1/2 + DJ) / 2 + PE
    Total System Jitter     (TSJ):    0.050ns
    Total Input Jitter      (TIJ):    0.000ns
    Discrete Jitter          (DJ):    0.000ns
    Phase Error              (PE):    0.000ns

    Location             Delay type                Incr(ns)  Path(ns)    Netlist Resource(s)
  -------------------------------------------------------------------    -------------------
    N17                                               0.000     0.000 r  BTNC (IN)
                         net (fo=0)                   0.000     0.000    BTNC
    N17                  IBUF (Prop_ibuf_I_O)         1.477     1.477 r  BTNC_IBUF_inst/O
                         net (fo=11, routed)          1.674     3.151    top0/SR[0]
    SLICE_X1Y100         LUT2 (Prop_lut2_I0_O)        0.150     3.301 r  top0/clk_max[1]_i_1/O
                         net (fo=31, routed)          1.109     4.409    top0/clk_max[1]_i_1_n_0
    SLICE_X0Y106         FDRE                                         r  top0/clk_cnt_reg[20]/R
  -------------------------------------------------------------------    -------------------

                         (clock sys_clk_pin rise edge)
                                                      0.000     0.000 r  
    E3                                                0.000     0.000 r  CLK100MHZ (IN)
                         net (fo=0)                   0.000     0.000    CLK100MHZ
    E3                   IBUF (Prop_ibuf_I_O)         1.411     1.411 r  CLK100MHZ_IBUF_inst/O
                         net (fo=1, routed)           1.920     3.331    CLK100MHZ_IBUF
    BUFGCTRL_X0Y16       BUFG (Prop_bufg_I_O)         0.091     3.422 r  CLK100MHZ_IBUF_BUFG_inst/O
                         net (fo=41, routed)          1.589     5.011    top0/CLK
    SLICE_X0Y106         FDRE                                         r  top0/clk_cnt_reg[20]/C

Slack:                    inf
  Source:                 BTNC
                            (input port)
  Destination:            top0/clk_cnt_reg[21]/R
                            (rising edge-triggered cell FDRE clocked by sys_clk_pin  {rise@0.000ns fall@5.000ns period=10.000ns})
  Path Group:             (none)
  Path Type:              Setup (Max at Slow Process Corner)
  Data Path Delay:        4.409ns  (logic 1.627ns (36.890%)  route 2.783ns (63.110%))
  Logic Levels:           2  (IBUF=1 LUT2=1)
  Clock Path Skew:        5.011ns (DCD - SCD + CPR)
    Destination Clock Delay (DCD):    5.011ns
    Source Clock Delay      (SCD):    0.000ns
    Clock Pessimism Removal (CPR):    0.000ns
  Clock Uncertainty:      0.025ns  ((TSJ^2 + TIJ^2)^1/2 + DJ) / 2 + PE
    Total System Jitter     (TSJ):    0.050ns
    Total Input Jitter      (TIJ):    0.000ns
    Discrete Jitter          (DJ):    0.000ns
    Phase Error              (PE):    0.000ns

    Location             Delay type                Incr(ns)  Path(ns)    Netlist Resource(s)
  -------------------------------------------------------------------    -------------------
    N17                                               0.000     0.000 r  BTNC (IN)
                         net (fo=0)                   0.000     0.000    BTNC
    N17                  IBUF (Prop_ibuf_I_O)         1.477     1.477 r  BTNC_IBUF_inst/O
                         net (fo=11, routed)          1.674     3.151    top0/SR[0]
    SLICE_X1Y100         LUT2 (Prop_lut2_I0_O)        0.150     3.301 r  top0/clk_max[1]_i_1/O
                         net (fo=31, routed)          1.109     4.409    top0/clk_max[1]_i_1_n_0
    SLICE_X0Y106         FDRE                                         r  top0/clk_cnt_reg[21]/R
  -------------------------------------------------------------------    -------------------

                         (clock sys_clk_pin rise edge)
                                                      0.000     0.000 r  
    E3                                                0.000     0.000 r  CLK100MHZ (IN)
                         net (fo=0)                   0.000     0.000    CLK100MHZ
    E3                   IBUF (Prop_ibuf_I_O)         1.411     1.411 r  CLK100MHZ_IBUF_inst/O
                         net (fo=1, routed)           1.920     3.331    CLK100MHZ_IBUF
    BUFGCTRL_X0Y16       BUFG (Prop_bufg_I_O)         0.091     3.422 r  CLK100MHZ_IBUF_BUFG_inst/O
                         net (fo=41, routed)          1.589     5.011    top0/CLK
    SLICE_X0Y106         FDRE                                         r  top0/clk_cnt_reg[21]/C

Slack:                    inf
  Source:                 BTNC
                            (input port)
  Destination:            top0/clk_cnt_reg[22]/R
                            (rising edge-triggered cell FDRE clocked by sys_clk_pin  {rise@0.000ns fall@5.000ns period=10.000ns})
  Path Group:             (none)
  Path Type:              Setup (Max at Slow Process Corner)
  Data Path Delay:        4.409ns  (logic 1.627ns (36.890%)  route 2.783ns (63.110%))
  Logic Levels:           2  (IBUF=1 LUT2=1)
  Clock Path Skew:        5.011ns (DCD - SCD + CPR)
    Destination Clock Delay (DCD):    5.011ns
    Source Clock Delay      (SCD):    0.000ns
    Clock Pessimism Removal (CPR):    0.000ns
  Clock Uncertainty:      0.025ns  ((TSJ^2 + TIJ^2)^1/2 + DJ) / 2 + PE
    Total System Jitter     (TSJ):    0.050ns
    Total Input Jitter      (TIJ):    0.000ns
    Discrete Jitter          (DJ):    0.000ns
    Phase Error              (PE):    0.000ns

    Location             Delay type                Incr(ns)  Path(ns)    Netlist Resource(s)
  -------------------------------------------------------------------    -------------------
    N17                                               0.000     0.000 r  BTNC (IN)
                         net (fo=0)                   0.000     0.000    BTNC
    N17                  IBUF (Prop_ibuf_I_O)         1.477     1.477 r  BTNC_IBUF_inst/O
                         net (fo=11, routed)          1.674     3.151    top0/SR[0]
    SLICE_X1Y100         LUT2 (Prop_lut2_I0_O)        0.150     3.301 r  top0/clk_max[1]_i_1/O
                         net (fo=31, routed)          1.109     4.409    top0/clk_max[1]_i_1_n_0
    SLICE_X0Y106         FDRE                                         r  top0/clk_cnt_reg[22]/R
  -------------------------------------------------------------------    -------------------

                         (clock sys_clk_pin rise edge)
                                                      0.000     0.000 r  
    E3                                                0.000     0.000 r  CLK100MHZ (IN)
                         net (fo=0)                   0.000     0.000    CLK100MHZ
    E3                   IBUF (Prop_ibuf_I_O)         1.411     1.411 r  CLK100MHZ_IBUF_inst/O
                         net (fo=1, routed)           1.920     3.331    CLK100MHZ_IBUF
    BUFGCTRL_X0Y16       BUFG (Prop_bufg_I_O)         0.091     3.422 r  CLK100MHZ_IBUF_BUFG_inst/O
                         net (fo=41, routed)          1.589     5.011    top0/CLK
    SLICE_X0Y106         FDRE                                         r  top0/clk_cnt_reg[22]/C

Slack:                    inf
  Source:                 BTNC
                            (input port)
  Destination:            top0/clk_cnt_reg[23]/R
                            (rising edge-triggered cell FDRE clocked by sys_clk_pin  {rise@0.000ns fall@5.000ns period=10.000ns})
  Path Group:             (none)
  Path Type:              Setup (Max at Slow Process Corner)
  Data Path Delay:        4.409ns  (logic 1.627ns (36.890%)  route 2.783ns (63.110%))
  Logic Levels:           2  (IBUF=1 LUT2=1)
  Clock Path Skew:        5.011ns (DCD - SCD + CPR)
    Destination Clock Delay (DCD):    5.011ns
    Source Clock Delay      (SCD):    0.000ns
    Clock Pessimism Removal (CPR):    0.000ns
  Clock Uncertainty:      0.025ns  ((TSJ^2 + TIJ^2)^1/2 + DJ) / 2 + PE
    Total System Jitter     (TSJ):    0.050ns
    Total Input Jitter      (TIJ):    0.000ns
    Discrete Jitter          (DJ):    0.000ns
    Phase Error              (PE):    0.000ns

    Location             Delay type                Incr(ns)  Path(ns)    Netlist Resource(s)
  -------------------------------------------------------------------    -------------------
    N17                                               0.000     0.000 r  BTNC (IN)
                         net (fo=0)                   0.000     0.000    BTNC
    N17                  IBUF (Prop_ibuf_I_O)         1.477     1.477 r  BTNC_IBUF_inst/O
                         net (fo=11, routed)          1.674     3.151    top0/SR[0]
    SLICE_X1Y100         LUT2 (Prop_lut2_I0_O)        0.150     3.301 r  top0/clk_max[1]_i_1/O
                         net (fo=31, routed)          1.109     4.409    top0/clk_max[1]_i_1_n_0
    SLICE_X0Y106         FDRE                                         r  top0/clk_cnt_reg[23]/R
  -------------------------------------------------------------------    -------------------

                         (clock sys_clk_pin rise edge)
                                                      0.000     0.000 r  
    E3                                                0.000     0.000 r  CLK100MHZ (IN)
                         net (fo=0)                   0.000     0.000    CLK100MHZ
    E3                   IBUF (Prop_ibuf_I_O)         1.411     1.411 r  CLK100MHZ_IBUF_inst/O
                         net (fo=1, routed)           1.920     3.331    CLK100MHZ_IBUF
    BUFGCTRL_X0Y16       BUFG (Prop_bufg_I_O)         0.091     3.422 r  CLK100MHZ_IBUF_BUFG_inst/O
                         net (fo=41, routed)          1.589     5.011    top0/CLK
    SLICE_X0Y106         FDRE                                         r  top0/clk_cnt_reg[23]/C

Slack:                    inf
  Source:                 BTNC
                            (input port)
  Destination:            top0/clk_cnt_reg[16]/R
                            (rising edge-triggered cell FDRE clocked by sys_clk_pin  {rise@0.000ns fall@5.000ns period=10.000ns})
  Path Group:             (none)
  Path Type:              Setup (Max at Slow Process Corner)
  Data Path Delay:        4.261ns  (logic 1.627ns (38.173%)  route 2.634ns (61.827%))
  Logic Levels:           2  (IBUF=1 LUT2=1)
  Clock Path Skew:        5.011ns (DCD - SCD + CPR)
    Destination Clock Delay (DCD):    5.011ns
    Source Clock Delay      (SCD):    0.000ns
    Clock Pessimism Removal (CPR):    0.000ns
  Clock Uncertainty:      0.025ns  ((TSJ^2 + TIJ^2)^1/2 + DJ) / 2 + PE
    Total System Jitter     (TSJ):    0.050ns
    Total Input Jitter      (TIJ):    0.000ns
    Discrete Jitter          (DJ):    0.000ns
    Phase Error              (PE):    0.000ns

    Location             Delay type                Incr(ns)  Path(ns)    Netlist Resource(s)
  -------------------------------------------------------------------    -------------------
    N17                                               0.000     0.000 r  BTNC (IN)
                         net (fo=0)                   0.000     0.000    BTNC
    N17                  IBUF (Prop_ibuf_I_O)         1.477     1.477 r  BTNC_IBUF_inst/O
                         net (fo=11, routed)          1.674     3.151    top0/SR[0]
    SLICE_X1Y100         LUT2 (Prop_lut2_I0_O)        0.150     3.301 r  top0/clk_max[1]_i_1/O
                         net (fo=31, routed)          0.960     4.261    top0/clk_max[1]_i_1_n_0
    SLICE_X0Y105         FDRE                                         r  top0/clk_cnt_reg[16]/R
  -------------------------------------------------------------------    -------------------

                         (clock sys_clk_pin rise edge)
                                                      0.000     0.000 r  
    E3                                                0.000     0.000 r  CLK100MHZ (IN)
                         net (fo=0)                   0.000     0.000    CLK100MHZ
    E3                   IBUF (Prop_ibuf_I_O)         1.411     1.411 r  CLK100MHZ_IBUF_inst/O
                         net (fo=1, routed)           1.920     3.331    CLK100MHZ_IBUF
    BUFGCTRL_X0Y16       BUFG (Prop_bufg_I_O)         0.091     3.422 r  CLK100MHZ_IBUF_BUFG_inst/O
                         net (fo=41, routed)          1.589     5.011    top0/CLK
    SLICE_X0Y105         FDRE                                         r  top0/clk_cnt_reg[16]/C

Slack:                    inf
  Source:                 BTNC
                            (input port)
  Destination:            top0/clk_cnt_reg[17]/R
                            (rising edge-triggered cell FDRE clocked by sys_clk_pin  {rise@0.000ns fall@5.000ns period=10.000ns})
  Path Group:             (none)
  Path Type:              Setup (Max at Slow Process Corner)
  Data Path Delay:        4.261ns  (logic 1.627ns (38.173%)  route 2.634ns (61.827%))
  Logic Levels:           2  (IBUF=1 LUT2=1)
  Clock Path Skew:        5.011ns (DCD - SCD + CPR)
    Destination Clock Delay (DCD):    5.011ns
    Source Clock Delay      (SCD):    0.000ns
    Clock Pessimism Removal (CPR):    0.000ns
  Clock Uncertainty:      0.025ns  ((TSJ^2 + TIJ^2)^1/2 + DJ) / 2 + PE
    Total System Jitter     (TSJ):    0.050ns
    Total Input Jitter      (TIJ):    0.000ns
    Discrete Jitter          (DJ):    0.000ns
    Phase Error              (PE):    0.000ns

    Location             Delay type                Incr(ns)  Path(ns)    Netlist Resource(s)
  -------------------------------------------------------------------    -------------------
    N17                                               0.000     0.000 r  BTNC (IN)
                         net (fo=0)                   0.000     0.000    BTNC
    N17                  IBUF (Prop_ibuf_I_O)         1.477     1.477 r  BTNC_IBUF_inst/O
                         net (fo=11, routed)          1.674     3.151    top0/SR[0]
    SLICE_X1Y100         LUT2 (Prop_lut2_I0_O)        0.150     3.301 r  top0/clk_max[1]_i_1/O
                         net (fo=31, routed)          0.960     4.261    top0/clk_max[1]_i_1_n_0
    SLICE_X0Y105         FDRE                                         r  top0/clk_cnt_reg[17]/R
  -------------------------------------------------------------------    -------------------

                         (clock sys_clk_pin rise edge)
                                                      0.000     0.000 r  
    E3                                                0.000     0.000 r  CLK100MHZ (IN)
                         net (fo=0)                   0.000     0.000    CLK100MHZ
    E3                   IBUF (Prop_ibuf_I_O)         1.411     1.411 r  CLK100MHZ_IBUF_inst/O
                         net (fo=1, routed)           1.920     3.331    CLK100MHZ_IBUF
    BUFGCTRL_X0Y16       BUFG (Prop_bufg_I_O)         0.091     3.422 r  CLK100MHZ_IBUF_BUFG_inst/O
                         net (fo=41, routed)          1.589     5.011    top0/CLK
    SLICE_X0Y105         FDRE                                         r  top0/clk_cnt_reg[17]/C





Min Delay Paths
--------------------------------------------------------------------------------------
Slack:                    inf
  Source:                 BTNU
                            (input port)
  Destination:            top0/clk_cnt_reg[0]/R
                            (rising edge-triggered cell FDRE clocked by sys_clk_pin  {rise@0.000ns fall@5.000ns period=10.000ns})
  Path Group:             (none)
  Path Type:              Hold (Min at Fast Process Corner)
  Data Path Delay:        0.940ns  (logic 0.302ns (32.093%)  route 0.638ns (67.907%))
  Logic Levels:           2  (IBUF=1 LUT2=1)
  Clock Path Skew:        2.037ns (DCD - SCD - CPR)
    Destination Clock Delay (DCD):    2.037ns
    Source Clock Delay      (SCD):    0.000ns
    Clock Pessimism Removal (CPR):    -0.000ns

    Location             Delay type                Incr(ns)  Path(ns)    Netlist Resource(s)
  -------------------------------------------------------------------    -------------------
    M18                                               0.000     0.000 r  BTNU (IN)
                         net (fo=0)                   0.000     0.000    BTNU
    M18                  IBUF (Prop_ibuf_I_O)         0.254     0.254 r  BTNU_IBUF_inst/O
                         net (fo=5, routed)           0.505     0.758    top0/BTNU_IBUF
    SLICE_X1Y100         LUT2 (Prop_lut2_I1_O)        0.048     0.806 r  top0/clk_max[1]_i_1/O
                         net (fo=31, routed)          0.133     0.940    top0/clk_max[1]_i_1_n_0
    SLICE_X0Y101         FDRE                                         r  top0/clk_cnt_reg[0]/R
  -------------------------------------------------------------------    -------------------

                         (clock sys_clk_pin rise edge)
                                                      0.000     0.000 r  
    E3                                                0.000     0.000 r  CLK100MHZ (IN)
                         net (fo=0)                   0.000     0.000    CLK100MHZ
    E3                   IBUF (Prop_ibuf_I_O)         0.438     0.438 r  CLK100MHZ_IBUF_inst/O
                         net (fo=1, routed)           0.699     1.136    CLK100MHZ_IBUF
    BUFGCTRL_X0Y16       BUFG (Prop_bufg_I_O)         0.029     1.165 r  CLK100MHZ_IBUF_BUFG_inst/O
                         net (fo=41, routed)          0.872     2.037    top0/CLK
    SLICE_X0Y101         FDRE                                         r  top0/clk_cnt_reg[0]/C

Slack:                    inf
  Source:                 BTNU
                            (input port)
  Destination:            top0/clk_cnt_reg[1]/R
                            (rising edge-triggered cell FDRE clocked by sys_clk_pin  {rise@0.000ns fall@5.000ns period=10.000ns})
  Path Group:             (none)
  Path Type:              Hold (Min at Fast Process Corner)
  Data Path Delay:        0.940ns  (logic 0.302ns (32.093%)  route 0.638ns (67.907%))
  Logic Levels:           2  (IBUF=1 LUT2=1)
  Clock Path Skew:        2.037ns (DCD - SCD - CPR)
    Destination Clock Delay (DCD):    2.037ns
    Source Clock Delay      (SCD):    0.000ns
    Clock Pessimism Removal (CPR):    -0.000ns

    Location             Delay type                Incr(ns)  Path(ns)    Netlist Resource(s)
  -------------------------------------------------------------------    -------------------
    M18                                               0.000     0.000 r  BTNU (IN)
                         net (fo=0)                   0.000     0.000    BTNU
    M18                  IBUF (Prop_ibuf_I_O)         0.254     0.254 r  BTNU_IBUF_inst/O
                         net (fo=5, routed)           0.505     0.758    top0/BTNU_IBUF
    SLICE_X1Y100         LUT2 (Prop_lut2_I1_O)        0.048     0.806 r  top0/clk_max[1]_i_1/O
                         net (fo=31, routed)          0.133     0.940    top0/clk_max[1]_i_1_n_0
    SLICE_X0Y101         FDRE                                         r  top0/clk_cnt_reg[1]/R
  -------------------------------------------------------------------    -------------------

                         (clock sys_clk_pin rise edge)
                                                      0.000     0.000 r  
    E3                                                0.000     0.000 r  CLK100MHZ (IN)
                         net (fo=0)                   0.000     0.000    CLK100MHZ
    E3                   IBUF (Prop_ibuf_I_O)         0.438     0.438 r  CLK100MHZ_IBUF_inst/O
                         net (fo=1, routed)           0.699     1.136    CLK100MHZ_IBUF
    BUFGCTRL_X0Y16       BUFG (Prop_bufg_I_O)         0.029     1.165 r  CLK100MHZ_IBUF_BUFG_inst/O
                         net (fo=41, routed)          0.872     2.037    top0/CLK
    SLICE_X0Y101         FDRE                                         r  top0/clk_cnt_reg[1]/C

Slack:                    inf
  Source:                 BTNU
                            (input port)
  Destination:            top0/clk_cnt_reg[2]/R
                            (rising edge-triggered cell FDRE clocked by sys_clk_pin  {rise@0.000ns fall@5.000ns period=10.000ns})
  Path Group:             (none)
  Path Type:              Hold (Min at Fast Process Corner)
  Data Path Delay:        0.940ns  (logic 0.302ns (32.093%)  route 0.638ns (67.907%))
  Logic Levels:           2  (IBUF=1 LUT2=1)
  Clock Path Skew:        2.037ns (DCD - SCD - CPR)
    Destination Clock Delay (DCD):    2.037ns
    Source Clock Delay      (SCD):    0.000ns
    Clock Pessimism Removal (CPR):    -0.000ns

    Location             Delay type                Incr(ns)  Path(ns)    Netlist Resource(s)
  -------------------------------------------------------------------    -------------------
    M18                                               0.000     0.000 r  BTNU (IN)
                         net (fo=0)                   0.000     0.000    BTNU
    M18                  IBUF (Prop_ibuf_I_O)         0.254     0.254 r  BTNU_IBUF_inst/O
                         net (fo=5, routed)           0.505     0.758    top0/BTNU_IBUF
    SLICE_X1Y100         LUT2 (Prop_lut2_I1_O)        0.048     0.806 r  top0/clk_max[1]_i_1/O
                         net (fo=31, routed)          0.133     0.940    top0/clk_max[1]_i_1_n_0
    SLICE_X0Y101         FDRE                                         r  top0/clk_cnt_reg[2]/R
  -------------------------------------------------------------------    -------------------

                         (clock sys_clk_pin rise edge)
                                                      0.000     0.000 r  
    E3                                                0.000     0.000 r  CLK100MHZ (IN)
                         net (fo=0)                   0.000     0.000    CLK100MHZ
    E3                   IBUF (Prop_ibuf_I_O)         0.438     0.438 r  CLK100MHZ_IBUF_inst/O
                         net (fo=1, routed)           0.699     1.136    CLK100MHZ_IBUF
    BUFGCTRL_X0Y16       BUFG (Prop_bufg_I_O)         0.029     1.165 r  CLK100MHZ_IBUF_BUFG_inst/O
                         net (fo=41, routed)          0.872     2.037    top0/CLK
    SLICE_X0Y101         FDRE                                         r  top0/clk_cnt_reg[2]/C

Slack:                    inf
  Source:                 BTNU
                            (input port)
  Destination:            top0/clk_cnt_reg[3]/R
                            (rising edge-triggered cell FDRE clocked by sys_clk_pin  {rise@0.000ns fall@5.000ns period=10.000ns})
  Path Group:             (none)
  Path Type:              Hold (Min at Fast Process Corner)
  Data Path Delay:        0.940ns  (logic 0.302ns (32.093%)  route 0.638ns (67.907%))
  Logic Levels:           2  (IBUF=1 LUT2=1)
  Clock Path Skew:        2.037ns (DCD - SCD - CPR)
    Destination Clock Delay (DCD):    2.037ns
    Source Clock Delay      (SCD):    0.000ns
    Clock Pessimism Removal (CPR):    -0.000ns

    Location             Delay type                Incr(ns)  Path(ns)    Netlist Resource(s)
  -------------------------------------------------------------------    -------------------
    M18                                               0.000     0.000 r  BTNU (IN)
                         net (fo=0)                   0.000     0.000    BTNU
    M18                  IBUF (Prop_ibuf_I_O)         0.254     0.254 r  BTNU_IBUF_inst/O
                         net (fo=5, routed)           0.505     0.758    top0/BTNU_IBUF
    SLICE_X1Y100         LUT2 (Prop_lut2_I1_O)        0.048     0.806 r  top0/clk_max[1]_i_1/O
                         net (fo=31, routed)          0.133     0.940    top0/clk_max[1]_i_1_n_0
    SLICE_X0Y101         FDRE                                         r  top0/clk_cnt_reg[3]/R
  -------------------------------------------------------------------    -------------------

                         (clock sys_clk_pin rise edge)
                                                      0.000     0.000 r  
    E3                                                0.000     0.000 r  CLK100MHZ (IN)
                         net (fo=0)                   0.000     0.000    CLK100MHZ
    E3                   IBUF (Prop_ibuf_I_O)         0.438     0.438 r  CLK100MHZ_IBUF_inst/O
                         net (fo=1, routed)           0.699     1.136    CLK100MHZ_IBUF
    BUFGCTRL_X0Y16       BUFG (Prop_bufg_I_O)         0.029     1.165 r  CLK100MHZ_IBUF_BUFG_inst/O
                         net (fo=41, routed)          0.872     2.037    top0/CLK
    SLICE_X0Y101         FDRE                                         r  top0/clk_cnt_reg[3]/C

Slack:                    inf
  Source:                 BTNC
                            (input port)
  Destination:            top0/o_random_out_reg[0]/R
                            (rising edge-triggered cell FDRE clocked by sys_clk_pin  {rise@0.000ns fall@5.000ns period=10.000ns})
  Path Group:             (none)
  Path Type:              Hold (Min at Fast Process Corner)
  Data Path Delay:        0.964ns  (logic 0.244ns (25.369%)  route 0.719ns (74.631%))
  Logic Levels:           1  (IBUF=1)
  Clock Path Skew:        2.037ns (DCD - SCD - CPR)
    Destination Clock Delay (DCD):    2.037ns
    Source Clock Delay      (SCD):    0.000ns
    Clock Pessimism Removal (CPR):    -0.000ns

    Location             Delay type                Incr(ns)  Path(ns)    Netlist Resource(s)
  -------------------------------------------------------------------    -------------------
    N17                                               0.000     0.000 r  BTNC (IN)
                         net (fo=0)                   0.000     0.000    BTNC
    N17                  IBUF (Prop_ibuf_I_O)         0.244     0.244 r  BTNC_IBUF_inst/O
                         net (fo=11, routed)          0.719     0.964    top0/SR[0]
    SLICE_X1Y100         FDRE                                         r  top0/o_random_out_reg[0]/R
  -------------------------------------------------------------------    -------------------

                         (clock sys_clk_pin rise edge)
                                                      0.000     0.000 r  
    E3                                                0.000     0.000 r  CLK100MHZ (IN)
                         net (fo=0)                   0.000     0.000    CLK100MHZ
    E3                   IBUF (Prop_ibuf_I_O)         0.438     0.438 r  CLK100MHZ_IBUF_inst/O
                         net (fo=1, routed)           0.699     1.136    CLK100MHZ_IBUF
    BUFGCTRL_X0Y16       BUFG (Prop_bufg_I_O)         0.029     1.165 r  CLK100MHZ_IBUF_BUFG_inst/O
                         net (fo=41, routed)          0.872     2.037    top0/CLK
    SLICE_X1Y100         FDRE                                         r  top0/o_random_out_reg[0]/C

Slack:                    inf
  Source:                 BTNC
                            (input port)
  Destination:            top0/o_random_out_reg[1]/R
                            (rising edge-triggered cell FDRE clocked by sys_clk_pin  {rise@0.000ns fall@5.000ns period=10.000ns})
  Path Group:             (none)
  Path Type:              Hold (Min at Fast Process Corner)
  Data Path Delay:        0.964ns  (logic 0.244ns (25.369%)  route 0.719ns (74.631%))
  Logic Levels:           1  (IBUF=1)
  Clock Path Skew:        2.037ns (DCD - SCD - CPR)
    Destination Clock Delay (DCD):    2.037ns
    Source Clock Delay      (SCD):    0.000ns
    Clock Pessimism Removal (CPR):    -0.000ns

    Location             Delay type                Incr(ns)  Path(ns)    Netlist Resource(s)
  -------------------------------------------------------------------    -------------------
    N17                                               0.000     0.000 r  BTNC (IN)
                         net (fo=0)                   0.000     0.000    BTNC
    N17                  IBUF (Prop_ibuf_I_O)         0.244     0.244 r  BTNC_IBUF_inst/O
                         net (fo=11, routed)          0.719     0.964    top0/SR[0]
    SLICE_X1Y100         FDRE                                         r  top0/o_random_out_reg[1]/R
  -------------------------------------------------------------------    -------------------

                         (clock sys_clk_pin rise edge)
                                                      0.000     0.000 r  
    E3                                                0.000     0.000 r  CLK100MHZ (IN)
                         net (fo=0)                   0.000     0.000    CLK100MHZ
    E3                   IBUF (Prop_ibuf_I_O)         0.438     0.438 r  CLK100MHZ_IBUF_inst/O
                         net (fo=1, routed)           0.699     1.136    CLK100MHZ_IBUF
    BUFGCTRL_X0Y16       BUFG (Prop_bufg_I_O)         0.029     1.165 r  CLK100MHZ_IBUF_BUFG_inst/O
                         net (fo=41, routed)          0.872     2.037    top0/CLK
    SLICE_X1Y100         FDRE                                         r  top0/o_random_out_reg[1]/C

Slack:                    inf
  Source:                 BTNC
                            (input port)
  Destination:            top0/o_random_out_reg[2]/R
                            (rising edge-triggered cell FDRE clocked by sys_clk_pin  {rise@0.000ns fall@5.000ns period=10.000ns})
  Path Group:             (none)
  Path Type:              Hold (Min at Fast Process Corner)
  Data Path Delay:        0.964ns  (logic 0.244ns (25.369%)  route 0.719ns (74.631%))
  Logic Levels:           1  (IBUF=1)
  Clock Path Skew:        2.037ns (DCD - SCD - CPR)
    Destination Clock Delay (DCD):    2.037ns
    Source Clock Delay      (SCD):    0.000ns
    Clock Pessimism Removal (CPR):    -0.000ns

    Location             Delay type                Incr(ns)  Path(ns)    Netlist Resource(s)
  -------------------------------------------------------------------    -------------------
    N17                                               0.000     0.000 r  BTNC (IN)
                         net (fo=0)                   0.000     0.000    BTNC
    N17                  IBUF (Prop_ibuf_I_O)         0.244     0.244 r  BTNC_IBUF_inst/O
                         net (fo=11, routed)          0.719     0.964    top0/SR[0]
    SLICE_X1Y100         FDRE                                         r  top0/o_random_out_reg[2]/R
  -------------------------------------------------------------------    -------------------

                         (clock sys_clk_pin rise edge)
                                                      0.000     0.000 r  
    E3                                                0.000     0.000 r  CLK100MHZ (IN)
                         net (fo=0)                   0.000     0.000    CLK100MHZ
    E3                   IBUF (Prop_ibuf_I_O)         0.438     0.438 r  CLK100MHZ_IBUF_inst/O
                         net (fo=1, routed)           0.699     1.136    CLK100MHZ_IBUF
    BUFGCTRL_X0Y16       BUFG (Prop_bufg_I_O)         0.029     1.165 r  CLK100MHZ_IBUF_BUFG_inst/O
                         net (fo=41, routed)          0.872     2.037    top0/CLK
    SLICE_X1Y100         FDRE                                         r  top0/o_random_out_reg[2]/C

Slack:                    inf
  Source:                 BTNC
                            (input port)
  Destination:            top0/o_random_out_reg[3]/R
                            (rising edge-triggered cell FDRE clocked by sys_clk_pin  {rise@0.000ns fall@5.000ns period=10.000ns})
  Path Group:             (none)
  Path Type:              Hold (Min at Fast Process Corner)
  Data Path Delay:        0.964ns  (logic 0.244ns (25.369%)  route 0.719ns (74.631%))
  Logic Levels:           1  (IBUF=1)
  Clock Path Skew:        2.037ns (DCD - SCD - CPR)
    Destination Clock Delay (DCD):    2.037ns
    Source Clock Delay      (SCD):    0.000ns
    Clock Pessimism Removal (CPR):    -0.000ns

    Location             Delay type                Incr(ns)  Path(ns)    Netlist Resource(s)
  -------------------------------------------------------------------    -------------------
    N17                                               0.000     0.000 r  BTNC (IN)
                         net (fo=0)                   0.000     0.000    BTNC
    N17                  IBUF (Prop_ibuf_I_O)         0.244     0.244 r  BTNC_IBUF_inst/O
                         net (fo=11, routed)          0.719     0.964    top0/SR[0]
    SLICE_X1Y100         FDRE                                         r  top0/o_random_out_reg[3]/R
  -------------------------------------------------------------------    -------------------

                         (clock sys_clk_pin rise edge)
                                                      0.000     0.000 r  
    E3                                                0.000     0.000 r  CLK100MHZ (IN)
                         net (fo=0)                   0.000     0.000    CLK100MHZ
    E3                   IBUF (Prop_ibuf_I_O)         0.438     0.438 r  CLK100MHZ_IBUF_inst/O
                         net (fo=1, routed)           0.699     1.136    CLK100MHZ_IBUF
    BUFGCTRL_X0Y16       BUFG (Prop_bufg_I_O)         0.029     1.165 r  CLK100MHZ_IBUF_BUFG_inst/O
                         net (fo=41, routed)          0.872     2.037    top0/CLK
    SLICE_X1Y100         FDRE                                         r  top0/o_random_out_reg[3]/C

Slack:                    inf
  Source:                 BTNU
                            (input port)
  Destination:            top0/clk_max_reg[2]/D
                            (rising edge-triggered cell FDRE clocked by sys_clk_pin  {rise@0.000ns fall@5.000ns period=10.000ns})
  Path Group:             (none)
  Path Type:              Hold (Min at Fast Process Corner)
  Data Path Delay:        0.990ns  (logic 0.299ns (30.154%)  route 0.692ns (69.846%))
  Logic Levels:           2  (IBUF=1 LUT6=1)
  Clock Path Skew:        2.037ns (DCD - SCD - CPR)
    Destination Clock Delay (DCD):    2.037ns
    Source Clock Delay      (SCD):    0.000ns
    Clock Pessimism Removal (CPR):    -0.000ns

    Location             Delay type                Incr(ns)  Path(ns)    Netlist Resource(s)
  -------------------------------------------------------------------    -------------------
    M18                                               0.000     0.000 r  BTNU (IN)
                         net (fo=0)                   0.000     0.000    BTNU
    M18                  IBUF (Prop_ibuf_I_O)         0.254     0.254 r  BTNU_IBUF_inst/O
                         net (fo=5, routed)           0.692     0.945    top0/BTNU_IBUF
    SLICE_X2Y101         LUT6 (Prop_lut6_I2_O)        0.045     0.990 r  top0/clk_max[2]_i_1/O
                         net (fo=1, routed)           0.000     0.990    top0/clk_max[2]_i_1_n_0
    SLICE_X2Y101         FDRE                                         r  top0/clk_max_reg[2]/D
  -------------------------------------------------------------------    -------------------

                         (clock sys_clk_pin rise edge)
                                                      0.000     0.000 r  
    E3                                                0.000     0.000 r  CLK100MHZ (IN)
                         net (fo=0)                   0.000     0.000    CLK100MHZ
    E3                   IBUF (Prop_ibuf_I_O)         0.438     0.438 r  CLK100MHZ_IBUF_inst/O
                         net (fo=1, routed)           0.699     1.136    CLK100MHZ_IBUF
    BUFGCTRL_X0Y16       BUFG (Prop_bufg_I_O)         0.029     1.165 r  CLK100MHZ_IBUF_BUFG_inst/O
                         net (fo=41, routed)          0.872     2.037    top0/CLK
    SLICE_X2Y101         FDRE                                         r  top0/clk_max_reg[2]/C

Slack:                    inf
  Source:                 BTNU
                            (input port)
  Destination:            top0/clk_cnt_reg[4]/R
                            (rising edge-triggered cell FDRE clocked by sys_clk_pin  {rise@0.000ns fall@5.000ns period=10.000ns})
  Path Group:             (none)
  Path Type:              Hold (Min at Fast Process Corner)
  Data Path Delay:        1.013ns  (logic 0.302ns (29.773%)  route 0.711ns (70.227%))
  Logic Levels:           2  (IBUF=1 LUT2=1)
  Clock Path Skew:        2.037ns (DCD - SCD - CPR)
    Destination Clock Delay (DCD):    2.037ns
    Source Clock Delay      (SCD):    0.000ns
    Clock Pessimism Removal (CPR):    -0.000ns

    Location             Delay type                Incr(ns)  Path(ns)    Netlist Resource(s)
  -------------------------------------------------------------------    -------------------
    M18                                               0.000     0.000 r  BTNU (IN)
                         net (fo=0)                   0.000     0.000    BTNU
    M18                  IBUF (Prop_ibuf_I_O)         0.254     0.254 r  BTNU_IBUF_inst/O
                         net (fo=5, routed)           0.505     0.758    top0/BTNU_IBUF
    SLICE_X1Y100         LUT2 (Prop_lut2_I1_O)        0.048     0.806 r  top0/clk_max[1]_i_1/O
                         net (fo=31, routed)          0.207     1.013    top0/clk_max[1]_i_1_n_0
    SLICE_X0Y102         FDRE                                         r  top0/clk_cnt_reg[4]/R
  -------------------------------------------------------------------    -------------------

                         (clock sys_clk_pin rise edge)
                                                      0.000     0.000 r  
    E3                                                0.000     0.000 r  CLK100MHZ (IN)
                         net (fo=0)                   0.000     0.000    CLK100MHZ
    E3                   IBUF (Prop_ibuf_I_O)         0.438     0.438 r  CLK100MHZ_IBUF_inst/O
                         net (fo=1, routed)           0.699     1.136    CLK100MHZ_IBUF
    BUFGCTRL_X0Y16       BUFG (Prop_bufg_I_O)         0.029     1.165 r  CLK100MHZ_IBUF_BUFG_inst/O
                         net (fo=41, routed)          0.872     2.037    top0/CLK
    SLICE_X0Y102         FDRE                                         r  top0/clk_cnt_reg[4]/C





