Copyright 1986-2022 Xilinx, Inc. All Rights Reserved. Copyright 2022-2024 Advanced Micro Devices, Inc. All Rights Reserved.
---------------------------------------------------------------------------------------------------------------------------------------------------------------------------------------------------------------------
| Tool Version : Vivado v.2024.2 (win64) Build 5239630 Fri Nov 08 22:35:27 MST 2024
| Date         : Thu Sep 24 20:33:35 2026
| Host         : DESKTOP-6EVF12B running 64-bit major release  (build 9200)
| Command      : report_timing_summary -max_paths 10 -report_unconstrained -file NEXYS_A7_timing_summary_routed.rpt -pb NEXYS_A7_timing_summary_routed.pb -rpx NEXYS_A7_timing_summary_routed.rpx -warn_on_violation
| Design       : NEXYS_A7
| Device       : 7a100t-csg324
| Speed File   : -1  PRODUCTION 1.23 2018-06-13
| Design State : Routed
---------------------------------------------------------------------------------------------------------------------------------------------------------------------------------------------------------------------

Timing Summary Report

------------------------------------------------------------------------------------------------
| Timer Settings
| --------------
------------------------------------------------------------------------------------------------

  Enable Multi Corner Analysis               :  Yes
  Enable Pessimism Removal                   :  Yes
  Pessimism Removal Resolution               :  Nearest Common Node
  Enable Input Delay Default Clock           :  No
  Enable Preset / Clear Arcs                 :  No
  Disable Flight Delays                      :  No
  Ignore I/O Paths                           :  No
  Timing Early Launch at Borrowing Latches   :  No
  Borrow Time for Max Delay Exceptions       :  Yes
  Merge Timing Exceptions                    :  Yes
  Inter-SLR Compensation                     :  Conservative

  Corner  Analyze    Analyze    
  Name    Max Paths  Min Paths  
  ------  ---------  ---------  
  Slow    Yes        Yes        
  Fast    Yes        Yes        


------------------------------------------------------------------------------------------------
| Report Methodology
| ------------------
------------------------------------------------------------------------------------------------

Rule       Severity  Description                                 Violations  
---------  --------  ------------------------------------------  ----------  
SYNTH-6    Warning   Timing of a RAM block might be sub-optimal  1           
TIMING-18  Warning   Missing input or output delay               74          

Note: This report is based on the most recent report_methodology run and may not be up-to-date. Run report_methodology on the current design for the latest report.



check_timing report

Table of Contents
-----------------
1. checking no_clock (0)
2. checking constant_clock (0)
3. checking pulse_width_clock (0)
4. checking unconstrained_internal_endpoints (0)
5. checking no_input_delay (4)
6. checking no_output_delay (24)
7. checking multiple_clock (0)
8. checking generated_clocks (0)
9. checking loops (0)
10. checking partial_input_delay (0)
11. checking partial_output_delay (0)
12. checking latch_loops (0)

1. checking no_clock (0)
------------------------
 There are 0 register/latch pins with no clock.


2. checking constant_clock (0)
------------------------------
 There are 0 register/latch pins with constant_clock.


3. checking pulse_width_clock (0)
---------------------------------
 There are 0 register/latch pins which need pulse_width check


4. checking unconstrained_internal_endpoints (0)
------------------------------------------------
 There are 0 pins that are not constrained for maximum delay.

 There are 0 pins that are not constrained for maximum delay due to constant clock.


5. checking no_input_delay (4)
------------------------------
 There are 4 input ports with no input delay specified. (HIGH)

 There are 0 input ports with no input delay but user has a false path constraint.


6. checking no_output_delay (24)
--------------------------------
 There are 24 ports with no output delay specified. (HIGH)

 There are 0 ports with no output delay but user has a false path constraint

 There are 0 ports with no output delay but with a timing clock defined on it or propagating through it


7. checking multiple_clock (0)
------------------------------
 There are 0 register/latch pins with multiple clocks.


8. checking generated_clocks (0)
--------------------------------
 There are 0 generated clocks that are not connected to a clock source.


9. checking loops (0)
---------------------
 There are 0 combinational loops in the design.


10. checking partial_input_delay (0)
------------------------------------
 There are 0 input ports with partial input delay specified.


11. checking partial_output_delay (0)
-------------------------------------
 There are 0 ports with partial output delay specified.


12. checking latch_loops (0)
----------------------------
 There are 0 combinational latch loops in the design through latch input



------------------------------------------------------------------------------------------------
| Design Timing Summary
| ---------------------
------------------------------------------------------------------------------------------------

    WNS(ns)      TNS(ns)  TNS Failing Endpoints  TNS Total Endpoints      WHS(ns)      THS(ns)  THS Failing Endpoints  THS Total Endpoints     WPWS(ns)     TPWS(ns)  TPWS Failing Endpoints  TPWS Total Endpoints  
    -------      -------  ---------------------  -------------------      -------      -------  ---------------------  -------------------     --------     --------  ----------------------  --------------------  
      2.023        0.000                      0                  926        0.065        0.000                      0                  926        4.500        0.000                       0                   408  


All user specified timing constraints are met.


------------------------------------------------------------------------------------------------
| Clock Summary
| -------------
------------------------------------------------------------------------------------------------

Clock        Waveform(ns)       Period(ns)      Frequency(MHz)
-----        ------------       ----------      --------------
sys_clk_pin  {0.000 5.000}      10.000          100.000         


------------------------------------------------------------------------------------------------
| Intra Clock Table
| -----------------
------------------------------------------------------------------------------------------------

Clock             WNS(ns)      TNS(ns)  TNS Failing Endpoints  TNS Total Endpoints      WHS(ns)      THS(ns)  THS Failing Endpoints  THS Total Endpoints     WPWS(ns)     TPWS(ns)  TPWS Failing Endpoints  TPWS Total Endpoints  
-----             -------      -------  ---------------------  -------------------      -------      -------  ---------------------  -------------------     --------     --------  ----------------------  --------------------  
sys_clk_pin         2.023        0.000                      0                  926        0.065        0.000                      0                  926        4.500        0.000                       0                   408  


------------------------------------------------------------------------------------------------
| Inter Clock Table
| -----------------
------------------------------------------------------------------------------------------------

From Clock    To Clock          WNS(ns)      TNS(ns)  TNS Failing Endpoints  TNS Total Endpoints      WHS(ns)      THS(ns)  THS Failing Endpoints  THS Total Endpoints  
----------    --------          -------      -------  ---------------------  -------------------      -------      -------  ---------------------  -------------------  


------------------------------------------------------------------------------------------------
| Other Path Groups Table
| -----------------------
------------------------------------------------------------------------------------------------

Path Group    From Clock    To Clock          WNS(ns)      TNS(ns)  TNS Failing Endpoints  TNS Total Endpoints      WHS(ns)      THS(ns)  THS Failing Endpoints  THS Total Endpoints  
----------    ----------    --------          -------      -------  ---------------------  -------------------      -------      -------  ---------------------  -------------------  


------------------------------------------------------------------------------------------------
| User Ignored Path Table
| -----------------------
------------------------------------------------------------------------------------------------

Path Group    From Clock    To Clock    
----------    ----------    --------    


------------------------------------------------------------------------------------------------
| Unconstrained Path Table
| ------------------------
------------------------------------------------------------------------------------------------

Path Group    From Clock    To Clock    
----------    ----------    --------    
(none)        sys_clk_pin                 
(none)                      sys_clk_pin   


------------------------------------------------------------------------------------------------
| Timing Details
| --------------
------------------------------------------------------------------------------------------------


---------------------------------------------------------------------------------------------------
From Clock:  sys_clk_pin
  To Clock:  sys_clk_pin

Setup :            0  Failing Endpoints,  Worst Slack        2.023ns,  Total Violation        0.000ns
Hold  :            0  Failing Endpoints,  Worst Slack        0.065ns,  Total Violation        0.000ns
PW    :            0  Failing Endpoints,  Worst Slack        4.500ns,  Total Violation        0.000ns
---------------------------------------------------------------------------------------------------


Max Delay Paths
--------------------------------------------------------------------------------------
Slack (MET) :             2.023ns  (required time - arrival time)
  Source:                 sel/CLKARDCLK
                            (rising edge-triggered cell RAMB18E1 clocked by sys_clk_pin  {rise@0.000ns fall@5.000ns period=10.000ns})
  Destination:            vga_txt/o_r_reg[3]_lopt_replica/D
                            (rising edge-triggered cell FDRE clocked by sys_clk_pin  {rise@0.000ns fall@5.000ns period=10.000ns})
  Path Group:             sys_clk_pin
  Path Type:              Setup (Max at Slow Process Corner)
  Requirement:            10.000ns  (sys_clk_pin rise@10.000ns - sys_clk_pin rise@0.000ns)
  Data Path Delay:        7.488ns  (logic 2.978ns (39.773%)  route 4.510ns (60.227%))
  Logic Levels:           2  (LUT4=1 LUT5=1)
  Clock Path Skew:        -0.205ns (DCD - SCD + CPR)
    Destination Clock Delay (DCD):    4.906ns = ( 14.906 - 10.000 ) 
    Source Clock Delay      (SCD):    5.291ns
    Clock Pessimism Removal (CPR):    0.180ns
  Clock Uncertainty:      0.035ns  ((TSJ^2 + TIJ^2)^1/2 + DJ) / 2 + PE
    Total System Jitter     (TSJ):    0.071ns
    Total Input Jitter      (TIJ):    0.000ns
    Discrete Jitter          (DJ):    0.000ns
    Phase Error              (PE):    0.000ns

    Location             Delay type                Incr(ns)  Path(ns)    Netlist Resource(s)
  -------------------------------------------------------------------    -------------------
                         (clock sys_clk_pin rise edge)
                                                      0.000     0.000 r  
    E3                                                0.000     0.000 r  CLK100MHZ (IN)
                         net (fo=0)                   0.000     0.000    CLK100MHZ
    E3                   IBUF (Prop_ibuf_I_O)         1.482     1.482 r  CLK100MHZ_IBUF_inst/O
                         net (fo=1, routed)           2.025     3.506    CLK100MHZ_IBUF
    BUFGCTRL_X0Y16       BUFG (Prop_bufg_I_O)         0.096     3.602 r  CLK100MHZ_IBUF_BUFG_inst/O
                         net (fo=407, routed)         1.689     5.291    CLK100MHZ_IBUF_BUFG
    RAMB18_X0Y36         RAMB18E1                                     r  sel/CLKARDCLK
  -------------------------------------------------------------------    -------------------
    RAMB18_X0Y36         RAMB18E1 (Prop_ramb18e1_CLKARDCLK_DOADO[0])
                                                      2.454     7.745 r  sel/DOADO[0]
                         net (fo=1, routed)           1.017     8.762    vga_txt/DOADO[0]
    SLICE_X8Y92          LUT4 (Prop_lut4_I3_O)        0.150     8.912 r  vga_txt/o_g[3]_i_3/O
                         net (fo=3, routed)           0.699     9.611    vga_txt/o_g[3]_i_3_n_0
    SLICE_X8Y92          LUT5 (Prop_lut5_I2_O)        0.374     9.985 r  vga_txt/o_r[3]_i_1/O
                         net (fo=4, routed)           2.794    12.779    vga_txt/o_r[3]_i_1_n_0
    SLICE_X66Y128        FDRE                                         r  vga_txt/o_r_reg[3]_lopt_replica/D
  -------------------------------------------------------------------    -------------------

                         (clock sys_clk_pin rise edge)
                                                     10.000    10.000 r  
    E3                                                0.000    10.000 r  CLK100MHZ (IN)
                         net (fo=0)                   0.000    10.000    CLK100MHZ
    E3                   IBUF (Prop_ibuf_I_O)         1.411    11.411 r  CLK100MHZ_IBUF_inst/O
                         net (fo=1, routed)           1.920    13.331    CLK100MHZ_IBUF
    BUFGCTRL_X0Y16       BUFG (Prop_bufg_I_O)         0.091    13.422 r  CLK100MHZ_IBUF_BUFG_inst/O
                         net (fo=407, routed)         1.484    14.906    vga_txt/CLK100MHZ_IBUF_BUFG
    SLICE_X66Y128        FDRE                                         r  vga_txt/o_r_reg[3]_lopt_replica/C
                         clock pessimism              0.180    15.086    
                         clock uncertainty           -0.035    15.051    
    SLICE_X66Y128        FDRE (Setup_fdre_C_D)       -0.249    14.802    vga_txt/o_r_reg[3]_lopt_replica
  -------------------------------------------------------------------
                         required time                         14.802    
                         arrival time                         -12.779    
  -------------------------------------------------------------------
                         slack                                  2.023    

Slack (MET) :             2.072ns  (required time - arrival time)
  Source:                 sel/CLKARDCLK
                            (rising edge-triggered cell RAMB18E1 clocked by sys_clk_pin  {rise@0.000ns fall@5.000ns period=10.000ns})
  Destination:            vga_txt/o_r_reg[3]_lopt_replica_3/D
                            (rising edge-triggered cell FDRE clocked by sys_clk_pin  {rise@0.000ns fall@5.000ns period=10.000ns})
  Path Group:             sys_clk_pin
  Path Type:              Setup (Max at Slow Process Corner)
  Requirement:            10.000ns  (sys_clk_pin rise@10.000ns - sys_clk_pin rise@0.000ns)
  Data Path Delay:        7.455ns  (logic 2.978ns (39.944%)  route 4.477ns (60.056%))
  Logic Levels:           2  (LUT4=1 LUT5=1)
  Clock Path Skew:        -0.205ns (DCD - SCD + CPR)
    Destination Clock Delay (DCD):    4.906ns = ( 14.906 - 10.000 ) 
    Source Clock Delay      (SCD):    5.291ns
    Clock Pessimism Removal (CPR):    0.180ns
  Clock Uncertainty:      0.035ns  ((TSJ^2 + TIJ^2)^1/2 + DJ) / 2 + PE
    Total System Jitter     (TSJ):    0.071ns
    Total Input Jitter      (TIJ):    0.000ns
    Discrete Jitter          (DJ):    0.000ns
    Phase Error              (PE):    0.000ns

    Location             Delay type                Incr(ns)  Path(ns)    Netlist Resource(s)
  -------------------------------------------------------------------    -------------------
                         (clock sys_clk_pin rise edge)
                                                      0.000     0.000 r  
    E3                                                0.000     0.000 r  CLK100MHZ (IN)
                         net (fo=0)                   0.000     0.000    CLK100MHZ
    E3                   IBUF (Prop_ibuf_I_O)         1.482     1.482 r  CLK100MHZ_IBUF_inst/O
                         net (fo=1, routed)           2.025     3.506    CLK100MHZ_IBUF
    BUFGCTRL_X0Y16       BUFG (Prop_bufg_I_O)         0.096     3.602 r  CLK100MHZ_IBUF_BUFG_inst/O
                         net (fo=407, routed)         1.689     5.291    CLK100MHZ_IBUF_BUFG
    RAMB18_X0Y36         RAMB18E1                                     r  sel/CLKARDCLK
  -------------------------------------------------------------------    -------------------
    RAMB18_X0Y36         RAMB18E1 (Prop_ramb18e1_CLKARDCLK_DOADO[0])
                                                      2.454     7.745 r  sel/DOADO[0]
                         net (fo=1, routed)           1.017     8.762    vga_txt/DOADO[0]
    SLICE_X8Y92          LUT4 (Prop_lut4_I3_O)        0.150     8.912 r  vga_txt/o_g[3]_i_3/O
                         net (fo=3, routed)           0.699     9.611    vga_txt/o_g[3]_i_3_n_0
    SLICE_X8Y92          LUT5 (Prop_lut5_I2_O)        0.374     9.985 r  vga_txt/o_r[3]_i_1/O
                         net (fo=4, routed)           2.762    12.747    vga_txt/o_r[3]_i_1_n_0
    SLICE_X66Y128        FDRE                                         r  vga_txt/o_r_reg[3]_lopt_replica_3/D
  -------------------------------------------------------------------    -------------------

                         (clock sys_clk_pin rise edge)
                                                     10.000    10.000 r  
    E3                                                0.000    10.000 r  CLK100MHZ (IN)
                         net (fo=0)                   0.000    10.000    CLK100MHZ
    E3                   IBUF (Prop_ibuf_I_O)         1.411    11.411 r  CLK100MHZ_IBUF_inst/O
                         net (fo=1, routed)           1.920    13.331    CLK100MHZ_IBUF
    BUFGCTRL_X0Y16       BUFG (Prop_bufg_I_O)         0.091    13.422 r  CLK100MHZ_IBUF_BUFG_inst/O
                         net (fo=407, routed)         1.484    14.906    vga_txt/CLK100MHZ_IBUF_BUFG
    SLICE_X66Y128        FDRE                                         r  vga_txt/o_r_reg[3]_lopt_replica_3/C
                         clock pessimism              0.180    15.086    
                         clock uncertainty           -0.035    15.051    
    SLICE_X66Y128        FDRE (Setup_fdre_C_D)       -0.232    14.819    vga_txt/o_r_reg[3]_lopt_replica_3
  -------------------------------------------------------------------
                         required time                         14.819    
                         arrival time                         -12.747    
  -------------------------------------------------------------------
                         slack                                  2.072    

Slack (MET) :             2.075ns  (required time - arrival time)
  Source:                 sel/CLKARDCLK
                            (rising edge-triggered cell RAMB18E1 clocked by sys_clk_pin  {rise@0.000ns fall@5.000ns period=10.000ns})
  Destination:            vga_txt/o_r_reg[3]/D
                            (rising edge-triggered cell FDRE clocked by sys_clk_pin  {rise@0.000ns fall@5.000ns period=10.000ns})
  Path Group:             sys_clk_pin
  Path Type:              Setup (Max at Slow Process Corner)
  Requirement:            10.000ns  (sys_clk_pin rise@10.000ns - sys_clk_pin rise@0.000ns)
  Data Path Delay:        7.449ns  (logic 2.978ns (39.978%)  route 4.471ns (60.022%))
  Logic Levels:           2  (LUT4=1 LUT5=1)
  Clock Path Skew:        -0.205ns (DCD - SCD + CPR)
    Destination Clock Delay (DCD):    4.906ns = ( 14.906 - 10.000 ) 
    Source Clock Delay      (SCD):    5.291ns
    Clock Pessimism Removal (CPR):    0.180ns
  Clock Uncertainty:      0.035ns  ((TSJ^2 + TIJ^2)^1/2 + DJ) / 2 + PE
    Total System Jitter     (TSJ):    0.071ns
    Total Input Jitter      (TIJ):    0.000ns
    Discrete Jitter          (DJ):    0.000ns
    Phase Error              (PE):    0.000ns

    Location             Delay type                Incr(ns)  Path(ns)    Netlist Resource(s)
  -------------------------------------------------------------------    -------------------
                         (clock sys_clk_pin rise edge)
                                                      0.000     0.000 r  
    E3                                                0.000     0.000 r  CLK100MHZ (IN)
                         net (fo=0)                   0.000     0.000    CLK100MHZ
    E3                   IBUF (Prop_ibuf_I_O)         1.482     1.482 r  CLK100MHZ_IBUF_inst/O
                         net (fo=1, routed)           2.025     3.506    CLK100MHZ_IBUF
    BUFGCTRL_X0Y16       BUFG (Prop_bufg_I_O)         0.096     3.602 r  CLK100MHZ_IBUF_BUFG_inst/O
                         net (fo=407, routed)         1.689     5.291    CLK100MHZ_IBUF_BUFG
    RAMB18_X0Y36         RAMB18E1                                     r  sel/CLKARDCLK
  -------------------------------------------------------------------    -------------------
    RAMB18_X0Y36         RAMB18E1 (Prop_ramb18e1_CLKARDCLK_DOADO[0])
                                                      2.454     7.745 r  sel/DOADO[0]
                         net (fo=1, routed)           1.017     8.762    vga_txt/DOADO[0]
    SLICE_X8Y92          LUT4 (Prop_lut4_I3_O)        0.150     8.912 r  vga_txt/o_g[3]_i_3/O
                         net (fo=3, routed)           0.699     9.611    vga_txt/o_g[3]_i_3_n_0
    SLICE_X8Y92          LUT5 (Prop_lut5_I2_O)        0.374     9.985 r  vga_txt/o_r[3]_i_1/O
                         net (fo=4, routed)           2.755    12.740    vga_txt/o_r[3]_i_1_n_0
    SLICE_X66Y128        FDRE                                         r  vga_txt/o_r_reg[3]/D
  -------------------------------------------------------------------    -------------------

                         (clock sys_clk_pin rise edge)
                                                     10.000    10.000 r  
    E3                                                0.000    10.000 r  CLK100MHZ (IN)
                         net (fo=0)                   0.000    10.000    CLK100MHZ
    E3                   IBUF (Prop_ibuf_I_O)         1.411    11.411 r  CLK100MHZ_IBUF_inst/O
                         net (fo=1, routed)           1.920    13.331    CLK100MHZ_IBUF
    BUFGCTRL_X0Y16       BUFG (Prop_bufg_I_O)         0.091    13.422 r  CLK100MHZ_IBUF_BUFG_inst/O
                         net (fo=407, routed)         1.484    14.906    vga_txt/CLK100MHZ_IBUF_BUFG
    SLICE_X66Y128        FDRE                                         r  vga_txt/o_r_reg[3]/C
                         clock pessimism              0.180    15.086    
                         clock uncertainty           -0.035    15.051    
    SLICE_X66Y128        FDRE (Setup_fdre_C_D)       -0.235    14.816    vga_txt/o_r_reg[3]
  -------------------------------------------------------------------
                         required time                         14.816    
                         arrival time                         -12.740    
  -------------------------------------------------------------------
                         slack                                  2.075    

Slack (MET) :             2.092ns  (required time - arrival time)
  Source:                 sel/CLKARDCLK
                            (rising edge-triggered cell RAMB18E1 clocked by sys_clk_pin  {rise@0.000ns fall@5.000ns period=10.000ns})
  Destination:            vga_txt/o_r_reg[3]_lopt_replica_2/D
                            (rising edge-triggered cell FDRE clocked by sys_clk_pin  {rise@0.000ns fall@5.000ns period=10.000ns})
  Path Group:             sys_clk_pin
  Path Type:              Setup (Max at Slow Process Corner)
  Requirement:            10.000ns  (sys_clk_pin rise@10.000ns - sys_clk_pin rise@0.000ns)
  Data Path Delay:        7.435ns  (logic 2.978ns (40.052%)  route 4.457ns (59.948%))
  Logic Levels:           2  (LUT4=1 LUT5=1)
  Clock Path Skew:        -0.205ns (DCD - SCD + CPR)
    Destination Clock Delay (DCD):    4.906ns = ( 14.906 - 10.000 ) 
    Source Clock Delay      (SCD):    5.291ns
    Clock Pessimism Removal (CPR):    0.180ns
  Clock Uncertainty:      0.035ns  ((TSJ^2 + TIJ^2)^1/2 + DJ) / 2 + PE
    Total System Jitter     (TSJ):    0.071ns
    Total Input Jitter      (TIJ):    0.000ns
    Discrete Jitter          (DJ):    0.000ns
    Phase Error              (PE):    0.000ns

    Location             Delay type                Incr(ns)  Path(ns)    Netlist Resource(s)
  -------------------------------------------------------------------    -------------------
                         (clock sys_clk_pin rise edge)
                                                      0.000     0.000 r  
    E3                                                0.000     0.000 r  CLK100MHZ (IN)
                         net (fo=0)                   0.000     0.000    CLK100MHZ
    E3                   IBUF (Prop_ibuf_I_O)         1.482     1.482 r  CLK100MHZ_IBUF_inst/O
                         net (fo=1, routed)           2.025     3.506    CLK100MHZ_IBUF
    BUFGCTRL_X0Y16       BUFG (Prop_bufg_I_O)         0.096     3.602 r  CLK100MHZ_IBUF_BUFG_inst/O
                         net (fo=407, routed)         1.689     5.291    CLK100MHZ_IBUF_BUFG
    RAMB18_X0Y36         RAMB18E1                                     r  sel/CLKARDCLK
  -------------------------------------------------------------------    -------------------
    RAMB18_X0Y36         RAMB18E1 (Prop_ramb18e1_CLKARDCLK_DOADO[0])
                                                      2.454     7.745 r  sel/DOADO[0]
                         net (fo=1, routed)           1.017     8.762    vga_txt/DOADO[0]
    SLICE_X8Y92          LUT4 (Prop_lut4_I3_O)        0.150     8.912 r  vga_txt/o_g[3]_i_3/O
                         net (fo=3, routed)           0.699     9.611    vga_txt/o_g[3]_i_3_n_0
    SLICE_X8Y92          LUT5 (Prop_lut5_I2_O)        0.374     9.985 r  vga_txt/o_r[3]_i_1/O
                         net (fo=4, routed)           2.742    12.727    vga_txt/o_r[3]_i_1_n_0
    SLICE_X66Y128        FDRE                                         r  vga_txt/o_r_reg[3]_lopt_replica_2/D
  -------------------------------------------------------------------    -------------------

                         (clock sys_clk_pin rise edge)
                                                     10.000    10.000 r  
    E3                                                0.000    10.000 r  CLK100MHZ (IN)
                         net (fo=0)                   0.000    10.000    CLK100MHZ
    E3                   IBUF (Prop_ibuf_I_O)         1.411    11.411 r  CLK100MHZ_IBUF_inst/O
                         net (fo=1, routed)           1.920    13.331    CLK100MHZ_IBUF
    BUFGCTRL_X0Y16       BUFG (Prop_bufg_I_O)         0.091    13.422 r  CLK100MHZ_IBUF_BUFG_inst/O
                         net (fo=407, routed)         1.484    14.906    vga_txt/CLK100MHZ_IBUF_BUFG
    SLICE_X66Y128        FDRE                                         r  vga_txt/o_r_reg[3]_lopt_replica_2/C
                         clock pessimism              0.180    15.086    
                         clock uncertainty           -0.035    15.051    
    SLICE_X66Y128        FDRE (Setup_fdre_C_D)       -0.232    14.819    vga_txt/o_r_reg[3]_lopt_replica_2
  -------------------------------------------------------------------
                         required time                         14.819    
                         arrival time                         -12.727    
  -------------------------------------------------------------------
                         slack                                  2.092    

Slack (MET) :             2.314ns  (required time - arrival time)
  Source:                 sel/CLKARDCLK
                            (rising edge-triggered cell RAMB18E1 clocked by sys_clk_pin  {rise@0.000ns fall@5.000ns period=10.000ns})
  Destination:            vga_txt/o_g_reg[3]/D
                            (rising edge-triggered cell FDRE clocked by sys_clk_pin  {rise@0.000ns fall@5.000ns period=10.000ns})
  Path Group:             sys_clk_pin
  Path Type:              Setup (Max at Slow Process Corner)
  Requirement:            10.000ns  (sys_clk_pin rise@10.000ns - sys_clk_pin rise@0.000ns)
  Data Path Delay:        7.379ns  (logic 2.952ns (40.008%)  route 4.427ns (59.992%))
  Logic Levels:           2  (LUT4=1 LUT6=1)
  Clock Path Skew:        -0.205ns (DCD - SCD + CPR)
    Destination Clock Delay (DCD):    4.906ns = ( 14.906 - 10.000 ) 
    Source Clock Delay      (SCD):    5.291ns
    Clock Pessimism Removal (CPR):    0.180ns
  Clock Uncertainty:      0.035ns  ((TSJ^2 + TIJ^2)^1/2 + DJ) / 2 + PE
    Total System Jitter     (TSJ):    0.071ns
    Total Input Jitter      (TIJ):    0.000ns
    Discrete Jitter          (DJ):    0.000ns
    Phase Error              (PE):    0.000ns

    Location             Delay type                Incr(ns)  Path(ns)    Netlist Resource(s)
  -------------------------------------------------------------------    -------------------
                         (clock sys_clk_pin rise edge)
                                                      0.000     0.000 r  
    E3                                                0.000     0.000 r  CLK100MHZ (IN)
                         net (fo=0)                   0.000     0.000    CLK100MHZ
    E3                   IBUF (Prop_ibuf_I_O)         1.482     1.482 r  CLK100MHZ_IBUF_inst/O
                         net (fo=1, routed)           2.025     3.506    CLK100MHZ_IBUF
    BUFGCTRL_X0Y16       BUFG (Prop_bufg_I_O)         0.096     3.602 r  CLK100MHZ_IBUF_BUFG_inst/O
                         net (fo=407, routed)         1.689     5.291    CLK100MHZ_IBUF_BUFG
    RAMB18_X0Y36         RAMB18E1                                     r  sel/CLKARDCLK
  -------------------------------------------------------------------    -------------------
    RAMB18_X0Y36         RAMB18E1 (Prop_ramb18e1_CLKARDCLK_DOADO[0])
                                                      2.454     7.745 r  sel/DOADO[0]
                         net (fo=1, routed)           1.017     8.762    vga_txt/DOADO[0]
    SLICE_X8Y92          LUT4 (Prop_lut4_I3_O)        0.150     8.912 r  vga_txt/o_g[3]_i_3/O
                         net (fo=3, routed)           0.301     9.213    vga_txt/o_g[3]_i_3_n_0
    SLICE_X8Y92          LUT6 (Prop_lut6_I5_O)        0.348     9.561 r  vga_txt/o_g[3]_i_1/O
                         net (fo=4, routed)           3.109    12.670    vga_txt/o_g[3]_i_1_n_0
    SLICE_X67Y128        FDRE                                         r  vga_txt/o_g_reg[3]/D
  -------------------------------------------------------------------    -------------------

                         (clock sys_clk_pin rise edge)
                                                     10.000    10.000 r  
    E3                                                0.000    10.000 r  CLK100MHZ (IN)
                         net (fo=0)                   0.000    10.000    CLK100MHZ
    E3                   IBUF (Prop_ibuf_I_O)         1.411    11.411 r  CLK100MHZ_IBUF_inst/O
                         net (fo=1, routed)           1.920    13.331    CLK100MHZ_IBUF
    BUFGCTRL_X0Y16       BUFG (Prop_bufg_I_O)         0.091    13.422 r  CLK100MHZ_IBUF_BUFG_inst/O
                         net (fo=407, routed)         1.484    14.906    vga_txt/CLK100MHZ_IBUF_BUFG
    SLICE_X67Y128        FDRE                                         r  vga_txt/o_g_reg[3]/C
                         clock pessimism              0.180    15.086    
                         clock uncertainty           -0.035    15.051    
    SLICE_X67Y128        FDRE (Setup_fdre_C_D)       -0.067    14.984    vga_txt/o_g_reg[3]
  -------------------------------------------------------------------
                         required time                         14.984    
                         arrival time                         -12.670    
  -------------------------------------------------------------------
                         slack                                  2.314    

Slack (MET) :             2.489ns  (required time - arrival time)
  Source:                 sel/CLKARDCLK
                            (rising edge-triggered cell RAMB18E1 clocked by sys_clk_pin  {rise@0.000ns fall@5.000ns period=10.000ns})
  Destination:            vga_txt/o_g_reg[3]_lopt_replica/D
                            (rising edge-triggered cell FDRE clocked by sys_clk_pin  {rise@0.000ns fall@5.000ns period=10.000ns})
  Path Group:             sys_clk_pin
  Path Type:              Setup (Max at Slow Process Corner)
  Requirement:            10.000ns  (sys_clk_pin rise@10.000ns - sys_clk_pin rise@0.000ns)
  Data Path Delay:        7.189ns  (logic 2.952ns (41.061%)  route 4.237ns (58.939%))
  Logic Levels:           2  (LUT4=1 LUT6=1)
  Clock Path Skew:        -0.205ns (DCD - SCD + CPR)
    Destination Clock Delay (DCD):    4.906ns = ( 14.906 - 10.000 ) 
    Source Clock Delay      (SCD):    5.291ns
    Clock Pessimism Removal (CPR):    0.180ns
  Clock Uncertainty:      0.035ns  ((TSJ^2 + TIJ^2)^1/2 + DJ) / 2 + PE
    Total System Jitter     (TSJ):    0.071ns
    Total Input Jitter      (TIJ):    0.000ns
    Discrete Jitter          (DJ):    0.000ns
    Phase Error              (PE):    0.000ns

    Location             Delay type                Incr(ns)  Path(ns)    Netlist Resource(s)
  -------------------------------------------------------------------    -------------------
                         (clock sys_clk_pin rise edge)
                                                      0.000     0.000 r  
    E3                                                0.000     0.000 r  CLK100MHZ (IN)
                         net (fo=0)                   0.000     0.000    CLK100MHZ
    E3                   IBUF (Prop_ibuf_I_O)         1.482     1.482 r  CLK100MHZ_IBUF_inst/O
                         net (fo=1, routed)           2.025     3.506    CLK100MHZ_IBUF
    BUFGCTRL_X0Y16       BUFG (Prop_bufg_I_O)         0.096     3.602 r  CLK100MHZ_IBUF_BUFG_inst/O
                         net (fo=407, routed)         1.689     5.291    CLK100MHZ_IBUF_BUFG
    RAMB18_X0Y36         RAMB18E1                                     r  sel/CLKARDCLK
  -------------------------------------------------------------------    -------------------
    RAMB18_X0Y36         RAMB18E1 (Prop_ramb18e1_CLKARDCLK_DOADO[0])
                                                      2.454     7.745 r  sel/DOADO[0]
                         net (fo=1, routed)           1.017     8.762    vga_txt/DOADO[0]
    SLICE_X8Y92          LUT4 (Prop_lut4_I3_O)        0.150     8.912 r  vga_txt/o_g[3]_i_3/O
                         net (fo=3, routed)           0.301     9.213    vga_txt/o_g[3]_i_3_n_0
    SLICE_X8Y92          LUT6 (Prop_lut6_I5_O)        0.348     9.561 r  vga_txt/o_g[3]_i_1/O
                         net (fo=4, routed)           2.920    12.480    vga_txt/o_g[3]_i_1_n_0
    SLICE_X67Y128        FDRE                                         r  vga_txt/o_g_reg[3]_lopt_replica/D
  -------------------------------------------------------------------    -------------------

                         (clock sys_clk_pin rise edge)
                                                     10.000    10.000 r  
    E3                                                0.000    10.000 r  CLK100MHZ (IN)
                         net (fo=0)                   0.000    10.000    CLK100MHZ
    E3                   IBUF (Prop_ibuf_I_O)         1.411    11.411 r  CLK100MHZ_IBUF_inst/O
                         net (fo=1, routed)           1.920    13.331    CLK100MHZ_IBUF
    BUFGCTRL_X0Y16       BUFG (Prop_bufg_I_O)         0.091    13.422 r  CLK100MHZ_IBUF_BUFG_inst/O
                         net (fo=407, routed)         1.484    14.906    vga_txt/CLK100MHZ_IBUF_BUFG
    SLICE_X67Y128        FDRE                                         r  vga_txt/o_g_reg[3]_lopt_replica/C
                         clock pessimism              0.180    15.086    
                         clock uncertainty           -0.035    15.051    
    SLICE_X67Y128        FDRE (Setup_fdre_C_D)       -0.081    14.970    vga_txt/o_g_reg[3]_lopt_replica
  -------------------------------------------------------------------
                         required time                         14.970    
                         arrival time                         -12.480    
  -------------------------------------------------------------------
                         slack                                  2.489    

Slack (MET) :             2.523ns  (required time - arrival time)
  Source:                 sel/CLKARDCLK
                            (rising edge-triggered cell RAMB18E1 clocked by sys_clk_pin  {rise@0.000ns fall@5.000ns period=10.000ns})
  Destination:            vga_txt/o_g_reg[3]_lopt_replica_3/D
                            (rising edge-triggered cell FDRE clocked by sys_clk_pin  {rise@0.000ns fall@5.000ns period=10.000ns})
  Path Group:             sys_clk_pin
  Path Type:              Setup (Max at Slow Process Corner)
  Requirement:            10.000ns  (sys_clk_pin rise@10.000ns - sys_clk_pin rise@0.000ns)
  Data Path Delay:        7.178ns  (logic 2.952ns (41.126%)  route 4.226ns (58.874%))
  Logic Levels:           2  (LUT4=1 LUT6=1)
  Clock Path Skew:        -0.205ns (DCD - SCD + CPR)
    Destination Clock Delay (DCD):    4.906ns = ( 14.906 - 10.000 ) 
    Source Clock Delay      (SCD):    5.291ns
    Clock Pessimism Removal (CPR):    0.180ns
  Clock Uncertainty:      0.035ns  ((TSJ^2 + TIJ^2)^1/2 + DJ) / 2 + PE
    Total System Jitter     (TSJ):    0.071ns
    Total Input Jitter      (TIJ):    0.000ns
    Discrete Jitter          (DJ):    0.000ns
    Phase Error              (PE):    0.000ns

    Location             Delay type                Incr(ns)  Path(ns)    Netlist Resource(s)
  -------------------------------------------------------------------    -------------------
                         (clock sys_clk_pin rise edge)
                                                      0.000     0.000 r  
    E3                                                0.000     0.000 r  CLK100MHZ (IN)
                         net (fo=0)                   0.000     0.000    CLK100MHZ
    E3                   IBUF (Prop_ibuf_I_O)         1.482     1.482 r  CLK100MHZ_IBUF_inst/O
                         net (fo=1, routed)           2.025     3.506    CLK100MHZ_IBUF
    BUFGCTRL_X0Y16       BUFG (Prop_bufg_I_O)         0.096     3.602 r  CLK100MHZ_IBUF_BUFG_inst/O
                         net (fo=407, routed)         1.689     5.291    CLK100MHZ_IBUF_BUFG
    RAMB18_X0Y36         RAMB18E1                                     r  sel/CLKARDCLK
  -------------------------------------------------------------------    -------------------
    RAMB18_X0Y36         RAMB18E1 (Prop_ramb18e1_CLKARDCLK_DOADO[0])
                                                      2.454     7.745 r  sel/DOADO[0]
                         net (fo=1, routed)           1.017     8.762    vga_txt/DOADO[0]
    SLICE_X8Y92          LUT4 (Prop_lut4_I3_O)        0.150     8.912 r  vga_txt/o_g[3]_i_3/O
                         net (fo=3, routed)           0.301     9.213    vga_txt/o_g[3]_i_3_n_0
    SLICE_X8Y92          LUT6 (Prop_lut6_I5_O)        0.348     9.561 r  vga_txt/o_g[3]_i_1/O
                         net (fo=4, routed)           2.908    12.469    vga_txt/o_g[3]_i_1_n_0
    SLICE_X67Y128        FDRE                                         r  vga_txt/o_g_reg[3]_lopt_replica_3/D
  -------------------------------------------------------------------    -------------------

                         (clock sys_clk_pin rise edge)
                                                     10.000    10.000 r  
    E3                                                0.000    10.000 r  CLK100MHZ (IN)
                         net (fo=0)                   0.000    10.000    CLK100MHZ
    E3                   IBUF (Prop_ibuf_I_O)         1.411    11.411 r  CLK100MHZ_IBUF_inst/O
                         net (fo=1, routed)           1.920    13.331    CLK100MHZ_IBUF
    BUFGCTRL_X0Y16       BUFG (Prop_bufg_I_O)         0.091    13.422 r  CLK100MHZ_IBUF_BUFG_inst/O
                         net (fo=407, routed)         1.484    14.906    vga_txt/CLK100MHZ_IBUF_BUFG
    SLICE_X67Y128        FDRE                                         r  vga_txt/o_g_reg[3]_lopt_replica_3/C
                         clock pessimism              0.180    15.086    
                         clock uncertainty           -0.035    15.051    
    SLICE_X67Y128        FDRE (Setup_fdre_C_D)       -0.058    14.993    vga_txt/o_g_reg[3]_lopt_replica_3
  -------------------------------------------------------------------
                         required time                         14.993    
                         arrival time                         -12.469    
  -------------------------------------------------------------------
                         slack                                  2.523    

Slack (MET) :             2.710ns  (required time - arrival time)
  Source:                 sel/CLKARDCLK
                            (rising edge-triggered cell RAMB18E1 clocked by sys_clk_pin  {rise@0.000ns fall@5.000ns period=10.000ns})
  Destination:            vga_txt/o_g_reg[3]_lopt_replica_2/D
                            (rising edge-triggered cell FDRE clocked by sys_clk_pin  {rise@0.000ns fall@5.000ns period=10.000ns})
  Path Group:             sys_clk_pin
  Path Type:              Setup (Max at Slow Process Corner)
  Requirement:            10.000ns  (sys_clk_pin rise@10.000ns - sys_clk_pin rise@0.000ns)
  Data Path Delay:        6.989ns  (logic 2.952ns (42.239%)  route 4.037ns (57.761%))
  Logic Levels:           2  (LUT4=1 LUT6=1)
  Clock Path Skew:        -0.205ns (DCD - SCD + CPR)
    Destination Clock Delay (DCD):    4.906ns = ( 14.906 - 10.000 ) 
    Source Clock Delay      (SCD):    5.291ns
    Clock Pessimism Removal (CPR):    0.180ns
  Clock Uncertainty:      0.035ns  ((TSJ^2 + TIJ^2)^1/2 + DJ) / 2 + PE
    Total System Jitter     (TSJ):    0.071ns
    Total Input Jitter      (TIJ):    0.000ns
    Discrete Jitter          (DJ):    0.000ns
    Phase Error              (PE):    0.000ns

    Location             Delay type                Incr(ns)  Path(ns)    Netlist Resource(s)
  -------------------------------------------------------------------    -------------------
                         (clock sys_clk_pin rise edge)
                                                      0.000     0.000 r  
    E3                                                0.000     0.000 r  CLK100MHZ (IN)
                         net (fo=0)                   0.000     0.000    CLK100MHZ
    E3                   IBUF (Prop_ibuf_I_O)         1.482     1.482 r  CLK100MHZ_IBUF_inst/O
                         net (fo=1, routed)           2.025     3.506    CLK100MHZ_IBUF
    BUFGCTRL_X0Y16       BUFG (Prop_bufg_I_O)         0.096     3.602 r  CLK100MHZ_IBUF_BUFG_inst/O
                         net (fo=407, routed)         1.689     5.291    CLK100MHZ_IBUF_BUFG
    RAMB18_X0Y36         RAMB18E1                                     r  sel/CLKARDCLK
  -------------------------------------------------------------------    -------------------
    RAMB18_X0Y36         RAMB18E1 (Prop_ramb18e1_CLKARDCLK_DOADO[0])
                                                      2.454     7.745 r  sel/DOADO[0]
                         net (fo=1, routed)           1.017     8.762    vga_txt/DOADO[0]
    SLICE_X8Y92          LUT4 (Prop_lut4_I3_O)        0.150     8.912 r  vga_txt/o_g[3]_i_3/O
                         net (fo=3, routed)           0.301     9.213    vga_txt/o_g[3]_i_3_n_0
    SLICE_X8Y92          LUT6 (Prop_lut6_I5_O)        0.348     9.561 r  vga_txt/o_g[3]_i_1/O
                         net (fo=4, routed)           2.719    12.280    vga_txt/o_g[3]_i_1_n_0
    SLICE_X67Y128        FDRE                                         r  vga_txt/o_g_reg[3]_lopt_replica_2/D
  -------------------------------------------------------------------    -------------------

                         (clock sys_clk_pin rise edge)
                                                     10.000    10.000 r  
    E3                                                0.000    10.000 r  CLK100MHZ (IN)
                         net (fo=0)                   0.000    10.000    CLK100MHZ
    E3                   IBUF (Prop_ibuf_I_O)         1.411    11.411 r  CLK100MHZ_IBUF_inst/O
                         net (fo=1, routed)           1.920    13.331    CLK100MHZ_IBUF
    BUFGCTRL_X0Y16       BUFG (Prop_bufg_I_O)         0.091    13.422 r  CLK100MHZ_IBUF_BUFG_inst/O
                         net (fo=407, routed)         1.484    14.906    vga_txt/CLK100MHZ_IBUF_BUFG
    SLICE_X67Y128        FDRE                                         r  vga_txt/o_g_reg[3]_lopt_replica_2/C
                         clock pessimism              0.180    15.086    
                         clock uncertainty           -0.035    15.051    
    SLICE_X67Y128        FDRE (Setup_fdre_C_D)       -0.061    14.990    vga_txt/o_g_reg[3]_lopt_replica_2
  -------------------------------------------------------------------
                         required time                         14.990    
                         arrival time                         -12.280    
  -------------------------------------------------------------------
                         slack                                  2.710    

Slack (MET) :             3.238ns  (required time - arrival time)
  Source:                 sel/CLKARDCLK
                            (rising edge-triggered cell RAMB18E1 clocked by sys_clk_pin  {rise@0.000ns fall@5.000ns period=10.000ns})
  Destination:            vga_txt/o_r_reg[0]_lopt_replica/D
                            (rising edge-triggered cell FDRE clocked by sys_clk_pin  {rise@0.000ns fall@5.000ns period=10.000ns})
  Path Group:             sys_clk_pin
  Path Type:              Setup (Max at Slow Process Corner)
  Requirement:            10.000ns  (sys_clk_pin rise@10.000ns - sys_clk_pin rise@0.000ns)
  Data Path Delay:        6.453ns  (logic 2.952ns (45.744%)  route 3.501ns (54.256%))
  Logic Levels:           2  (LUT4=1 LUT5=1)
  Clock Path Skew:        -0.192ns (DCD - SCD + CPR)
    Destination Clock Delay (DCD):    4.919ns = ( 14.919 - 10.000 ) 
    Source Clock Delay      (SCD):    5.291ns
    Clock Pessimism Removal (CPR):    0.180ns
  Clock Uncertainty:      0.035ns  ((TSJ^2 + TIJ^2)^1/2 + DJ) / 2 + PE
    Total System Jitter     (TSJ):    0.071ns
    Total Input Jitter      (TIJ):    0.000ns
    Discrete Jitter          (DJ):    0.000ns
    Phase Error              (PE):    0.000ns

    Location             Delay type                Incr(ns)  Path(ns)    Netlist Resource(s)
  -------------------------------------------------------------------    -------------------
                         (clock sys_clk_pin rise edge)
                                                      0.000     0.000 r  
    E3                                                0.000     0.000 r  CLK100MHZ (IN)
                         net (fo=0)                   0.000     0.000    CLK100MHZ
    E3                   IBUF (Prop_ibuf_I_O)         1.482     1.482 r  CLK100MHZ_IBUF_inst/O
                         net (fo=1, routed)           2.025     3.506    CLK100MHZ_IBUF
    BUFGCTRL_X0Y16       BUFG (Prop_bufg_I_O)         0.096     3.602 r  CLK100MHZ_IBUF_BUFG_inst/O
                         net (fo=407, routed)         1.689     5.291    CLK100MHZ_IBUF_BUFG
    RAMB18_X0Y36         RAMB18E1                                     r  sel/CLKARDCLK
  -------------------------------------------------------------------    -------------------
    RAMB18_X0Y36         RAMB18E1 (Prop_ramb18e1_CLKARDCLK_DOADO[0])
                                                      2.454     7.745 f  sel/DOADO[0]
                         net (fo=1, routed)           1.017     8.762    vga_txt/DOADO[0]
    SLICE_X8Y92          LUT4 (Prop_lut4_I3_O)        0.150     8.912 f  vga_txt/o_g[3]_i_3/O
                         net (fo=3, routed)           0.699     9.611    vga_txt/o_g[3]_i_3_n_0
    SLICE_X8Y92          LUT5 (Prop_lut5_I1_O)        0.348     9.959 r  vga_txt/o_r[0]_i_1/O
                         net (fo=2, routed)           1.786    11.744    vga_txt/o_r[0]_i_1_n_0
    SLICE_X40Y114        FDRE                                         r  vga_txt/o_r_reg[0]_lopt_replica/D
  -------------------------------------------------------------------    -------------------

                         (clock sys_clk_pin rise edge)
                                                     10.000    10.000 r  
    E3                                                0.000    10.000 r  CLK100MHZ (IN)
                         net (fo=0)                   0.000    10.000    CLK100MHZ
    E3                   IBUF (Prop_ibuf_I_O)         1.411    11.411 r  CLK100MHZ_IBUF_inst/O
                         net (fo=1, routed)           1.920    13.331    CLK100MHZ_IBUF
    BUFGCTRL_X0Y16       BUFG (Prop_bufg_I_O)         0.091    13.422 r  CLK100MHZ_IBUF_BUFG_inst/O
                         net (fo=407, routed)         1.497    14.919    vga_txt/CLK100MHZ_IBUF_BUFG
    SLICE_X40Y114        FDRE                                         r  vga_txt/o_r_reg[0]_lopt_replica/C
                         clock pessimism              0.180    15.099    
                         clock uncertainty           -0.035    15.064    
    SLICE_X40Y114        FDRE (Setup_fdre_C_D)       -0.081    14.983    vga_txt/o_r_reg[0]_lopt_replica
  -------------------------------------------------------------------
                         required time                         14.983    
                         arrival time                         -11.744    
  -------------------------------------------------------------------
                         slack                                  3.238    

Slack (MET) :             3.436ns  (required time - arrival time)
  Source:                 sel/CLKARDCLK
                            (rising edge-triggered cell RAMB18E1 clocked by sys_clk_pin  {rise@0.000ns fall@5.000ns period=10.000ns})
  Destination:            vga_txt/o_r_reg[0]/D
                            (rising edge-triggered cell FDRE clocked by sys_clk_pin  {rise@0.000ns fall@5.000ns period=10.000ns})
  Path Group:             sys_clk_pin
  Path Type:              Setup (Max at Slow Process Corner)
  Requirement:            10.000ns  (sys_clk_pin rise@10.000ns - sys_clk_pin rise@0.000ns)
  Data Path Delay:        6.270ns  (logic 2.952ns (47.082%)  route 3.318ns (52.918%))
  Logic Levels:           2  (LUT4=1 LUT5=1)
  Clock Path Skew:        -0.192ns (DCD - SCD + CPR)
    Destination Clock Delay (DCD):    4.919ns = ( 14.919 - 10.000 ) 
    Source Clock Delay      (SCD):    5.291ns
    Clock Pessimism Removal (CPR):    0.180ns
  Clock Uncertainty:      0.035ns  ((TSJ^2 + TIJ^2)^1/2 + DJ) / 2 + PE
    Total System Jitter     (TSJ):    0.071ns
    Total Input Jitter      (TIJ):    0.000ns
    Discrete Jitter          (DJ):    0.000ns
    Phase Error              (PE):    0.000ns

    Location             Delay type                Incr(ns)  Path(ns)    Netlist Resource(s)
  -------------------------------------------------------------------    -------------------
                         (clock sys_clk_pin rise edge)
                                                      0.000     0.000 r  
    E3                                                0.000     0.000 r  CLK100MHZ (IN)
                         net (fo=0)                   0.000     0.000    CLK100MHZ
    E3                   IBUF (Prop_ibuf_I_O)         1.482     1.482 r  CLK100MHZ_IBUF_inst/O
                         net (fo=1, routed)           2.025     3.506    CLK100MHZ_IBUF
    BUFGCTRL_X0Y16       BUFG (Prop_bufg_I_O)         0.096     3.602 r  CLK100MHZ_IBUF_BUFG_inst/O
                         net (fo=407, routed)         1.689     5.291    CLK100MHZ_IBUF_BUFG
    RAMB18_X0Y36         RAMB18E1                                     r  sel/CLKARDCLK
  -------------------------------------------------------------------    -------------------
    RAMB18_X0Y36         RAMB18E1 (Prop_ramb18e1_CLKARDCLK_DOADO[0])
                                                      2.454     7.745 f  sel/DOADO[0]
                         net (fo=1, routed)           1.017     8.762    vga_txt/DOADO[0]
    SLICE_X8Y92          LUT4 (Prop_lut4_I3_O)        0.150     8.912 f  vga_txt/o_g[3]_i_3/O
                         net (fo=3, routed)           0.699     9.611    vga_txt/o_g[3]_i_3_n_0
    SLICE_X8Y92          LUT5 (Prop_lut5_I1_O)        0.348     9.959 r  vga_txt/o_r[0]_i_1/O
                         net (fo=2, routed)           1.602    11.561    vga_txt/o_r[0]_i_1_n_0
    SLICE_X40Y114        FDRE                                         r  vga_txt/o_r_reg[0]/D
  -------------------------------------------------------------------    -------------------

                         (clock sys_clk_pin rise edge)
                                                     10.000    10.000 r  
    E3                                                0.000    10.000 r  CLK100MHZ (IN)
                         net (fo=0)                   0.000    10.000    CLK100MHZ
    E3                   IBUF (Prop_ibuf_I_O)         1.411    11.411 r  CLK100MHZ_IBUF_inst/O
                         net (fo=1, routed)           1.920    13.331    CLK100MHZ_IBUF
    BUFGCTRL_X0Y16       BUFG (Prop_bufg_I_O)         0.091    13.422 r  CLK100MHZ_IBUF_BUFG_inst/O
                         net (fo=407, routed)         1.497    14.919    vga_txt/CLK100MHZ_IBUF_BUFG
    SLICE_X40Y114        FDRE                                         r  vga_txt/o_r_reg[0]/C
                         clock pessimism              0.180    15.099    
                         clock uncertainty           -0.035    15.064    
    SLICE_X40Y114        FDRE (Setup_fdre_C_D)       -0.067    14.997    vga_txt/o_r_reg[0]
  -------------------------------------------------------------------
                         required time                         14.997    
                         arrival time                         -11.561    
  -------------------------------------------------------------------
                         slack                                  3.436    





Min Delay Paths
--------------------------------------------------------------------------------------
Slack (MET) :             0.065ns  (arrival time - required time)
  Source:                 sw_s0_reg/C
                            (rising edge-triggered cell FDRE clocked by sys_clk_pin  {rise@0.000ns fall@5.000ns period=10.000ns})
  Destination:            src_ext_reg/D
                            (rising edge-triggered cell FDRE clocked by sys_clk_pin  {rise@0.000ns fall@5.000ns period=10.000ns})
  Path Group:             sys_clk_pin
  Path Type:              Hold (Min at Fast Process Corner)
  Requirement:            0.000ns  (sys_clk_pin rise@0.000ns - sys_clk_pin rise@0.000ns)
  Data Path Delay:        0.415ns  (logic 0.164ns (39.551%)  route 0.251ns (60.449%))
  Logic Levels:           0  
  Clock Path Skew:        0.278ns (DCD - SCD - CPR)
    Destination Clock Delay (DCD):    2.042ns
    Source Clock Delay      (SCD):    1.518ns
    Clock Pessimism Removal (CPR):    0.245ns

    Location             Delay type                Incr(ns)  Path(ns)    Netlist Resource(s)
  -------------------------------------------------------------------    -------------------
                         (clock sys_clk_pin rise edge)
                                                      0.000     0.000 r  
    E3                                                0.000     0.000 r  CLK100MHZ (IN)
                         net (fo=0)                   0.000     0.000    CLK100MHZ
    E3                   IBUF (Prop_ibuf_I_O)         0.250     0.250 r  CLK100MHZ_IBUF_inst/O
                         net (fo=1, routed)           0.644     0.894    CLK100MHZ_IBUF
    BUFGCTRL_X0Y16       BUFG (Prop_bufg_I_O)         0.026     0.920 r  CLK100MHZ_IBUF_BUFG_inst/O
                         net (fo=407, routed)         0.599     1.518    CLK100MHZ_IBUF_BUFG
    SLICE_X2Y101         FDRE                                         r  sw_s0_reg/C
  -------------------------------------------------------------------    -------------------
    SLICE_X2Y101         FDRE (Prop_fdre_C_Q)         0.164     1.682 r  sw_s0_reg/Q
                         net (fo=2, routed)           0.251     1.933    sw_s0
    SLICE_X3Y95          FDRE                                         r  src_ext_reg/D
  -------------------------------------------------------------------    -------------------

                         (clock sys_clk_pin rise edge)
                                                      0.000     0.000 r  
    E3                                                0.000     0.000 r  CLK100MHZ (IN)
                         net (fo=0)                   0.000     0.000    CLK100MHZ
    E3                   IBUF (Prop_ibuf_I_O)         0.438     0.438 r  CLK100MHZ_IBUF_inst/O
                         net (fo=1, routed)           0.699     1.136    CLK100MHZ_IBUF
    BUFGCTRL_X0Y16       BUFG (Prop_bufg_I_O)         0.029     1.165 r  CLK100MHZ_IBUF_BUFG_inst/O
                         net (fo=407, routed)         0.877     2.042    CLK100MHZ_IBUF_BUFG
    SLICE_X3Y95          FDRE                                         r  src_ext_reg/C
                         clock pessimism             -0.245     1.796    
    SLICE_X3Y95          FDRE (Hold_fdre_C_D)         0.072     1.868    src_ext_reg
  -------------------------------------------------------------------
                         required time                         -1.868    
                         arrival time                           1.933    
  -------------------------------------------------------------------
                         slack                                  0.065    

Slack (MET) :             0.094ns  (arrival time - required time)
  Source:                 vga_t/v_r_reg[4]/C
                            (rising edge-triggered cell FDRE clocked by sys_clk_pin  {rise@0.000ns fall@5.000ns period=10.000ns})
  Destination:            sel/ADDRARDADDR[6]
                            (rising edge-triggered cell RAMB18E1 clocked by sys_clk_pin  {rise@0.000ns fall@5.000ns period=10.000ns})
  Path Group:             sys_clk_pin
  Path Type:              Hold (Min at Fast Process Corner)
  Requirement:            0.000ns  (sys_clk_pin rise@0.000ns - sys_clk_pin rise@0.000ns)
  Data Path Delay:        0.335ns  (logic 0.141ns (42.070%)  route 0.194ns (57.930%))
  Logic Levels:           0  
  Clock Path Skew:        0.058ns (DCD - SCD - CPR)
    Destination Clock Delay (DCD):    2.053ns
    Source Clock Delay      (SCD):    1.494ns
    Clock Pessimism Removal (CPR):    0.500ns

    Location             Delay type                Incr(ns)  Path(ns)    Netlist Resource(s)
  -------------------------------------------------------------------    -------------------
                         (clock sys_clk_pin rise edge)
                                                      0.000     0.000 r  
    E3                                                0.000     0.000 r  CLK100MHZ (IN)
                         net (fo=0)                   0.000     0.000    CLK100MHZ
    E3                   IBUF (Prop_ibuf_I_O)         0.250     0.250 r  CLK100MHZ_IBUF_inst/O
                         net (fo=1, routed)           0.644     0.894    CLK100MHZ_IBUF
    BUFGCTRL_X0Y16       BUFG (Prop_bufg_I_O)         0.026     0.920 r  CLK100MHZ_IBUF_BUFG_inst/O
                         net (fo=407, routed)         0.575     1.494    vga_t/CLK100MHZ_IBUF_BUFG
    SLICE_X9Y93          FDRE                                         r  vga_t/v_r_reg[4]/C
  -------------------------------------------------------------------    -------------------
    SLICE_X9Y93          FDRE (Prop_fdre_C_Q)         0.141     1.635 r  vga_t/v_r_reg[4]/Q
                         net (fo=8, routed)           0.194     1.829    v[4]
    RAMB18_X0Y36         RAMB18E1                                     r  sel/ADDRARDADDR[6]
  -------------------------------------------------------------------    -------------------

                         (clock sys_clk_pin rise edge)
                                                      0.000     0.000 r  
    E3                                                0.000     0.000 r  CLK100MHZ (IN)
                         net (fo=0)                   0.000     0.000    CLK100MHZ
    E3                   IBUF (Prop_ibuf_I_O)         0.438     0.438 r  CLK100MHZ_IBUF_inst/O
                         net (fo=1, routed)           0.699     1.136    CLK100MHZ_IBUF
    BUFGCTRL_X0Y16       BUFG (Prop_bufg_I_O)         0.029     1.165 r  CLK100MHZ_IBUF_BUFG_inst/O
                         net (fo=407, routed)         0.888     2.053    CLK100MHZ_IBUF_BUFG
    RAMB18_X0Y36         RAMB18E1                                     r  sel/CLKARDCLK
                         clock pessimism             -0.500     1.553    
    RAMB18_X0Y36         RAMB18E1 (Hold_ramb18e1_CLKARDCLK_ADDRARDADDR[6])
                                                      0.183     1.736    sel
  -------------------------------------------------------------------
                         required time                         -1.736    
                         arrival time                           1.829    
  -------------------------------------------------------------------
                         slack                                  0.094    

Slack (MET) :             0.098ns  (arrival time - required time)
  Source:                 freq_b2b/bin_r_reg[26]/C
                            (rising edge-triggered cell FDRE clocked by sys_clk_pin  {rise@0.000ns fall@5.000ns period=10.000ns})
  Destination:            freq_b2b/bcd_r_reg[0]/D
                            (rising edge-triggered cell FDRE clocked by sys_clk_pin  {rise@0.000ns fall@5.000ns period=10.000ns})
  Path Group:             sys_clk_pin
  Path Type:              Hold (Min at Fast Process Corner)
  Requirement:            0.000ns  (sys_clk_pin rise@0.000ns - sys_clk_pin rise@0.000ns)
  Data Path Delay:        0.393ns  (logic 0.148ns (37.613%)  route 0.245ns (62.387%))
  Logic Levels:           0  
  Clock Path Skew:        0.279ns (DCD - SCD - CPR)
    Destination Clock Delay (DCD):    2.043ns
    Source Clock Delay      (SCD):    1.518ns
    Clock Pessimism Removal (CPR):    0.245ns

    Location             Delay type                Incr(ns)  Path(ns)    Netlist Resource(s)
  -------------------------------------------------------------------    -------------------
                         (clock sys_clk_pin rise edge)
                                                      0.000     0.000 r  
    E3                                                0.000     0.000 r  CLK100MHZ (IN)
                         net (fo=0)                   0.000     0.000    CLK100MHZ
    E3                   IBUF (Prop_ibuf_I_O)         0.250     0.250 r  CLK100MHZ_IBUF_inst/O
                         net (fo=1, routed)           0.644     0.894    CLK100MHZ_IBUF
    BUFGCTRL_X0Y16       BUFG (Prop_bufg_I_O)         0.026     0.920 r  CLK100MHZ_IBUF_BUFG_inst/O
                         net (fo=407, routed)         0.599     1.518    freq_b2b/CLK100MHZ_IBUF_BUFG
    SLICE_X2Y100         FDRE                                         r  freq_b2b/bin_r_reg[26]/C
  -------------------------------------------------------------------    -------------------
    SLICE_X2Y100         FDRE (Prop_fdre_C_Q)         0.148     1.666 r  freq_b2b/bin_r_reg[26]/Q
                         net (fo=2, routed)           0.245     1.912    freq_b2b/bcd_next[0]
    SLICE_X3Y97          FDRE                                         r  freq_b2b/bcd_r_reg[0]/D
  -------------------------------------------------------------------    -------------------

                         (clock sys_clk_pin rise edge)
                                                      0.000     0.000 r  
    E3                                                0.000     0.000 r  CLK100MHZ (IN)
                         net (fo=0)                   0.000     0.000    CLK100MHZ
    E3                   IBUF (Prop_ibuf_I_O)         0.438     0.438 r  CLK100MHZ_IBUF_inst/O
                         net (fo=1, routed)           0.699     1.136    CLK100MHZ_IBUF
    BUFGCTRL_X0Y16       BUFG (Prop_bufg_I_O)         0.029     1.165 r  CLK100MHZ_IBUF_BUFG_inst/O
                         net (fo=407, routed)         0.878     2.043    freq_b2b/CLK100MHZ_IBUF_BUFG
    SLICE_X3Y97          FDRE                                         r  freq_b2b/bcd_r_reg[0]/C
                         clock pessimism             -0.245     1.797    
    SLICE_X3Y97          FDRE (Hold_fdre_C_D)         0.017     1.814    freq_b2b/bcd_r_reg[0]
  -------------------------------------------------------------------
                         required time                         -1.814    
                         arrival time                           1.912    
  -------------------------------------------------------------------
                         slack                                  0.098    

Slack (MET) :             0.101ns  (arrival time - required time)
  Source:                 fps_cnt/gate_cnt_reg[10]/C
                            (rising edge-triggered cell FDRE clocked by sys_clk_pin  {rise@0.000ns fall@5.000ns period=10.000ns})
  Destination:            fps_cnt/gate_cnt_reg[12]/D
                            (rising edge-triggered cell FDRE clocked by sys_clk_pin  {rise@0.000ns fall@5.000ns period=10.000ns})
  Path Group:             sys_clk_pin
  Path Type:              Hold (Min at Fast Process Corner)
  Requirement:            0.000ns  (sys_clk_pin rise@0.000ns - sys_clk_pin rise@0.000ns)
  Data Path Delay:        0.500ns  (logic 0.373ns (74.667%)  route 0.127ns (25.333%))
  Logic Levels:           2  (CARRY4=2)
  Clock Path Skew:        0.265ns (DCD - SCD - CPR)
    Destination Clock Delay (DCD):    2.006ns
    Source Clock Delay      (SCD):    1.495ns
    Clock Pessimism Removal (CPR):    0.245ns

    Location             Delay type                Incr(ns)  Path(ns)    Netlist Resource(s)
  -------------------------------------------------------------------    -------------------
                         (clock sys_clk_pin rise edge)
                                                      0.000     0.000 r  
    E3                                                0.000     0.000 r  CLK100MHZ (IN)
                         net (fo=0)                   0.000     0.000    CLK100MHZ
    E3                   IBUF (Prop_ibuf_I_O)         0.250     0.250 r  CLK100MHZ_IBUF_inst/O
                         net (fo=1, routed)           0.644     0.894    CLK100MHZ_IBUF
    BUFGCTRL_X0Y16       BUFG (Prop_bufg_I_O)         0.026     0.920 r  CLK100MHZ_IBUF_BUFG_inst/O
                         net (fo=407, routed)         0.576     1.495    fps_cnt/CLK100MHZ_IBUF_BUFG
    SLICE_X10Y99         FDRE                                         r  fps_cnt/gate_cnt_reg[10]/C
  -------------------------------------------------------------------    -------------------
    SLICE_X10Y99         FDRE (Prop_fdre_C_Q)         0.164     1.659 r  fps_cnt/gate_cnt_reg[10]/Q
                         net (fo=2, routed)           0.126     1.785    fps_cnt/gate_cnt_reg[10]
    SLICE_X10Y99         CARRY4 (Prop_carry4_S[2]_CO[3])
                                                      0.156     1.941 r  fps_cnt/gate_cnt_reg[8]_i_1__0/CO[3]
                         net (fo=1, routed)           0.001     1.942    fps_cnt/gate_cnt_reg[8]_i_1__0_n_0
    SLICE_X10Y100        CARRY4 (Prop_carry4_CI_O[0])
                                                      0.053     1.995 r  fps_cnt/gate_cnt_reg[12]_i_1__0/O[0]
                         net (fo=1, routed)           0.000     1.995    fps_cnt/gate_cnt_reg[12]_i_1__0_n_7
    SLICE_X10Y100        FDRE                                         r  fps_cnt/gate_cnt_reg[12]/D
  -------------------------------------------------------------------    -------------------

                         (clock sys_clk_pin rise edge)
                                                      0.000     0.000 r  
    E3                                                0.000     0.000 r  CLK100MHZ (IN)
                         net (fo=0)                   0.000     0.000    CLK100MHZ
    E3                   IBUF (Prop_ibuf_I_O)         0.438     0.438 r  CLK100MHZ_IBUF_inst/O
                         net (fo=1, routed)           0.699     1.136    CLK100MHZ_IBUF
    BUFGCTRL_X0Y16       BUFG (Prop_bufg_I_O)         0.029     1.165 r  CLK100MHZ_IBUF_BUFG_inst/O
                         net (fo=407, routed)         0.841     2.006    fps_cnt/CLK100MHZ_IBUF_BUFG
    SLICE_X10Y100        FDRE                                         r  fps_cnt/gate_cnt_reg[12]/C
                         clock pessimism             -0.245     1.760    
    SLICE_X10Y100        FDRE (Hold_fdre_C_D)         0.134     1.894    fps_cnt/gate_cnt_reg[12]
  -------------------------------------------------------------------
                         required time                         -1.894    
                         arrival time                           1.995    
  -------------------------------------------------------------------
                         slack                                  0.101    

Slack (MET) :             0.103ns  (arrival time - required time)
  Source:                 freq_cnt/ev_cnt_reg[19]/C
                            (rising edge-triggered cell FDRE clocked by sys_clk_pin  {rise@0.000ns fall@5.000ns period=10.000ns})
  Destination:            freq_cnt/ev_cnt_reg[20]/D
                            (rising edge-triggered cell FDRE clocked by sys_clk_pin  {rise@0.000ns fall@5.000ns period=10.000ns})
  Path Group:             sys_clk_pin
  Path Type:              Hold (Min at Fast Process Corner)
  Requirement:            0.000ns  (sys_clk_pin rise@0.000ns - sys_clk_pin rise@0.000ns)
  Data Path Delay:        0.475ns  (logic 0.355ns (74.774%)  route 0.120ns (25.226%))
  Logic Levels:           2  (CARRY4=2)
  Clock Path Skew:        0.267ns (DCD - SCD - CPR)
    Destination Clock Delay (DCD):    2.037ns
    Source Clock Delay      (SCD):    1.524ns
    Clock Pessimism Removal (CPR):    0.245ns

    Location             Delay type                Incr(ns)  Path(ns)    Netlist Resource(s)
  -------------------------------------------------------------------    -------------------
                         (clock sys_clk_pin rise edge)
                                                      0.000     0.000 r  
    E3                                                0.000     0.000 r  CLK100MHZ (IN)
                         net (fo=0)                   0.000     0.000    CLK100MHZ
    E3                   IBUF (Prop_ibuf_I_O)         0.250     0.250 r  CLK100MHZ_IBUF_inst/O
                         net (fo=1, routed)           0.644     0.894    CLK100MHZ_IBUF
    BUFGCTRL_X0Y16       BUFG (Prop_bufg_I_O)         0.026     0.920 r  CLK100MHZ_IBUF_BUFG_inst/O
                         net (fo=407, routed)         0.605     1.524    freq_cnt/CLK100MHZ_IBUF_BUFG
    SLICE_X1Y99          FDRE                                         r  freq_cnt/ev_cnt_reg[19]/C
  -------------------------------------------------------------------    -------------------
    SLICE_X1Y99          FDRE (Prop_fdre_C_Q)         0.141     1.665 r  freq_cnt/ev_cnt_reg[19]/Q
                         net (fo=2, routed)           0.119     1.784    freq_cnt/ev_cnt_reg[19]
    SLICE_X1Y99          CARRY4 (Prop_carry4_S[3]_CO[3])
                                                      0.160     1.944 r  freq_cnt/ev_cnt_reg[16]_i_1/CO[3]
                         net (fo=1, routed)           0.001     1.945    freq_cnt/ev_cnt_reg[16]_i_1_n_0
    SLICE_X1Y100         CARRY4 (Prop_carry4_CI_O[0])
                                                      0.054     1.999 r  freq_cnt/ev_cnt_reg[20]_i_1/O[0]
                         net (fo=1, routed)           0.000     1.999    freq_cnt/ev_cnt_reg[20]_i_1_n_7
    SLICE_X1Y100         FDRE                                         r  freq_cnt/ev_cnt_reg[20]/D
  -------------------------------------------------------------------    -------------------

                         (clock sys_clk_pin rise edge)
                                                      0.000     0.000 r  
    E3                                                0.000     0.000 r  CLK100MHZ (IN)
                         net (fo=0)                   0.000     0.000    CLK100MHZ
    E3                   IBUF (Prop_ibuf_I_O)         0.438     0.438 r  CLK100MHZ_IBUF_inst/O
                         net (fo=1, routed)           0.699     1.136    CLK100MHZ_IBUF
    BUFGCTRL_X0Y16       BUFG (Prop_bufg_I_O)         0.029     1.165 r  CLK100MHZ_IBUF_BUFG_inst/O
                         net (fo=407, routed)         0.872     2.037    freq_cnt/CLK100MHZ_IBUF_BUFG
    SLICE_X1Y100         FDRE                                         r  freq_cnt/ev_cnt_reg[20]/C
                         clock pessimism             -0.245     1.791    
    SLICE_X1Y100         FDRE (Hold_fdre_C_D)         0.105     1.896    freq_cnt/ev_cnt_reg[20]
  -------------------------------------------------------------------
                         required time                         -1.896    
                         arrival time                           1.999    
  -------------------------------------------------------------------
                         slack                                  0.103    

Slack (MET) :             0.109ns  (arrival time - required time)
  Source:                 freq_b2b/bin_r_reg[26]/C
                            (rising edge-triggered cell FDRE clocked by sys_clk_pin  {rise@0.000ns fall@5.000ns period=10.000ns})
  Destination:            freq_b2b/o_bcd_reg[0]/D
                            (rising edge-triggered cell FDRE clocked by sys_clk_pin  {rise@0.000ns fall@5.000ns period=10.000ns})
  Path Group:             sys_clk_pin
  Path Type:              Hold (Min at Fast Process Corner)
  Requirement:            0.000ns  (sys_clk_pin rise@0.000ns - sys_clk_pin rise@0.000ns)
  Data Path Delay:        0.402ns  (logic 0.148ns (36.794%)  route 0.254ns (63.206%))
  Logic Levels:           0  
  Clock Path Skew:        0.276ns (DCD - SCD - CPR)
    Destination Clock Delay (DCD):    2.040ns
    Source Clock Delay      (SCD):    1.518ns
    Clock Pessimism Removal (CPR):    0.245ns

    Location             Delay type                Incr(ns)  Path(ns)    Netlist Resource(s)
  -------------------------------------------------------------------    -------------------
                         (clock sys_clk_pin rise edge)
                                                      0.000     0.000 r  
    E3                                                0.000     0.000 r  CLK100MHZ (IN)
                         net (fo=0)                   0.000     0.000    CLK100MHZ
    E3                   IBUF (Prop_ibuf_I_O)         0.250     0.250 r  CLK100MHZ_IBUF_inst/O
                         net (fo=1, routed)           0.644     0.894    CLK100MHZ_IBUF
    BUFGCTRL_X0Y16       BUFG (Prop_bufg_I_O)         0.026     0.920 r  CLK100MHZ_IBUF_BUFG_inst/O
                         net (fo=407, routed)         0.599     1.518    freq_b2b/CLK100MHZ_IBUF_BUFG
    SLICE_X2Y100         FDRE                                         r  freq_b2b/bin_r_reg[26]/C
  -------------------------------------------------------------------    -------------------
    SLICE_X2Y100         FDRE (Prop_fdre_C_Q)         0.148     1.666 r  freq_b2b/bin_r_reg[26]/Q
                         net (fo=2, routed)           0.254     1.921    freq_b2b/bcd_next[0]
    SLICE_X4Y97          FDRE                                         r  freq_b2b/o_bcd_reg[0]/D
  -------------------------------------------------------------------    -------------------

                         (clock sys_clk_pin rise edge)
                                                      0.000     0.000 r  
    E3                                                0.000     0.000 r  CLK100MHZ (IN)
                         net (fo=0)                   0.000     0.000    CLK100MHZ
    E3                   IBUF (Prop_ibuf_I_O)         0.438     0.438 r  CLK100MHZ_IBUF_inst/O
                         net (fo=1, routed)           0.699     1.136    CLK100MHZ_IBUF
    BUFGCTRL_X0Y16       BUFG (Prop_bufg_I_O)         0.029     1.165 r  CLK100MHZ_IBUF_BUFG_inst/O
                         net (fo=407, routed)         0.875     2.040    freq_b2b/CLK100MHZ_IBUF_BUFG
    SLICE_X4Y97          FDRE                                         r  freq_b2b/o_bcd_reg[0]/C
                         clock pessimism             -0.245     1.794    
    SLICE_X4Y97          FDRE (Hold_fdre_C_D)         0.017     1.811    freq_b2b/o_bcd_reg[0]
  -------------------------------------------------------------------
                         required time                         -1.811    
                         arrival time                           1.921    
  -------------------------------------------------------------------
                         slack                                  0.109    

Slack (MET) :             0.114ns  (arrival time - required time)
  Source:                 fps_cnt/gate_cnt_reg[10]/C
                            (rising edge-triggered cell FDRE clocked by sys_clk_pin  {rise@0.000ns fall@5.000ns period=10.000ns})
  Destination:            fps_cnt/gate_cnt_reg[14]/D
                            (rising edge-triggered cell FDRE clocked by sys_clk_pin  {rise@0.000ns fall@5.000ns period=10.000ns})
  Path Group:             sys_clk_pin
  Path Type:              Hold (Min at Fast Process Corner)
  Requirement:            0.000ns  (sys_clk_pin rise@0.000ns - sys_clk_pin rise@0.000ns)
  Data Path Delay:        0.513ns  (logic 0.386ns (75.309%)  route 0.127ns (24.691%))
  Logic Levels:           2  (CARRY4=2)
  Clock Path Skew:        0.265ns (DCD - SCD - CPR)
    Destination Clock Delay (DCD):    2.006ns
    Source Clock Delay      (SCD):    1.495ns
    Clock Pessimism Removal (CPR):    0.245ns

    Location             Delay type                Incr(ns)  Path(ns)    Netlist Resource(s)
  -------------------------------------------------------------------    -------------------
                         (clock sys_clk_pin rise edge)
                                                      0.000     0.000 r  
    E3                                                0.000     0.000 r  CLK100MHZ (IN)
                         net (fo=0)                   0.000     0.000    CLK100MHZ
    E3                   IBUF (Prop_ibuf_I_O)         0.250     0.250 r  CLK100MHZ_IBUF_inst/O
                         net (fo=1, routed)           0.644     0.894    CLK100MHZ_IBUF
    BUFGCTRL_X0Y16       BUFG (Prop_bufg_I_O)         0.026     0.920 r  CLK100MHZ_IBUF_BUFG_inst/O
                         net (fo=407, routed)         0.576     1.495    fps_cnt/CLK100MHZ_IBUF_BUFG
    SLICE_X10Y99         FDRE                                         r  fps_cnt/gate_cnt_reg[10]/C
  -------------------------------------------------------------------    -------------------
    SLICE_X10Y99         FDRE (Prop_fdre_C_Q)         0.164     1.659 r  fps_cnt/gate_cnt_reg[10]/Q
                         net (fo=2, routed)           0.126     1.785    fps_cnt/gate_cnt_reg[10]
    SLICE_X10Y99         CARRY4 (Prop_carry4_S[2]_CO[3])
                                                      0.156     1.941 r  fps_cnt/gate_cnt_reg[8]_i_1__0/CO[3]
                         net (fo=1, routed)           0.001     1.942    fps_cnt/gate_cnt_reg[8]_i_1__0_n_0
    SLICE_X10Y100        CARRY4 (Prop_carry4_CI_O[2])
                                                      0.066     2.008 r  fps_cnt/gate_cnt_reg[12]_i_1__0/O[2]
                         net (fo=1, routed)           0.000     2.008    fps_cnt/gate_cnt_reg[12]_i_1__0_n_5
    SLICE_X10Y100        FDRE                                         r  fps_cnt/gate_cnt_reg[14]/D
  -------------------------------------------------------------------    -------------------

                         (clock sys_clk_pin rise edge)
                                                      0.000     0.000 r  
    E3                                                0.000     0.000 r  CLK100MHZ (IN)
                         net (fo=0)                   0.000     0.000    CLK100MHZ
    E3                   IBUF (Prop_ibuf_I_O)         0.438     0.438 r  CLK100MHZ_IBUF_inst/O
                         net (fo=1, routed)           0.699     1.136    CLK100MHZ_IBUF
    BUFGCTRL_X0Y16       BUFG (Prop_bufg_I_O)         0.029     1.165 r  CLK100MHZ_IBUF_BUFG_inst/O
                         net (fo=407, routed)         0.841     2.006    fps_cnt/CLK100MHZ_IBUF_BUFG
    SLICE_X10Y100        FDRE                                         r  fps_cnt/gate_cnt_reg[14]/C
                         clock pessimism             -0.245     1.760    
    SLICE_X10Y100        FDRE (Hold_fdre_C_D)         0.134     1.894    fps_cnt/gate_cnt_reg[14]
  -------------------------------------------------------------------
                         required time                         -1.894    
                         arrival time                           2.008    
  -------------------------------------------------------------------
                         slack                                  0.114    

Slack (MET) :             0.114ns  (arrival time - required time)
  Source:                 freq_cnt/ev_cnt_reg[19]/C
                            (rising edge-triggered cell FDRE clocked by sys_clk_pin  {rise@0.000ns fall@5.000ns period=10.000ns})
  Destination:            freq_cnt/ev_cnt_reg[22]/D
                            (rising edge-triggered cell FDRE clocked by sys_clk_pin  {rise@0.000ns fall@5.000ns period=10.000ns})
  Path Group:             sys_clk_pin
  Path Type:              Hold (Min at Fast Process Corner)
  Requirement:            0.000ns  (sys_clk_pin rise@0.000ns - sys_clk_pin rise@0.000ns)
  Data Path Delay:        0.486ns  (logic 0.366ns (75.345%)  route 0.120ns (24.655%))
  Logic Levels:           2  (CARRY4=2)
  Clock Path Skew:        0.267ns (DCD - SCD - CPR)
    Destination Clock Delay (DCD):    2.037ns
    Source Clock Delay      (SCD):    1.524ns
    Clock Pessimism Removal (CPR):    0.245ns

    Location             Delay type                Incr(ns)  Path(ns)    Netlist Resource(s)
  -------------------------------------------------------------------    -------------------
                         (clock sys_clk_pin rise edge)
                                                      0.000     0.000 r  
    E3                                                0.000     0.000 r  CLK100MHZ (IN)
                         net (fo=0)                   0.000     0.000    CLK100MHZ
    E3                   IBUF (Prop_ibuf_I_O)         0.250     0.250 r  CLK100MHZ_IBUF_inst/O
                         net (fo=1, routed)           0.644     0.894    CLK100MHZ_IBUF
    BUFGCTRL_X0Y16       BUFG (Prop_bufg_I_O)         0.026     0.920 r  CLK100MHZ_IBUF_BUFG_inst/O
                         net (fo=407, routed)         0.605     1.524    freq_cnt/CLK100MHZ_IBUF_BUFG
    SLICE_X1Y99          FDRE                                         r  freq_cnt/ev_cnt_reg[19]/C
  -------------------------------------------------------------------    -------------------
    SLICE_X1Y99          FDRE (Prop_fdre_C_Q)         0.141     1.665 r  freq_cnt/ev_cnt_reg[19]/Q
                         net (fo=2, routed)           0.119     1.784    freq_cnt/ev_cnt_reg[19]
    SLICE_X1Y99          CARRY4 (Prop_carry4_S[3]_CO[3])
                                                      0.160     1.944 r  freq_cnt/ev_cnt_reg[16]_i_1/CO[3]
                         net (fo=1, routed)           0.001     1.945    freq_cnt/ev_cnt_reg[16]_i_1_n_0
    SLICE_X1Y100         CARRY4 (Prop_carry4_CI_O[2])
                                                      0.065     2.010 r  freq_cnt/ev_cnt_reg[20]_i_1/O[2]
                         net (fo=1, routed)           0.000     2.010    freq_cnt/ev_cnt_reg[20]_i_1_n_5
    SLICE_X1Y100         FDRE                                         r  freq_cnt/ev_cnt_reg[22]/D
  -------------------------------------------------------------------    -------------------

                         (clock sys_clk_pin rise edge)
                                                      0.000     0.000 r  
    E3                                                0.000     0.000 r  CLK100MHZ (IN)
                         net (fo=0)                   0.000     0.000    CLK100MHZ
    E3                   IBUF (Prop_ibuf_I_O)         0.438     0.438 r  CLK100MHZ_IBUF_inst/O
                         net (fo=1, routed)           0.699     1.136    CLK100MHZ_IBUF
    BUFGCTRL_X0Y16       BUFG (Prop_bufg_I_O)         0.029     1.165 r  CLK100MHZ_IBUF_BUFG_inst/O
                         net (fo=407, routed)         0.872     2.037    freq_cnt/CLK100MHZ_IBUF_BUFG
    SLICE_X1Y100         FDRE                                         r  freq_cnt/ev_cnt_reg[22]/C
                         clock pessimism             -0.245     1.791    
    SLICE_X1Y100         FDRE (Hold_fdre_C_D)         0.105     1.896    freq_cnt/ev_cnt_reg[22]
  -------------------------------------------------------------------
                         required time                         -1.896    
                         arrival time                           2.010    
  -------------------------------------------------------------------
                         slack                                  0.114    

Slack (MET) :             0.116ns  (arrival time - required time)
  Source:                 freq_cnt/ev_cnt_reg[19]/C
                            (rising edge-triggered cell FDRE clocked by sys_clk_pin  {rise@0.000ns fall@5.000ns period=10.000ns})
  Destination:            freq_cnt/o_count_reg[20]/D
                            (rising edge-triggered cell FDRE clocked by sys_clk_pin  {rise@0.000ns fall@5.000ns period=10.000ns})
  Path Group:             sys_clk_pin
  Path Type:              Hold (Min at Fast Process Corner)
  Requirement:            0.000ns  (sys_clk_pin rise@0.000ns - sys_clk_pin rise@0.000ns)
  Data Path Delay:        0.488ns  (logic 0.355ns (72.807%)  route 0.133ns (27.193%))
  Logic Levels:           2  (CARRY4=2)
  Clock Path Skew:        0.267ns (DCD - SCD - CPR)
    Destination Clock Delay (DCD):    2.037ns
    Source Clock Delay      (SCD):    1.524ns
    Clock Pessimism Removal (CPR):    0.245ns

    Location             Delay type                Incr(ns)  Path(ns)    Netlist Resource(s)
  -------------------------------------------------------------------    -------------------
                         (clock sys_clk_pin rise edge)
                                                      0.000     0.000 r  
    E3                                                0.000     0.000 r  CLK100MHZ (IN)
                         net (fo=0)                   0.000     0.000    CLK100MHZ
    E3                   IBUF (Prop_ibuf_I_O)         0.250     0.250 r  CLK100MHZ_IBUF_inst/O
                         net (fo=1, routed)           0.644     0.894    CLK100MHZ_IBUF
    BUFGCTRL_X0Y16       BUFG (Prop_bufg_I_O)         0.026     0.920 r  CLK100MHZ_IBUF_BUFG_inst/O
                         net (fo=407, routed)         0.605     1.524    freq_cnt/CLK100MHZ_IBUF_BUFG
    SLICE_X1Y99          FDRE                                         r  freq_cnt/ev_cnt_reg[19]/C
  -------------------------------------------------------------------    -------------------
    SLICE_X1Y99          FDRE (Prop_fdre_C_Q)         0.141     1.665 r  freq_cnt/ev_cnt_reg[19]/Q
                         net (fo=2, routed)           0.132     1.797    freq_cnt/ev_cnt_reg[19]
    SLICE_X0Y99          CARRY4 (Prop_carry4_S[3]_CO[3])
                                                      0.160     1.957 r  freq_cnt/o_count_reg[19]_i_1/CO[3]
                         net (fo=1, routed)           0.001     1.958    freq_cnt/o_count_reg[19]_i_1_n_0
    SLICE_X0Y100         CARRY4 (Prop_carry4_CI_O[0])
                                                      0.054     2.012 r  freq_cnt/o_count_reg[23]_i_1/O[0]
                         net (fo=1, routed)           0.000     2.012    freq_cnt/o_count_reg[23]_i_1_n_7
    SLICE_X0Y100         FDRE                                         r  freq_cnt/o_count_reg[20]/D
  -------------------------------------------------------------------    -------------------

                         (clock sys_clk_pin rise edge)
                                                      0.000     0.000 r  
    E3                                                0.000     0.000 r  CLK100MHZ (IN)
                         net (fo=0)                   0.000     0.000    CLK100MHZ
    E3                   IBUF (Prop_ibuf_I_O)         0.438     0.438 r  CLK100MHZ_IBUF_inst/O
                         net (fo=1, routed)           0.699     1.136    CLK100MHZ_IBUF
    BUFGCTRL_X0Y16       BUFG (Prop_bufg_I_O)         0.029     1.165 r  CLK100MHZ_IBUF_BUFG_inst/O
                         net (fo=407, routed)         0.872     2.037    freq_cnt/CLK100MHZ_IBUF_BUFG
    SLICE_X0Y100         FDRE                                         r  freq_cnt/o_count_reg[20]/C
                         clock pessimism             -0.245     1.791    
    SLICE_X0Y100         FDRE (Hold_fdre_C_D)         0.105     1.896    freq_cnt/o_count_reg[20]
  -------------------------------------------------------------------
                         required time                         -1.896    
                         arrival time                           2.012    
  -------------------------------------------------------------------
                         slack                                  0.116    

Slack (MET) :             0.118ns  (arrival time - required time)
  Source:                 vga_t/v_r_reg[3]/C
                            (rising edge-triggered cell FDRE clocked by sys_clk_pin  {rise@0.000ns fall@5.000ns period=10.000ns})
  Destination:            sel/ADDRARDADDR[5]
                            (rising edge-triggered cell RAMB18E1 clocked by sys_clk_pin  {rise@0.000ns fall@5.000ns period=10.000ns})
  Path Group:             sys_clk_pin
  Path Type:              Hold (Min at Fast Process Corner)
  Requirement:            0.000ns  (sys_clk_pin rise@0.000ns - sys_clk_pin rise@0.000ns)
  Data Path Delay:        0.360ns  (logic 0.164ns (45.592%)  route 0.196ns (54.408%))
  Logic Levels:           0  
  Clock Path Skew:        0.058ns (DCD - SCD - CPR)
    Destination Clock Delay (DCD):    2.053ns
    Source Clock Delay      (SCD):    1.494ns
    Clock Pessimism Removal (CPR):    0.500ns

    Location             Delay type                Incr(ns)  Path(ns)    Netlist Resource(s)
  -------------------------------------------------------------------    -------------------
                         (clock sys_clk_pin rise edge)
                                                      0.000     0.000 r  
    E3                                                0.000     0.000 r  CLK100MHZ (IN)
                         net (fo=0)                   0.000     0.000    CLK100MHZ
    E3                   IBUF (Prop_ibuf_I_O)         0.250     0.250 r  CLK100MHZ_IBUF_inst/O
                         net (fo=1, routed)           0.644     0.894    CLK100MHZ_IBUF
    BUFGCTRL_X0Y16       BUFG (Prop_bufg_I_O)         0.026     0.920 r  CLK100MHZ_IBUF_BUFG_inst/O
                         net (fo=407, routed)         0.575     1.494    vga_t/CLK100MHZ_IBUF_BUFG
    SLICE_X8Y93          FDRE                                         r  vga_t/v_r_reg[3]/C
  -------------------------------------------------------------------    -------------------
    SLICE_X8Y93          FDRE (Prop_fdre_C_Q)         0.164     1.658 r  vga_t/v_r_reg[3]/Q
                         net (fo=9, routed)           0.196     1.854    v[3]
    RAMB18_X0Y36         RAMB18E1                                     r  sel/ADDRARDADDR[5]
  -------------------------------------------------------------------    -------------------

                         (clock sys_clk_pin rise edge)
                                                      0.000     0.000 r  
    E3                                                0.000     0.000 r  CLK100MHZ (IN)
                         net (fo=0)                   0.000     0.000    CLK100MHZ
    E3                   IBUF (Prop_ibuf_I_O)         0.438     0.438 r  CLK100MHZ_IBUF_inst/O
                         net (fo=1, routed)           0.699     1.136    CLK100MHZ_IBUF
    BUFGCTRL_X0Y16       BUFG (Prop_bufg_I_O)         0.029     1.165 r  CLK100MHZ_IBUF_BUFG_inst/O
                         net (fo=407, routed)         0.888     2.053    CLK100MHZ_IBUF_BUFG
    RAMB18_X0Y36         RAMB18E1                                     r  sel/CLKARDCLK
                         clock pessimism             -0.500     1.553    
    RAMB18_X0Y36         RAMB18E1 (Hold_ramb18e1_CLKARDCLK_ADDRARDADDR[5])
                                                      0.183     1.736    sel
  -------------------------------------------------------------------
                         required time                         -1.736    
                         arrival time                           1.854    
  -------------------------------------------------------------------
                         slack                                  0.118    





Pulse Width Checks
--------------------------------------------------------------------------------------
Clock Name:         sys_clk_pin
Waveform(ns):       { 0.000 5.000 }
Period(ns):         10.000
Sources:            { CLK100MHZ }

Check Type        Corner  Lib Pin             Reference Pin  Required(ns)  Actual(ns)  Slack(ns)  Location        Pin
Min Period        n/a     RAMB18E1/CLKARDCLK  n/a            2.576         10.000      7.424      RAMB18_X0Y36    sel/CLKARDCLK
Min Period        n/a     BUFG/I              n/a            2.155         10.000      7.845      BUFGCTRL_X0Y16  CLK100MHZ_IBUF_BUFG_inst/I
Min Period        n/a     FDRE/C              n/a            1.000         10.000      9.000      SLICE_X3Y95     ext_s0_reg/C
Min Period        n/a     FDRE/C              n/a            1.000         10.000      9.000      SLICE_X3Y95     ext_s1_reg/C
Min Period        n/a     FDRE/C              n/a            1.000         10.000      9.000      SLICE_X3Y95     ext_s2_reg/C
Min Period        n/a     FDRE/C              n/a            1.000         10.000      9.000      SLICE_X1Y89     rst_meta_reg/C
Min Period        n/a     FDRE/C              n/a            1.000         10.000      9.000      SLICE_X0Y89     rst_reg/C
Min Period        n/a     FDRE/C              n/a            1.000         10.000      9.000      SLICE_X3Y95     src_ext_reg/C
Min Period        n/a     FDRE/C              n/a            1.000         10.000      9.000      SLICE_X2Y102    src_ext_reg_lopt_replica/C
Min Period        n/a     FDRE/C              n/a            1.000         10.000      9.000      SLICE_X2Y101    sw_s0_reg/C
Low Pulse Width   Slow    FDRE/C              n/a            0.500         5.000       4.500      SLICE_X3Y95     ext_s0_reg/C
Low Pulse Width   Fast    FDRE/C              n/a            0.500         5.000       4.500      SLICE_X3Y95     ext_s0_reg/C
Low Pulse Width   Slow    FDRE/C              n/a            0.500         5.000       4.500      SLICE_X3Y95     ext_s1_reg/C
Low Pulse Width   Fast    FDRE/C              n/a            0.500         5.000       4.500      SLICE_X3Y95     ext_s1_reg/C
Low Pulse Width   Slow    FDRE/C              n/a            0.500         5.000       4.500      SLICE_X3Y95     ext_s2_reg/C
Low Pulse Width   Fast    FDRE/C              n/a            0.500         5.000       4.500      SLICE_X3Y95     ext_s2_reg/C
Low Pulse Width   Slow    FDRE/C              n/a            0.500         5.000       4.500      SLICE_X1Y89     rst_meta_reg/C
Low Pulse Width   Fast    FDRE/C              n/a            0.500         5.000       4.500      SLICE_X1Y89     rst_meta_reg/C
Low Pulse Width   Slow    FDRE/C              n/a            0.500         5.000       4.500      SLICE_X0Y89     rst_reg/C
Low Pulse Width   Fast    FDRE/C              n/a            0.500         5.000       4.500      SLICE_X0Y89     rst_reg/C
High Pulse Width  Slow    FDRE/C              n/a            0.500         5.000       4.500      SLICE_X3Y95     ext_s0_reg/C
High Pulse Width  Fast    FDRE/C              n/a            0.500         5.000       4.500      SLICE_X3Y95     ext_s0_reg/C
High Pulse Width  Slow    FDRE/C              n/a            0.500         5.000       4.500      SLICE_X3Y95     ext_s1_reg/C
High Pulse Width  Fast    FDRE/C              n/a            0.500         5.000       4.500      SLICE_X3Y95     ext_s1_reg/C
High Pulse Width  Slow    FDRE/C              n/a            0.500         5.000       4.500      SLICE_X3Y95     ext_s2_reg/C
High Pulse Width  Fast    FDRE/C              n/a            0.500         5.000       4.500      SLICE_X3Y95     ext_s2_reg/C
High Pulse Width  Slow    FDRE/C              n/a            0.500         5.000       4.500      SLICE_X1Y89     rst_meta_reg/C
High Pulse Width  Fast    FDRE/C              n/a            0.500         5.000       4.500      SLICE_X1Y89     rst_meta_reg/C
High Pulse Width  Slow    FDRE/C              n/a            0.500         5.000       4.500      SLICE_X0Y89     rst_reg/C
High Pulse Width  Fast    FDRE/C              n/a            0.500         5.000       4.500      SLICE_X0Y89     rst_reg/C



--------------------------------------------------------------------------------------
Path Group:  (none)
From Clock:  sys_clk_pin
  To Clock:  

Max Delay            24 Endpoints
Min Delay            24 Endpoints
--------------------------------------------------------------------------------------


Max Delay Paths
--------------------------------------------------------------------------------------
Slack:                    inf
  Source:                 top0/o_scan_reg/C
                            (rising edge-triggered cell FDRE clocked by sys_clk_pin  {rise@0.000ns fall@5.000ns period=10.000ns})
  Destination:            CA
                            (output port)
  Path Group:             (none)
  Path Type:              Max at Slow Process Corner
  Data Path Delay:        8.336ns  (logic 4.452ns (53.406%)  route 3.884ns (46.594%))
  Logic Levels:           2  (LUT5=1 OBUF=1)
  Clock Uncertainty:      0.025ns  ((TSJ^2 + TIJ^2)^1/2 + DJ) / 2 + PE
    Total System Jitter     (TSJ):    0.050ns
    Total Input Jitter      (TIJ):    0.000ns
    Discrete Jitter          (DJ):    0.000ns
    Phase Error              (PE):    0.000ns

    Location             Delay type                Incr(ns)  Path(ns)    Netlist Resource(s)
  -------------------------------------------------------------------    -------------------
                         (clock sys_clk_pin rise edge)
                                                      0.000     0.000 r  
    E3                                                0.000     0.000 r  CLK100MHZ (IN)
                         net (fo=0)                   0.000     0.000    CLK100MHZ
    E3                   IBUF (Prop_ibuf_I_O)         1.482     1.482 r  CLK100MHZ_IBUF_inst/O
                         net (fo=1, routed)           2.025     3.506    CLK100MHZ_IBUF
    BUFGCTRL_X0Y16       BUFG (Prop_bufg_I_O)         0.096     3.602 r  CLK100MHZ_IBUF_BUFG_inst/O
                         net (fo=407, routed)         1.724     5.327    top0/CLK100MHZ_IBUF_BUFG
    SLICE_X2Y92          FDRE                                         r  top0/o_scan_reg/C
  -------------------------------------------------------------------    -------------------
    SLICE_X2Y92          FDRE (Prop_fdre_C_Q)         0.518     5.845 r  top0/o_scan_reg/Q
                         net (fo=10, routed)          0.906     6.751    top0/AN_OBUF[0]
    SLICE_X0Y90          LUT5 (Prop_lut5_I1_O)        0.149     6.900 r  top0/CA_OBUF_inst_i_1/O
                         net (fo=1, routed)           2.978     9.878    CA_OBUF
    T10                  OBUF (Prop_obuf_I_O)         3.785    13.663 r  CA_OBUF_inst/O
                         net (fo=0)                   0.000    13.663    CA
    T10                                                               r  CA (OUT)
  -------------------------------------------------------------------    -------------------

Slack:                    inf
  Source:                 top0/o_scan_reg/C
                            (rising edge-triggered cell FDRE clocked by sys_clk_pin  {rise@0.000ns fall@5.000ns period=10.000ns})
  Destination:            CB
                            (output port)
  Path Group:             (none)
  Path Type:              Max at Slow Process Corner
  Data Path Delay:        8.308ns  (logic 4.197ns (50.522%)  route 4.111ns (49.478%))
  Logic Levels:           2  (LUT5=1 OBUF=1)
  Clock Uncertainty:      0.025ns  ((TSJ^2 + TIJ^2)^1/2 + DJ) / 2 + PE
    Total System Jitter     (TSJ):    0.050ns
    Total Input Jitter      (TIJ):    0.000ns
    Discrete Jitter          (DJ):    0.000ns
    Phase Error              (PE):    0.000ns

    Location             Delay type                Incr(ns)  Path(ns)    Netlist Resource(s)
  -------------------------------------------------------------------    -------------------
                         (clock sys_clk_pin rise edge)
                                                      0.000     0.000 r  
    E3                                                0.000     0.000 r  CLK100MHZ (IN)
                         net (fo=0)                   0.000     0.000    CLK100MHZ
    E3                   IBUF (Prop_ibuf_I_O)         1.482     1.482 r  CLK100MHZ_IBUF_inst/O
                         net (fo=1, routed)           2.025     3.506    CLK100MHZ_IBUF
    BUFGCTRL_X0Y16       BUFG (Prop_bufg_I_O)         0.096     3.602 r  CLK100MHZ_IBUF_BUFG_inst/O
                         net (fo=407, routed)         1.724     5.327    top0/CLK100MHZ_IBUF_BUFG
    SLICE_X2Y92          FDRE                                         r  top0/o_scan_reg/C
  -------------------------------------------------------------------    -------------------
    SLICE_X2Y92          FDRE (Prop_fdre_C_Q)         0.518     5.845 f  top0/o_scan_reg/Q
                         net (fo=10, routed)          0.987     6.832    top0/AN_OBUF[0]
    SLICE_X0Y90          LUT5 (Prop_lut5_I1_O)        0.124     6.956 r  top0/CB_OBUF_inst_i_1/O
                         net (fo=1, routed)           3.124    10.079    CB_OBUF
    R10                  OBUF (Prop_obuf_I_O)         3.555    13.635 r  CB_OBUF_inst/O
                         net (fo=0)                   0.000    13.635    CB
    R10                                                               r  CB (OUT)
  -------------------------------------------------------------------    -------------------

Slack:                    inf
  Source:                 vga_txt/o_r_reg[0]_lopt_replica/C
                            (rising edge-triggered cell FDRE clocked by sys_clk_pin  {rise@0.000ns fall@5.000ns period=10.000ns})
  Destination:            VGA_G[0]
                            (output port)
  Path Group:             (none)
  Path Type:              Max at Slow Process Corner
  Data Path Delay:        8.118ns  (logic 3.994ns (49.201%)  route 4.124ns (50.799%))
  Logic Levels:           1  (OBUF=1)
  Clock Uncertainty:      0.025ns  ((TSJ^2 + TIJ^2)^1/2 + DJ) / 2 + PE
    Total System Jitter     (TSJ):    0.050ns
    Total Input Jitter      (TIJ):    0.000ns
    Discrete Jitter          (DJ):    0.000ns
    Phase Error              (PE):    0.000ns

    Location             Delay type                Incr(ns)  Path(ns)    Netlist Resource(s)
  -------------------------------------------------------------------    -------------------
                         (clock sys_clk_pin rise edge)
                                                      0.000     0.000 r  
    E3                                                0.000     0.000 r  CLK100MHZ (IN)
                         net (fo=0)                   0.000     0.000    CLK100MHZ
    E3                   IBUF (Prop_ibuf_I_O)         1.482     1.482 r  CLK100MHZ_IBUF_inst/O
                         net (fo=1, routed)           2.025     3.506    CLK100MHZ_IBUF
    BUFGCTRL_X0Y16       BUFG (Prop_bufg_I_O)         0.096     3.602 r  CLK100MHZ_IBUF_BUFG_inst/O
                         net (fo=407, routed)         1.618     5.220    vga_txt/CLK100MHZ_IBUF_BUFG
    SLICE_X40Y114        FDRE                                         r  vga_txt/o_r_reg[0]_lopt_replica/C
  -------------------------------------------------------------------    -------------------
    SLICE_X40Y114        FDRE (Prop_fdre_C_Q)         0.456     5.676 r  vga_txt/o_r_reg[0]_lopt_replica/Q
                         net (fo=1, routed)           4.124     9.800    lopt_6
    C6                   OBUF (Prop_obuf_I_O)         3.538    13.338 r  VGA_G_OBUF[0]_inst/O
                         net (fo=0)                   0.000    13.338    VGA_G[0]
    C6                                                                r  VGA_G[0] (OUT)
  -------------------------------------------------------------------    -------------------

Slack:                    inf
  Source:                 vga_txt/o_r_reg[0]/C
                            (rising edge-triggered cell FDRE clocked by sys_clk_pin  {rise@0.000ns fall@5.000ns period=10.000ns})
  Destination:            VGA_R[0]
                            (output port)
  Path Group:             (none)
  Path Type:              Max at Slow Process Corner
  Data Path Delay:        7.972ns  (logic 4.010ns (50.297%)  route 3.962ns (49.703%))
  Logic Levels:           1  (OBUF=1)
  Clock Uncertainty:      0.025ns  ((TSJ^2 + TIJ^2)^1/2 + DJ) / 2 + PE
    Total System Jitter     (TSJ):    0.050ns
    Total Input Jitter      (TIJ):    0.000ns
    Discrete Jitter          (DJ):    0.000ns
    Phase Error              (PE):    0.000ns

    Location             Delay type                Incr(ns)  Path(ns)    Netlist Resource(s)
  -------------------------------------------------------------------    -------------------
                         (clock sys_clk_pin rise edge)
                                                      0.000     0.000 r  
    E3                                                0.000     0.000 r  CLK100MHZ (IN)
                         net (fo=0)                   0.000     0.000    CLK100MHZ
    E3                   IBUF (Prop_ibuf_I_O)         1.482     1.482 r  CLK100MHZ_IBUF_inst/O
                         net (fo=1, routed)           2.025     3.506    CLK100MHZ_IBUF
    BUFGCTRL_X0Y16       BUFG (Prop_bufg_I_O)         0.096     3.602 r  CLK100MHZ_IBUF_BUFG_inst/O
                         net (fo=407, routed)         1.618     5.220    vga_txt/CLK100MHZ_IBUF_BUFG
    SLICE_X40Y114        FDRE                                         r  vga_txt/o_r_reg[0]/C
  -------------------------------------------------------------------    -------------------
    SLICE_X40Y114        FDRE (Prop_fdre_C_Q)         0.456     5.676 r  vga_txt/o_r_reg[0]/Q
                         net (fo=1, routed)           3.962     9.639    VGA_G_OBUF[0]
    A3                   OBUF (Prop_obuf_I_O)         3.554    13.193 r  VGA_R_OBUF[0]_inst/O
                         net (fo=0)                   0.000    13.193    VGA_R[0]
    A3                                                                r  VGA_R[0] (OUT)
  -------------------------------------------------------------------    -------------------

Slack:                    inf
  Source:                 vga_txt/o_b_reg[1]_lopt_replica/C
                            (rising edge-triggered cell FDRE clocked by sys_clk_pin  {rise@0.000ns fall@5.000ns period=10.000ns})
  Destination:            VGA_B[0]
                            (output port)
  Path Group:             (none)
  Path Type:              Max at Slow Process Corner
  Data Path Delay:        7.958ns  (logic 4.065ns (51.083%)  route 3.893ns (48.917%))
  Logic Levels:           1  (OBUF=1)
  Clock Uncertainty:      0.025ns  ((TSJ^2 + TIJ^2)^1/2 + DJ) / 2 + PE
    Total System Jitter     (TSJ):    0.050ns
    Total Input Jitter      (TIJ):    0.000ns
    Discrete Jitter          (DJ):    0.000ns
    Phase Error              (PE):    0.000ns

    Location             Delay type                Incr(ns)  Path(ns)    Netlist Resource(s)
  -------------------------------------------------------------------    -------------------
                         (clock sys_clk_pin rise edge)
                                                      0.000     0.000 r  
    E3                                                0.000     0.000 r  CLK100MHZ (IN)
                         net (fo=0)                   0.000     0.000    CLK100MHZ
    E3                   IBUF (Prop_ibuf_I_O)         1.482     1.482 r  CLK100MHZ_IBUF_inst/O
                         net (fo=1, routed)           2.025     3.506    CLK100MHZ_IBUF
    BUFGCTRL_X0Y16       BUFG (Prop_bufg_I_O)         0.096     3.602 r  CLK100MHZ_IBUF_BUFG_inst/O
                         net (fo=407, routed)         1.608     5.210    vga_txt/CLK100MHZ_IBUF_BUFG
    SLICE_X50Y116        FDRE                                         r  vga_txt/o_b_reg[1]_lopt_replica/C
  -------------------------------------------------------------------    -------------------
    SLICE_X50Y116        FDRE (Prop_fdre_C_Q)         0.518     5.728 r  vga_txt/o_b_reg[1]_lopt_replica/Q
                         net (fo=1, routed)           3.893     9.621    lopt
    B7                   OBUF (Prop_obuf_I_O)         3.547    13.168 r  VGA_B_OBUF[0]_inst/O
                         net (fo=0)                   0.000    13.168    VGA_B[0]
    B7                                                                r  VGA_B[0] (OUT)
  -------------------------------------------------------------------    -------------------

Slack:                    inf
  Source:                 top0/o_scan_reg/C
                            (rising edge-triggered cell FDRE clocked by sys_clk_pin  {rise@0.000ns fall@5.000ns period=10.000ns})
  Destination:            CF
                            (output port)
  Path Group:             (none)
  Path Type:              Max at Slow Process Corner
  Data Path Delay:        7.795ns  (logic 4.435ns (56.893%)  route 3.360ns (43.107%))
  Logic Levels:           2  (LUT5=1 OBUF=1)
  Clock Uncertainty:      0.025ns  ((TSJ^2 + TIJ^2)^1/2 + DJ) / 2 + PE
    Total System Jitter     (TSJ):    0.050ns
    Total Input Jitter      (TIJ):    0.000ns
    Discrete Jitter          (DJ):    0.000ns
    Phase Error              (PE):    0.000ns

    Location             Delay type                Incr(ns)  Path(ns)    Netlist Resource(s)
  -------------------------------------------------------------------    -------------------
                         (clock sys_clk_pin rise edge)
                                                      0.000     0.000 r  
    E3                                                0.000     0.000 r  CLK100MHZ (IN)
                         net (fo=0)                   0.000     0.000    CLK100MHZ
    E3                   IBUF (Prop_ibuf_I_O)         1.482     1.482 r  CLK100MHZ_IBUF_inst/O
                         net (fo=1, routed)           2.025     3.506    CLK100MHZ_IBUF
    BUFGCTRL_X0Y16       BUFG (Prop_bufg_I_O)         0.096     3.602 r  CLK100MHZ_IBUF_BUFG_inst/O
                         net (fo=407, routed)         1.724     5.327    top0/CLK100MHZ_IBUF_BUFG
    SLICE_X2Y92          FDRE                                         r  top0/o_scan_reg/C
  -------------------------------------------------------------------    -------------------
    SLICE_X2Y92          FDRE (Prop_fdre_C_Q)         0.518     5.845 r  top0/o_scan_reg/Q
                         net (fo=10, routed)          0.911     6.756    top0/AN_OBUF[0]
    SLICE_X0Y90          LUT5 (Prop_lut5_I1_O)        0.153     6.909 r  top0/CF_OBUF_inst_i_1/O
                         net (fo=1, routed)           2.449     9.358    CF_OBUF
    T11                  OBUF (Prop_obuf_I_O)         3.764    13.122 r  CF_OBUF_inst/O
                         net (fo=0)                   0.000    13.122    CF
    T11                                                               r  CF (OUT)
  -------------------------------------------------------------------    -------------------

Slack:                    inf
  Source:                 vga_txt/o_b_reg[1]/C
                            (rising edge-triggered cell FDRE clocked by sys_clk_pin  {rise@0.000ns fall@5.000ns period=10.000ns})
  Destination:            VGA_B[1]
                            (output port)
  Path Group:             (none)
  Path Type:              Max at Slow Process Corner
  Data Path Delay:        7.897ns  (logic 4.069ns (51.531%)  route 3.828ns (48.469%))
  Logic Levels:           1  (OBUF=1)
  Clock Uncertainty:      0.025ns  ((TSJ^2 + TIJ^2)^1/2 + DJ) / 2 + PE
    Total System Jitter     (TSJ):    0.050ns
    Total Input Jitter      (TIJ):    0.000ns
    Discrete Jitter          (DJ):    0.000ns
    Phase Error              (PE):    0.000ns

    Location             Delay type                Incr(ns)  Path(ns)    Netlist Resource(s)
  -------------------------------------------------------------------    -------------------
                         (clock sys_clk_pin rise edge)
                                                      0.000     0.000 r  
    E3                                                0.000     0.000 r  CLK100MHZ (IN)
                         net (fo=0)                   0.000     0.000    CLK100MHZ
    E3                   IBUF (Prop_ibuf_I_O)         1.482     1.482 r  CLK100MHZ_IBUF_inst/O
                         net (fo=1, routed)           2.025     3.506    CLK100MHZ_IBUF
    BUFGCTRL_X0Y16       BUFG (Prop_bufg_I_O)         0.096     3.602 r  CLK100MHZ_IBUF_BUFG_inst/O
                         net (fo=407, routed)         1.608     5.210    vga_txt/CLK100MHZ_IBUF_BUFG
    SLICE_X50Y116        FDRE                                         r  vga_txt/o_b_reg[1]/C
  -------------------------------------------------------------------    -------------------
    SLICE_X50Y116        FDRE (Prop_fdre_C_Q)         0.518     5.728 r  vga_txt/o_b_reg[1]/Q
                         net (fo=1, routed)           3.828     9.556    VGA_B_OBUF[0]
    C7                   OBUF (Prop_obuf_I_O)         3.551    13.107 r  VGA_B_OBUF[1]_inst/O
                         net (fo=0)                   0.000    13.107    VGA_B[1]
    C7                                                                r  VGA_B[1] (OUT)
  -------------------------------------------------------------------    -------------------

Slack:                    inf
  Source:                 top0/o_random_out_reg[2]/C
                            (rising edge-triggered cell FDRE clocked by sys_clk_pin  {rise@0.000ns fall@5.000ns period=10.000ns})
  Destination:            CE
                            (output port)
  Path Group:             (none)
  Path Type:              Max at Slow Process Corner
  Data Path Delay:        7.749ns  (logic 4.350ns (56.131%)  route 3.399ns (43.869%))
  Logic Levels:           2  (LUT5=1 OBUF=1)
  Clock Uncertainty:      0.025ns  ((TSJ^2 + TIJ^2)^1/2 + DJ) / 2 + PE
    Total System Jitter     (TSJ):    0.050ns
    Total Input Jitter      (TIJ):    0.000ns
    Discrete Jitter          (DJ):    0.000ns
    Phase Error              (PE):    0.000ns

    Location             Delay type                Incr(ns)  Path(ns)    Netlist Resource(s)
  -------------------------------------------------------------------    -------------------
                         (clock sys_clk_pin rise edge)
                                                      0.000     0.000 r  
    E3                                                0.000     0.000 r  CLK100MHZ (IN)
                         net (fo=0)                   0.000     0.000    CLK100MHZ
    E3                   IBUF (Prop_ibuf_I_O)         1.482     1.482 r  CLK100MHZ_IBUF_inst/O
                         net (fo=1, routed)           2.025     3.506    CLK100MHZ_IBUF
    BUFGCTRL_X0Y16       BUFG (Prop_bufg_I_O)         0.096     3.602 r  CLK100MHZ_IBUF_BUFG_inst/O
                         net (fo=407, routed)         1.723     5.326    top0/CLK100MHZ_IBUF_BUFG
    SLICE_X0Y90          FDRE                                         r  top0/o_random_out_reg[2]/C
  -------------------------------------------------------------------    -------------------
    SLICE_X0Y90          FDRE (Prop_fdre_C_Q)         0.456     5.782 r  top0/o_random_out_reg[2]/Q
                         net (fo=12, routed)          1.190     6.972    top0/Q[2]
    SLICE_X0Y90          LUT5 (Prop_lut5_I0_O)        0.152     7.124 r  top0/CE_OBUF_inst_i_1/O
                         net (fo=1, routed)           2.209     9.333    CE_OBUF
    P15                  OBUF (Prop_obuf_I_O)         3.742    13.075 r  CE_OBUF_inst/O
                         net (fo=0)                   0.000    13.075    CE
    P15                                                               r  CE (OUT)
  -------------------------------------------------------------------    -------------------

Slack:                    inf
  Source:                 top0/o_scan_reg/C
                            (rising edge-triggered cell FDRE clocked by sys_clk_pin  {rise@0.000ns fall@5.000ns period=10.000ns})
  Destination:            CD
                            (output port)
  Path Group:             (none)
  Path Type:              Max at Slow Process Corner
  Data Path Delay:        7.747ns  (logic 4.192ns (54.114%)  route 3.555ns (45.886%))
  Logic Levels:           2  (LUT5=1 OBUF=1)
  Clock Uncertainty:      0.025ns  ((TSJ^2 + TIJ^2)^1/2 + DJ) / 2 + PE
    Total System Jitter     (TSJ):    0.050ns
    Total Input Jitter      (TIJ):    0.000ns
    Discrete Jitter          (DJ):    0.000ns
    Phase Error              (PE):    0.000ns

    Location             Delay type                Incr(ns)  Path(ns)    Netlist Resource(s)
  -------------------------------------------------------------------    -------------------
                         (clock sys_clk_pin rise edge)
                                                      0.000     0.000 r  
    E3                                                0.000     0.000 r  CLK100MHZ (IN)
                         net (fo=0)                   0.000     0.000    CLK100MHZ
    E3                   IBUF (Prop_ibuf_I_O)         1.482     1.482 r  CLK100MHZ_IBUF_inst/O
                         net (fo=1, routed)           2.025     3.506    CLK100MHZ_IBUF
    BUFGCTRL_X0Y16       BUFG (Prop_bufg_I_O)         0.096     3.602 r  CLK100MHZ_IBUF_BUFG_inst/O
                         net (fo=407, routed)         1.724     5.327    top0/CLK100MHZ_IBUF_BUFG
    SLICE_X2Y92          FDRE                                         r  top0/o_scan_reg/C
  -------------------------------------------------------------------    -------------------
    SLICE_X2Y92          FDRE (Prop_fdre_C_Q)         0.518     5.845 r  top0/o_scan_reg/Q
                         net (fo=10, routed)          0.911     6.756    top0/AN_OBUF[0]
    SLICE_X0Y90          LUT5 (Prop_lut5_I1_O)        0.124     6.880 r  top0/CD_OBUF_inst_i_1/O
                         net (fo=1, routed)           2.644     9.524    CD_OBUF
    K13                  OBUF (Prop_obuf_I_O)         3.550    13.074 r  CD_OBUF_inst/O
                         net (fo=0)                   0.000    13.074    CD
    K13                                                               r  CD (OUT)
  -------------------------------------------------------------------    -------------------

Slack:                    inf
  Source:                 vga_txt/o_hs_reg/C
                            (rising edge-triggered cell FDRE clocked by sys_clk_pin  {rise@0.000ns fall@5.000ns period=10.000ns})
  Destination:            VGA_HS
                            (output port)
  Path Group:             (none)
  Path Type:              Max at Slow Process Corner
  Data Path Delay:        7.327ns  (logic 4.021ns (54.876%)  route 3.306ns (45.124%))
  Logic Levels:           1  (OBUF=1)
  Clock Uncertainty:      0.025ns  ((TSJ^2 + TIJ^2)^1/2 + DJ) / 2 + PE
    Total System Jitter     (TSJ):    0.050ns
    Total Input Jitter      (TIJ):    0.000ns
    Discrete Jitter          (DJ):    0.000ns
    Phase Error              (PE):    0.000ns

    Location             Delay type                Incr(ns)  Path(ns)    Netlist Resource(s)
  -------------------------------------------------------------------    -------------------
                         (clock sys_clk_pin rise edge)
                                                      0.000     0.000 r  
    E3                                                0.000     0.000 r  CLK100MHZ (IN)
                         net (fo=0)                   0.000     0.000    CLK100MHZ
    E3                   IBUF (Prop_ibuf_I_O)         1.482     1.482 r  CLK100MHZ_IBUF_inst/O
                         net (fo=1, routed)           2.025     3.506    CLK100MHZ_IBUF
    BUFGCTRL_X0Y16       BUFG (Prop_bufg_I_O)         0.096     3.602 r  CLK100MHZ_IBUF_BUFG_inst/O
                         net (fo=407, routed)         1.724     5.327    vga_txt/CLK100MHZ_IBUF_BUFG
    SLICE_X4Y95          FDRE                                         r  vga_txt/o_hs_reg/C
  -------------------------------------------------------------------    -------------------
    SLICE_X4Y95          FDRE (Prop_fdre_C_Q)         0.456     5.783 r  vga_txt/o_hs_reg/Q
                         net (fo=1, routed)           3.306     9.089    VGA_HS_OBUF
    B11                  OBUF (Prop_obuf_I_O)         3.565    12.653 r  VGA_HS_OBUF_inst/O
                         net (fo=0)                   0.000    12.653    VGA_HS
    B11                                                               r  VGA_HS (OUT)
  -------------------------------------------------------------------    -------------------





Min Delay Paths
--------------------------------------------------------------------------------------
Slack:                    inf
  Source:                 src_ext_reg_lopt_replica/C
                            (rising edge-triggered cell FDRE clocked by sys_clk_pin  {rise@0.000ns fall@5.000ns period=10.000ns})
  Destination:            LED[0]
                            (output port)
  Path Group:             (none)
  Path Type:              Min at Fast Process Corner
  Data Path Delay:        1.878ns  (logic 1.385ns (73.752%)  route 0.493ns (26.248%))
  Logic Levels:           1  (OBUF=1)
  Clock Uncertainty:      0.025ns  ((TSJ^2 + TIJ^2)^1/2 + DJ) / 2 + PE
    Total System Jitter     (TSJ):    0.050ns
    Total Input Jitter      (TIJ):    0.000ns
    Discrete Jitter          (DJ):    0.000ns
    Phase Error              (PE):    0.000ns

    Location             Delay type                Incr(ns)  Path(ns)    Netlist Resource(s)
  -------------------------------------------------------------------    -------------------
                         (clock sys_clk_pin rise edge)
                                                      0.000     0.000 r  
    E3                                                0.000     0.000 r  CLK100MHZ (IN)
                         net (fo=0)                   0.000     0.000    CLK100MHZ
    E3                   IBUF (Prop_ibuf_I_O)         0.250     0.250 r  CLK100MHZ_IBUF_inst/O
                         net (fo=1, routed)           0.644     0.894    CLK100MHZ_IBUF
    BUFGCTRL_X0Y16       BUFG (Prop_bufg_I_O)         0.026     0.920 r  CLK100MHZ_IBUF_BUFG_inst/O
                         net (fo=407, routed)         0.599     1.518    CLK100MHZ_IBUF_BUFG
    SLICE_X2Y102         FDRE                                         r  src_ext_reg_lopt_replica/C
  -------------------------------------------------------------------    -------------------
    SLICE_X2Y102         FDRE (Prop_fdre_C_Q)         0.164     1.682 r  src_ext_reg_lopt_replica/Q
                         net (fo=1, routed)           0.493     2.175    src_ext_reg_lopt_replica_1
    H17                  OBUF (Prop_obuf_I_O)         1.221     3.397 r  LED_OBUF[0]_inst/O
                         net (fo=0)                   0.000     3.397    LED[0]
    H17                                                               r  LED[0] (OUT)
  -------------------------------------------------------------------    -------------------

Slack:                    inf
  Source:                 top0/o_scan_reg/C
                            (rising edge-triggered cell FDRE clocked by sys_clk_pin  {rise@0.000ns fall@5.000ns period=10.000ns})
  Destination:            AN[0]
                            (output port)
  Path Group:             (none)
  Path Type:              Min at Fast Process Corner
  Data Path Delay:        1.930ns  (logic 1.400ns (72.542%)  route 0.530ns (27.458%))
  Logic Levels:           1  (OBUF=1)
  Clock Uncertainty:      0.025ns  ((TSJ^2 + TIJ^2)^1/2 + DJ) / 2 + PE
    Total System Jitter     (TSJ):    0.050ns
    Total Input Jitter      (TIJ):    0.000ns
    Discrete Jitter          (DJ):    0.000ns
    Phase Error              (PE):    0.000ns

    Location             Delay type                Incr(ns)  Path(ns)    Netlist Resource(s)
  -------------------------------------------------------------------    -------------------
                         (clock sys_clk_pin rise edge)
                                                      0.000     0.000 r  
    E3                                                0.000     0.000 r  CLK100MHZ (IN)
                         net (fo=0)                   0.000     0.000    CLK100MHZ
    E3                   IBUF (Prop_ibuf_I_O)         0.250     0.250 r  CLK100MHZ_IBUF_inst/O
                         net (fo=1, routed)           0.644     0.894    CLK100MHZ_IBUF
    BUFGCTRL_X0Y16       BUFG (Prop_bufg_I_O)         0.026     0.920 r  CLK100MHZ_IBUF_BUFG_inst/O
                         net (fo=407, routed)         0.603     1.522    top0/CLK100MHZ_IBUF_BUFG
    SLICE_X2Y92          FDRE                                         r  top0/o_scan_reg/C
  -------------------------------------------------------------------    -------------------
    SLICE_X2Y92          FDRE (Prop_fdre_C_Q)         0.164     1.686 r  top0/o_scan_reg/Q
                         net (fo=10, routed)          0.530     2.216    AN_OBUF[0]
    J17                  OBUF (Prop_obuf_I_O)         1.236     3.453 r  AN_OBUF[0]_inst/O
                         net (fo=0)                   0.000     3.453    AN[0]
    J17                                                               r  AN[0] (OUT)
  -------------------------------------------------------------------    -------------------

Slack:                    inf
  Source:                 top0/o_random_out_reg[0]/C
                            (rising edge-triggered cell FDRE clocked by sys_clk_pin  {rise@0.000ns fall@5.000ns period=10.000ns})
  Destination:            CC
                            (output port)
  Path Group:             (none)
  Path Type:              Min at Fast Process Corner
  Data Path Delay:        2.065ns  (logic 1.380ns (66.859%)  route 0.684ns (33.141%))
  Logic Levels:           2  (LUT5=1 OBUF=1)
  Clock Uncertainty:      0.025ns  ((TSJ^2 + TIJ^2)^1/2 + DJ) / 2 + PE
    Total System Jitter     (TSJ):    0.050ns
    Total Input Jitter      (TIJ):    0.000ns
    Discrete Jitter          (DJ):    0.000ns
    Phase Error              (PE):    0.000ns

    Location             Delay type                Incr(ns)  Path(ns)    Netlist Resource(s)
  -------------------------------------------------------------------    -------------------
                         (clock sys_clk_pin rise edge)
                                                      0.000     0.000 r  
    E3                                                0.000     0.000 r  CLK100MHZ (IN)
                         net (fo=0)                   0.000     0.000    CLK100MHZ
    E3                   IBUF (Prop_ibuf_I_O)         0.250     0.250 r  CLK100MHZ_IBUF_inst/O
                         net (fo=1, routed)           0.644     0.894    CLK100MHZ_IBUF
    BUFGCTRL_X0Y16       BUFG (Prop_bufg_I_O)         0.026     0.920 r  CLK100MHZ_IBUF_BUFG_inst/O
                         net (fo=407, routed)         0.603     1.522    top0/CLK100MHZ_IBUF_BUFG
    SLICE_X0Y90          FDRE                                         r  top0/o_random_out_reg[0]/C
  -------------------------------------------------------------------    -------------------
    SLICE_X0Y90          FDRE (Prop_fdre_C_Q)         0.141     1.663 f  top0/o_random_out_reg[0]/Q
                         net (fo=8, routed)           0.185     1.848    top0/Q[0]
    SLICE_X0Y90          LUT5 (Prop_lut5_I0_O)        0.045     1.893 r  top0/CC_OBUF_inst_i_1/O
                         net (fo=1, routed)           0.499     2.393    CC_OBUF
    K16                  OBUF (Prop_obuf_I_O)         1.194     3.587 r  CC_OBUF_inst/O
                         net (fo=0)                   0.000     3.587    CC
    K16                                                               r  CC (OUT)
  -------------------------------------------------------------------    -------------------

Slack:                    inf
  Source:                 top0/o_random_out_reg[0]/C
                            (rising edge-triggered cell FDRE clocked by sys_clk_pin  {rise@0.000ns fall@5.000ns period=10.000ns})
  Destination:            CG
                            (output port)
  Path Group:             (none)
  Path Type:              Min at Fast Process Corner
  Data Path Delay:        2.073ns  (logic 1.483ns (71.537%)  route 0.590ns (28.463%))
  Logic Levels:           2  (LUT5=1 OBUF=1)
  Clock Uncertainty:      0.025ns  ((TSJ^2 + TIJ^2)^1/2 + DJ) / 2 + PE
    Total System Jitter     (TSJ):    0.050ns
    Total Input Jitter      (TIJ):    0.000ns
    Discrete Jitter          (DJ):    0.000ns
    Phase Error              (PE):    0.000ns

    Location             Delay type                Incr(ns)  Path(ns)    Netlist Resource(s)
  -------------------------------------------------------------------    -------------------
                         (clock sys_clk_pin rise edge)
                                                      0.000     0.000 r  
    E3                                                0.000     0.000 r  CLK100MHZ (IN)
                         net (fo=0)                   0.000     0.000    CLK100MHZ
    E3                   IBUF (Prop_ibuf_I_O)         0.250     0.250 r  CLK100MHZ_IBUF_inst/O
                         net (fo=1, routed)           0.644     0.894    CLK100MHZ_IBUF
    BUFGCTRL_X0Y16       BUFG (Prop_bufg_I_O)         0.026     0.920 r  CLK100MHZ_IBUF_BUFG_inst/O
                         net (fo=407, routed)         0.603     1.522    top0/CLK100MHZ_IBUF_BUFG
    SLICE_X0Y90          FDRE                                         r  top0/o_random_out_reg[0]/C
  -------------------------------------------------------------------    -------------------
    SLICE_X0Y90          FDRE (Prop_fdre_C_Q)         0.141     1.663 r  top0/o_random_out_reg[0]/Q
                         net (fo=8, routed)           0.196     1.859    top0/Q[0]
    SLICE_X0Y90          LUT5 (Prop_lut5_I0_O)        0.042     1.901 r  top0/CG_OBUF_inst_i_1/O
                         net (fo=1, routed)           0.394     2.295    CG_OBUF
    L18                  OBUF (Prop_obuf_I_O)         1.300     3.596 r  CG_OBUF_inst/O
                         net (fo=0)                   0.000     3.596    CG
    L18                                                               r  CG (OUT)
  -------------------------------------------------------------------    -------------------

Slack:                    inf
  Source:                 vga_txt/o_g_reg[3]_lopt_replica/C
                            (rising edge-triggered cell FDRE clocked by sys_clk_pin  {rise@0.000ns fall@5.000ns period=10.000ns})
  Destination:            VGA_B[2]
                            (output port)
  Path Group:             (none)
  Path Type:              Min at Fast Process Corner
  Data Path Delay:        2.183ns  (logic 1.365ns (62.539%)  route 0.818ns (37.461%))
  Logic Levels:           1  (OBUF=1)
  Clock Uncertainty:      0.025ns  ((TSJ^2 + TIJ^2)^1/2 + DJ) / 2 + PE
    Total System Jitter     (TSJ):    0.050ns
    Total Input Jitter      (TIJ):    0.000ns
    Discrete Jitter          (DJ):    0.000ns
    Phase Error              (PE):    0.000ns

    Location             Delay type                Incr(ns)  Path(ns)    Netlist Resource(s)
  -------------------------------------------------------------------    -------------------
                         (clock sys_clk_pin rise edge)
                                                      0.000     0.000 r  
    E3                                                0.000     0.000 r  CLK100MHZ (IN)
                         net (fo=0)                   0.000     0.000    CLK100MHZ
    E3                   IBUF (Prop_ibuf_I_O)         0.250     0.250 r  CLK100MHZ_IBUF_inst/O
                         net (fo=1, routed)           0.644     0.894    CLK100MHZ_IBUF
    BUFGCTRL_X0Y16       BUFG (Prop_bufg_I_O)         0.026     0.920 r  CLK100MHZ_IBUF_BUFG_inst/O
                         net (fo=407, routed)         0.552     1.471    vga_txt/CLK100MHZ_IBUF_BUFG
    SLICE_X67Y128        FDRE                                         r  vga_txt/o_g_reg[3]_lopt_replica/C
  -------------------------------------------------------------------    -------------------
    SLICE_X67Y128        FDRE (Prop_fdre_C_Q)         0.141     1.612 r  vga_txt/o_g_reg[3]_lopt_replica/Q
                         net (fo=1, routed)           0.818     2.430    lopt_2
    D7                   OBUF (Prop_obuf_I_O)         1.224     3.655 r  VGA_B_OBUF[2]_inst/O
                         net (fo=0)                   0.000     3.655    VGA_B[2]
    D7                                                                r  VGA_B[2] (OUT)
  -------------------------------------------------------------------    -------------------

Slack:                    inf
  Source:                 vga_txt/o_r_reg[3]/C
                            (rising edge-triggered cell FDRE clocked by sys_clk_pin  {rise@0.000ns fall@5.000ns period=10.000ns})
  Destination:            VGA_R[3]
                            (output port)
  Path Group:             (none)
  Path Type:              Min at Fast Process Corner
  Data Path Delay:        2.213ns  (logic 1.416ns (64.008%)  route 0.796ns (35.992%))
  Logic Levels:           1  (OBUF=1)
  Clock Uncertainty:      0.025ns  ((TSJ^2 + TIJ^2)^1/2 + DJ) / 2 + PE
    Total System Jitter     (TSJ):    0.050ns
    Total Input Jitter      (TIJ):    0.000ns
    Discrete Jitter          (DJ):    0.000ns
    Phase Error              (PE):    0.000ns

    Location             Delay type                Incr(ns)  Path(ns)    Netlist Resource(s)
  -------------------------------------------------------------------    -------------------
                         (clock sys_clk_pin rise edge)
                                                      0.000     0.000 r  
    E3                                                0.000     0.000 r  CLK100MHZ (IN)
                         net (fo=0)                   0.000     0.000    CLK100MHZ
    E3                   IBUF (Prop_ibuf_I_O)         0.250     0.250 r  CLK100MHZ_IBUF_inst/O
                         net (fo=1, routed)           0.644     0.894    CLK100MHZ_IBUF
    BUFGCTRL_X0Y16       BUFG (Prop_bufg_I_O)         0.026     0.920 r  CLK100MHZ_IBUF_BUFG_inst/O
                         net (fo=407, routed)         0.552     1.471    vga_txt/CLK100MHZ_IBUF_BUFG
    SLICE_X66Y128        FDRE                                         r  vga_txt/o_r_reg[3]/C
  -------------------------------------------------------------------    -------------------
    SLICE_X66Y128        FDRE (Prop_fdre_C_Q)         0.164     1.635 r  vga_txt/o_r_reg[3]/Q
                         net (fo=1, routed)           0.796     2.432    VGA_G_OBUF[1]
    A4                   OBUF (Prop_obuf_I_O)         1.252     3.684 r  VGA_R_OBUF[3]_inst/O
                         net (fo=0)                   0.000     3.684    VGA_R[3]
    A4                                                                r  VGA_R[3] (OUT)
  -------------------------------------------------------------------    -------------------

Slack:                    inf
  Source:                 vga_txt/o_r_reg[3]_lopt_replica_2/C
                            (rising edge-triggered cell FDRE clocked by sys_clk_pin  {rise@0.000ns fall@5.000ns period=10.000ns})
  Destination:            VGA_R[1]
                            (output port)
  Path Group:             (none)
  Path Type:              Min at Fast Process Corner
  Data Path Delay:        2.222ns  (logic 1.413ns (63.590%)  route 0.809ns (36.410%))
  Logic Levels:           1  (OBUF=1)
  Clock Uncertainty:      0.025ns  ((TSJ^2 + TIJ^2)^1/2 + DJ) / 2 + PE
    Total System Jitter     (TSJ):    0.050ns
    Total Input Jitter      (TIJ):    0.000ns
    Discrete Jitter          (DJ):    0.000ns
    Phase Error              (PE):    0.000ns

    Location             Delay type                Incr(ns)  Path(ns)    Netlist Resource(s)
  -------------------------------------------------------------------    -------------------
                         (clock sys_clk_pin rise edge)
                                                      0.000     0.000 r  
    E3                                                0.000     0.000 r  CLK100MHZ (IN)
                         net (fo=0)                   0.000     0.000    CLK100MHZ
    E3                   IBUF (Prop_ibuf_I_O)         0.250     0.250 r  CLK100MHZ_IBUF_inst/O
                         net (fo=1, routed)           0.644     0.894    CLK100MHZ_IBUF
    BUFGCTRL_X0Y16       BUFG (Prop_bufg_I_O)         0.026     0.920 r  CLK100MHZ_IBUF_BUFG_inst/O
                         net (fo=407, routed)         0.552     1.471    vga_txt/CLK100MHZ_IBUF_BUFG
    SLICE_X66Y128        FDRE                                         r  vga_txt/o_r_reg[3]_lopt_replica_2/C
  -------------------------------------------------------------------    -------------------
    SLICE_X66Y128        FDRE (Prop_fdre_C_Q)         0.164     1.635 r  vga_txt/o_r_reg[3]_lopt_replica_2/Q
                         net (fo=1, routed)           0.809     2.444    lopt_9
    B4                   OBUF (Prop_obuf_I_O)         1.249     3.693 r  VGA_R_OBUF[1]_inst/O
                         net (fo=0)                   0.000     3.693    VGA_R[1]
    B4                                                                r  VGA_R[1] (OUT)
  -------------------------------------------------------------------    -------------------

Slack:                    inf
  Source:                 top0/o_scan_reg/C
                            (rising edge-triggered cell FDRE clocked by sys_clk_pin  {rise@0.000ns fall@5.000ns period=10.000ns})
  Destination:            AN[1]
                            (output port)
  Path Group:             (none)
  Path Type:              Min at Fast Process Corner
  Data Path Delay:        2.198ns  (logic 1.509ns (68.660%)  route 0.689ns (31.340%))
  Logic Levels:           2  (LUT1=1 OBUF=1)
  Clock Uncertainty:      0.025ns  ((TSJ^2 + TIJ^2)^1/2 + DJ) / 2 + PE
    Total System Jitter     (TSJ):    0.050ns
    Total Input Jitter      (TIJ):    0.000ns
    Discrete Jitter          (DJ):    0.000ns
    Phase Error              (PE):    0.000ns

    Location             Delay type                Incr(ns)  Path(ns)    Netlist Resource(s)
  -------------------------------------------------------------------    -------------------
                         (clock sys_clk_pin rise edge)
                                                      0.000     0.000 r  
    E3                                                0.000     0.000 r  CLK100MHZ (IN)
                         net (fo=0)                   0.000     0.000    CLK100MHZ
    E3                   IBUF (Prop_ibuf_I_O)         0.250     0.250 r  CLK100MHZ_IBUF_inst/O
                         net (fo=1, routed)           0.644     0.894    CLK100MHZ_IBUF
    BUFGCTRL_X0Y16       BUFG (Prop_bufg_I_O)         0.026     0.920 r  CLK100MHZ_IBUF_BUFG_inst/O
                         net (fo=407, routed)         0.603     1.522    top0/CLK100MHZ_IBUF_BUFG
    SLICE_X2Y92          FDRE                                         r  top0/o_scan_reg/C
  -------------------------------------------------------------------    -------------------
    SLICE_X2Y92          FDRE (Prop_fdre_C_Q)         0.164     1.686 f  top0/o_scan_reg/Q
                         net (fo=10, routed)          0.202     1.888    top0/AN_OBUF[0]
    SLICE_X2Y92          LUT1 (Prop_lut1_I0_O)        0.043     1.931 r  top0/AN_OBUF[1]_inst_i_1/O
                         net (fo=1, routed)           0.487     2.418    AN_OBUF[1]
    J18                  OBUF (Prop_obuf_I_O)         1.302     3.721 r  AN_OBUF[1]_inst/O
                         net (fo=0)                   0.000     3.721    AN[1]
    J18                                                               r  AN[1] (OUT)
  -------------------------------------------------------------------    -------------------

Slack:                    inf
  Source:                 vga_txt/o_vs_reg/C
                            (rising edge-triggered cell FDRE clocked by sys_clk_pin  {rise@0.000ns fall@5.000ns period=10.000ns})
  Destination:            VGA_VS
                            (output port)
  Path Group:             (none)
  Path Type:              Min at Fast Process Corner
  Data Path Delay:        2.212ns  (logic 1.430ns (64.641%)  route 0.782ns (35.359%))
  Logic Levels:           1  (OBUF=1)
  Clock Uncertainty:      0.025ns  ((TSJ^2 + TIJ^2)^1/2 + DJ) / 2 + PE
    Total System Jitter     (TSJ):    0.050ns
    Total Input Jitter      (TIJ):    0.000ns
    Discrete Jitter          (DJ):    0.000ns
    Phase Error              (PE):    0.000ns

    Location             Delay type                Incr(ns)  Path(ns)    Netlist Resource(s)
  -------------------------------------------------------------------    -------------------
                         (clock sys_clk_pin rise edge)
                                                      0.000     0.000 r  
    E3                                                0.000     0.000 r  CLK100MHZ (IN)
                         net (fo=0)                   0.000     0.000    CLK100MHZ
    E3                   IBUF (Prop_ibuf_I_O)         0.250     0.250 r  CLK100MHZ_IBUF_inst/O
                         net (fo=1, routed)           0.644     0.894    CLK100MHZ_IBUF
    BUFGCTRL_X0Y16       BUFG (Prop_bufg_I_O)         0.026     0.920 r  CLK100MHZ_IBUF_BUFG_inst/O
                         net (fo=407, routed)         0.603     1.522    vga_txt/CLK100MHZ_IBUF_BUFG
    SLICE_X6Y93          FDRE                                         r  vga_txt/o_vs_reg/C
  -------------------------------------------------------------------    -------------------
    SLICE_X6Y93          FDRE (Prop_fdre_C_Q)         0.164     1.686 r  vga_txt/o_vs_reg/Q
                         net (fo=1, routed)           0.782     2.468    VGA_VS_OBUF
    B12                  OBUF (Prop_obuf_I_O)         1.266     3.734 r  VGA_VS_OBUF_inst/O
                         net (fo=0)                   0.000     3.734    VGA_VS
    B12                                                               r  VGA_VS (OUT)
  -------------------------------------------------------------------    -------------------

Slack:                    inf
  Source:                 vga_txt/o_r_reg[3]_lopt_replica/C
                            (rising edge-triggered cell FDRE clocked by sys_clk_pin  {rise@0.000ns fall@5.000ns period=10.000ns})
  Destination:            VGA_G[1]
                            (output port)
  Path Group:             (none)
  Path Type:              Min at Fast Process Corner
  Data Path Delay:        2.310ns  (logic 1.409ns (61.002%)  route 0.901ns (38.998%))
  Logic Levels:           1  (OBUF=1)
  Clock Uncertainty:      0.025ns  ((TSJ^2 + TIJ^2)^1/2 + DJ) / 2 + PE
    Total System Jitter     (TSJ):    0.050ns
    Total Input Jitter      (TIJ):    0.000ns
    Discrete Jitter          (DJ):    0.000ns
    Phase Error              (PE):    0.000ns

    Location             Delay type                Incr(ns)  Path(ns)    Netlist Resource(s)
  -------------------------------------------------------------------    -------------------
                         (clock sys_clk_pin rise edge)
                                                      0.000     0.000 r  
    E3                                                0.000     0.000 r  CLK100MHZ (IN)
                         net (fo=0)                   0.000     0.000    CLK100MHZ
    E3                   IBUF (Prop_ibuf_I_O)         0.250     0.250 r  CLK100MHZ_IBUF_inst/O
                         net (fo=1, routed)           0.644     0.894    CLK100MHZ_IBUF
    BUFGCTRL_X0Y16       BUFG (Prop_bufg_I_O)         0.026     0.920 r  CLK100MHZ_IBUF_BUFG_inst/O
                         net (fo=407, routed)         0.552     1.471    vga_txt/CLK100MHZ_IBUF_BUFG
    SLICE_X66Y128        FDRE                                         r  vga_txt/o_r_reg[3]_lopt_replica/C
  -------------------------------------------------------------------    -------------------
    SLICE_X66Y128        FDRE (Prop_fdre_C_Q)         0.164     1.635 r  vga_txt/o_r_reg[3]_lopt_replica/Q
                         net (fo=1, routed)           0.901     2.536    lopt_8
    A5                   OBUF (Prop_obuf_I_O)         1.245     3.782 r  VGA_G_OBUF[1]_inst/O
                         net (fo=0)                   0.000     3.782    VGA_G[1]
    A5                                                                r  VGA_G[1] (OUT)
  -------------------------------------------------------------------    -------------------





--------------------------------------------------------------------------------------
Path Group:  (none)
From Clock:  
  To Clock:  sys_clk_pin

Max Delay            49 Endpoints
Min Delay            49 Endpoints
--------------------------------------------------------------------------------------


Max Delay Paths
--------------------------------------------------------------------------------------
Slack:                    inf
  Source:                 BTNC
                            (input port)
  Destination:            top0/clk_max_reg[0]/D
                            (rising edge-triggered cell FDRE clocked by sys_clk_pin  {rise@0.000ns fall@5.000ns period=10.000ns})
  Path Group:             (none)
  Path Type:              Setup (Max at Slow Process Corner)
  Data Path Delay:        4.172ns  (logic 1.928ns (46.199%)  route 2.245ns (53.801%))
  Logic Levels:           3  (IBUF=1 LUT2=1 LUT6=1)
  Clock Path Skew:        5.026ns (DCD - SCD + CPR)
    Destination Clock Delay (DCD):    5.026ns
    Source Clock Delay      (SCD):    0.000ns
    Clock Pessimism Removal (CPR):    0.000ns
  Clock Uncertainty:      0.025ns  ((TSJ^2 + TIJ^2)^1/2 + DJ) / 2 + PE
    Total System Jitter     (TSJ):    0.050ns
    Total Input Jitter      (TIJ):    0.000ns
    Discrete Jitter          (DJ):    0.000ns
    Phase Error              (PE):    0.000ns

    Location             Delay type                Incr(ns)  Path(ns)    Netlist Resource(s)
  -------------------------------------------------------------------    -------------------
    N17                                               0.000     0.000 f  BTNC (IN)
                         net (fo=0)                   0.000     0.000    BTNC
    N17                  IBUF (Prop_ibuf_I_O)         1.477     1.477 f  BTNC_IBUF_inst/O
                         net (fo=16, routed)          1.345     2.822    top0/BTNC_IBUF
    SLICE_X1Y90          LUT2 (Prop_lut2_I1_O)        0.119     2.941 f  top0/clk_cnt_23[22]_i_1/O
                         net (fo=24, routed)          0.899     3.840    top0/clk_cnt_23[22]_i_1_n_0
    SLICE_X0Y89          LUT6 (Prop_lut6_I5_O)        0.332     4.172 r  top0/clk_max[0]_i_1/O
                         net (fo=1, routed)           0.000     4.172    top0/clk_max[0]_i_1_n_0
    SLICE_X0Y89          FDRE                                         r  top0/clk_max_reg[0]/D
  -------------------------------------------------------------------    -------------------

                         (clock sys_clk_pin rise edge)
                                                      0.000     0.000 r  
    E3                                                0.000     0.000 r  CLK100MHZ (IN)
                         net (fo=0)                   0.000     0.000    CLK100MHZ
    E3                   IBUF (Prop_ibuf_I_O)         1.411     1.411 r  CLK100MHZ_IBUF_inst/O
                         net (fo=1, routed)           1.920     3.331    CLK100MHZ_IBUF
    BUFGCTRL_X0Y16       BUFG (Prop_bufg_I_O)         0.091     3.422 r  CLK100MHZ_IBUF_BUFG_inst/O
                         net (fo=407, routed)         1.603     5.026    top0/CLK100MHZ_IBUF_BUFG
    SLICE_X0Y89          FDRE                                         r  top0/clk_max_reg[0]/C

Slack:                    inf
  Source:                 BTNC
                            (input port)
  Destination:            top0/clk_cnt_23_reg[2]/S
                            (rising edge-triggered cell FDSE clocked by sys_clk_pin  {rise@0.000ns fall@5.000ns period=10.000ns})
  Path Group:             (none)
  Path Type:              Setup (Max at Slow Process Corner)
  Data Path Delay:        3.700ns  (logic 1.596ns (43.124%)  route 2.104ns (56.876%))
  Logic Levels:           2  (IBUF=1 LUT2=1)
  Clock Path Skew:        5.026ns (DCD - SCD + CPR)
    Destination Clock Delay (DCD):    5.026ns
    Source Clock Delay      (SCD):    0.000ns
    Clock Pessimism Removal (CPR):    0.000ns
  Clock Uncertainty:      0.025ns  ((TSJ^2 + TIJ^2)^1/2 + DJ) / 2 + PE
    Total System Jitter     (TSJ):    0.050ns
    Total Input Jitter      (TIJ):    0.000ns
    Discrete Jitter          (DJ):    0.000ns
    Phase Error              (PE):    0.000ns

    Location             Delay type                Incr(ns)  Path(ns)    Netlist Resource(s)
  -------------------------------------------------------------------    -------------------
    N17                                               0.000     0.000 r  BTNC (IN)
                         net (fo=0)                   0.000     0.000    BTNC
    N17                  IBUF (Prop_ibuf_I_O)         1.477     1.477 r  BTNC_IBUF_inst/O
                         net (fo=16, routed)          1.345     2.822    top0/BTNC_IBUF
    SLICE_X1Y90          LUT2 (Prop_lut2_I1_O)        0.119     2.941 r  top0/clk_cnt_23[22]_i_1/O
                         net (fo=24, routed)          0.759     3.700    top0/clk_cnt_23[22]_i_1_n_0
    SLICE_X2Y90          FDSE                                         r  top0/clk_cnt_23_reg[2]/S
  -------------------------------------------------------------------    -------------------

                         (clock sys_clk_pin rise edge)
                                                      0.000     0.000 r  
    E3                                                0.000     0.000 r  CLK100MHZ (IN)
                         net (fo=0)                   0.000     0.000    CLK100MHZ
    E3                   IBUF (Prop_ibuf_I_O)         1.411     1.411 r  CLK100MHZ_IBUF_inst/O
                         net (fo=1, routed)           1.920     3.331    CLK100MHZ_IBUF
    BUFGCTRL_X0Y16       BUFG (Prop_bufg_I_O)         0.091     3.422 r  CLK100MHZ_IBUF_BUFG_inst/O
                         net (fo=407, routed)         1.603     5.026    top0/CLK100MHZ_IBUF_BUFG
    SLICE_X2Y90          FDSE                                         r  top0/clk_cnt_23_reg[2]/C

Slack:                    inf
  Source:                 BTNC
                            (input port)
  Destination:            top0/clk_cnt_23_reg[3]/S
                            (rising edge-triggered cell FDSE clocked by sys_clk_pin  {rise@0.000ns fall@5.000ns period=10.000ns})
  Path Group:             (none)
  Path Type:              Setup (Max at Slow Process Corner)
  Data Path Delay:        3.700ns  (logic 1.596ns (43.124%)  route 2.104ns (56.876%))
  Logic Levels:           2  (IBUF=1 LUT2=1)
  Clock Path Skew:        5.026ns (DCD - SCD + CPR)
    Destination Clock Delay (DCD):    5.026ns
    Source Clock Delay      (SCD):    0.000ns
    Clock Pessimism Removal (CPR):    0.000ns
  Clock Uncertainty:      0.025ns  ((TSJ^2 + TIJ^2)^1/2 + DJ) / 2 + PE
    Total System Jitter     (TSJ):    0.050ns
    Total Input Jitter      (TIJ):    0.000ns
    Discrete Jitter          (DJ):    0.000ns
    Phase Error              (PE):    0.000ns

    Location             Delay type                Incr(ns)  Path(ns)    Netlist Resource(s)
  -------------------------------------------------------------------    -------------------
    N17                                               0.000     0.000 r  BTNC (IN)
                         net (fo=0)                   0.000     0.000    BTNC
    N17                  IBUF (Prop_ibuf_I_O)         1.477     1.477 r  BTNC_IBUF_inst/O
                         net (fo=16, routed)          1.345     2.822    top0/BTNC_IBUF
    SLICE_X1Y90          LUT2 (Prop_lut2_I1_O)        0.119     2.941 r  top0/clk_cnt_23[22]_i_1/O
                         net (fo=24, routed)          0.759     3.700    top0/clk_cnt_23[22]_i_1_n_0
    SLICE_X2Y90          FDSE                                         r  top0/clk_cnt_23_reg[3]/S
  -------------------------------------------------------------------    -------------------

                         (clock sys_clk_pin rise edge)
                                                      0.000     0.000 r  
    E3                                                0.000     0.000 r  CLK100MHZ (IN)
                         net (fo=0)                   0.000     0.000    CLK100MHZ
    E3                   IBUF (Prop_ibuf_I_O)         1.411     1.411 r  CLK100MHZ_IBUF_inst/O
                         net (fo=1, routed)           1.920     3.331    CLK100MHZ_IBUF
    BUFGCTRL_X0Y16       BUFG (Prop_bufg_I_O)         0.091     3.422 r  CLK100MHZ_IBUF_BUFG_inst/O
                         net (fo=407, routed)         1.603     5.026    top0/CLK100MHZ_IBUF_BUFG
    SLICE_X2Y90          FDSE                                         r  top0/clk_cnt_23_reg[3]/C

Slack:                    inf
  Source:                 BTNC
                            (input port)
  Destination:            top0/clk_cnt_23_reg[4]/S
                            (rising edge-triggered cell FDSE clocked by sys_clk_pin  {rise@0.000ns fall@5.000ns period=10.000ns})
  Path Group:             (none)
  Path Type:              Setup (Max at Slow Process Corner)
  Data Path Delay:        3.700ns  (logic 1.596ns (43.124%)  route 2.104ns (56.876%))
  Logic Levels:           2  (IBUF=1 LUT2=1)
  Clock Path Skew:        5.026ns (DCD - SCD + CPR)
    Destination Clock Delay (DCD):    5.026ns
    Source Clock Delay      (SCD):    0.000ns
    Clock Pessimism Removal (CPR):    0.000ns
  Clock Uncertainty:      0.025ns  ((TSJ^2 + TIJ^2)^1/2 + DJ) / 2 + PE
    Total System Jitter     (TSJ):    0.050ns
    Total Input Jitter      (TIJ):    0.000ns
    Discrete Jitter          (DJ):    0.000ns
    Phase Error              (PE):    0.000ns

    Location             Delay type                Incr(ns)  Path(ns)    Netlist Resource(s)
  -------------------------------------------------------------------    -------------------
    N17                                               0.000     0.000 r  BTNC (IN)
                         net (fo=0)                   0.000     0.000    BTNC
    N17                  IBUF (Prop_ibuf_I_O)         1.477     1.477 r  BTNC_IBUF_inst/O
                         net (fo=16, routed)          1.345     2.822    top0/BTNC_IBUF
    SLICE_X1Y90          LUT2 (Prop_lut2_I1_O)        0.119     2.941 r  top0/clk_cnt_23[22]_i_1/O
                         net (fo=24, routed)          0.759     3.700    top0/clk_cnt_23[22]_i_1_n_0
    SLICE_X2Y90          FDSE                                         r  top0/clk_cnt_23_reg[4]/S
  -------------------------------------------------------------------    -------------------

                         (clock sys_clk_pin rise edge)
                                                      0.000     0.000 r  
    E3                                                0.000     0.000 r  CLK100MHZ (IN)
                         net (fo=0)                   0.000     0.000    CLK100MHZ
    E3                   IBUF (Prop_ibuf_I_O)         1.411     1.411 r  CLK100MHZ_IBUF_inst/O
                         net (fo=1, routed)           1.920     3.331    CLK100MHZ_IBUF
    BUFGCTRL_X0Y16       BUFG (Prop_bufg_I_O)         0.091     3.422 r  CLK100MHZ_IBUF_BUFG_inst/O
                         net (fo=407, routed)         1.603     5.026    top0/CLK100MHZ_IBUF_BUFG
    SLICE_X2Y90          FDSE                                         r  top0/clk_cnt_23_reg[4]/C

Slack:                    inf
  Source:                 BTNC
                            (input port)
  Destination:            top0/clk_cnt_23_reg[18]/S
                            (rising edge-triggered cell FDSE clocked by sys_clk_pin  {rise@0.000ns fall@5.000ns period=10.000ns})
  Path Group:             (none)
  Path Type:              Setup (Max at Slow Process Corner)
  Data Path Delay:        3.610ns  (logic 1.596ns (44.196%)  route 2.015ns (55.804%))
  Logic Levels:           2  (IBUF=1 LUT2=1)
  Clock Path Skew:        5.026ns (DCD - SCD + CPR)
    Destination Clock Delay (DCD):    5.026ns
    Source Clock Delay      (SCD):    0.000ns
    Clock Pessimism Removal (CPR):    0.000ns
  Clock Uncertainty:      0.025ns  ((TSJ^2 + TIJ^2)^1/2 + DJ) / 2 + PE
    Total System Jitter     (TSJ):    0.050ns
    Total Input Jitter      (TIJ):    0.000ns
    Discrete Jitter          (DJ):    0.000ns
    Phase Error              (PE):    0.000ns

    Location             Delay type                Incr(ns)  Path(ns)    Netlist Resource(s)
  -------------------------------------------------------------------    -------------------
    N17                                               0.000     0.000 r  BTNC (IN)
                         net (fo=0)                   0.000     0.000    BTNC
    N17                  IBUF (Prop_ibuf_I_O)         1.477     1.477 r  BTNC_IBUF_inst/O
                         net (fo=16, routed)          1.345     2.822    top0/BTNC_IBUF
    SLICE_X1Y90          LUT2 (Prop_lut2_I1_O)        0.119     2.941 r  top0/clk_cnt_23[22]_i_1/O
                         net (fo=24, routed)          0.669     3.610    top0/clk_cnt_23[22]_i_1_n_0
    SLICE_X3Y89          FDSE                                         r  top0/clk_cnt_23_reg[18]/S
  -------------------------------------------------------------------    -------------------

                         (clock sys_clk_pin rise edge)
                                                      0.000     0.000 r  
    E3                                                0.000     0.000 r  CLK100MHZ (IN)
                         net (fo=0)                   0.000     0.000    CLK100MHZ
    E3                   IBUF (Prop_ibuf_I_O)         1.411     1.411 r  CLK100MHZ_IBUF_inst/O
                         net (fo=1, routed)           1.920     3.331    CLK100MHZ_IBUF
    BUFGCTRL_X0Y16       BUFG (Prop_bufg_I_O)         0.091     3.422 r  CLK100MHZ_IBUF_BUFG_inst/O
                         net (fo=407, routed)         1.603     5.026    top0/CLK100MHZ_IBUF_BUFG
    SLICE_X3Y89          FDSE                                         r  top0/clk_cnt_23_reg[18]/C

Slack:                    inf
  Source:                 BTNC
                            (input port)
  Destination:            top0/clk_cnt_23_reg[19]/S
                            (rising edge-triggered cell FDSE clocked by sys_clk_pin  {rise@0.000ns fall@5.000ns period=10.000ns})
  Path Group:             (none)
  Path Type:              Setup (Max at Slow Process Corner)
  Data Path Delay:        3.610ns  (logic 1.596ns (44.196%)  route 2.015ns (55.804%))
  Logic Levels:           2  (IBUF=1 LUT2=1)
  Clock Path Skew:        5.026ns (DCD - SCD + CPR)
    Destination Clock Delay (DCD):    5.026ns
    Source Clock Delay      (SCD):    0.000ns
    Clock Pessimism Removal (CPR):    0.000ns
  Clock Uncertainty:      0.025ns  ((TSJ^2 + TIJ^2)^1/2 + DJ) / 2 + PE
    Total System Jitter     (TSJ):    0.050ns
    Total Input Jitter      (TIJ):    0.000ns
    Discrete Jitter          (DJ):    0.000ns
    Phase Error              (PE):    0.000ns

    Location             Delay type                Incr(ns)  Path(ns)    Netlist Resource(s)
  -------------------------------------------------------------------    -------------------
    N17                                               0.000     0.000 r  BTNC (IN)
                         net (fo=0)                   0.000     0.000    BTNC
    N17                  IBUF (Prop_ibuf_I_O)         1.477     1.477 r  BTNC_IBUF_inst/O
                         net (fo=16, routed)          1.345     2.822    top0/BTNC_IBUF
    SLICE_X1Y90          LUT2 (Prop_lut2_I1_O)        0.119     2.941 r  top0/clk_cnt_23[22]_i_1/O
                         net (fo=24, routed)          0.669     3.610    top0/clk_cnt_23[22]_i_1_n_0
    SLICE_X2Y89          FDSE                                         r  top0/clk_cnt_23_reg[19]/S
  -------------------------------------------------------------------    -------------------

                         (clock sys_clk_pin rise edge)
                                                      0.000     0.000 r  
    E3                                                0.000     0.000 r  CLK100MHZ (IN)
                         net (fo=0)                   0.000     0.000    CLK100MHZ
    E3                   IBUF (Prop_ibuf_I_O)         1.411     1.411 r  CLK100MHZ_IBUF_inst/O
                         net (fo=1, routed)           1.920     3.331    CLK100MHZ_IBUF
    BUFGCTRL_X0Y16       BUFG (Prop_bufg_I_O)         0.091     3.422 r  CLK100MHZ_IBUF_BUFG_inst/O
                         net (fo=407, routed)         1.603     5.026    top0/CLK100MHZ_IBUF_BUFG
    SLICE_X2Y89          FDSE                                         r  top0/clk_cnt_23_reg[19]/C

Slack:                    inf
  Source:                 BTNC
                            (input port)
  Destination:            top0/clk_cnt_23_reg[20]/S
                            (rising edge-triggered cell FDSE clocked by sys_clk_pin  {rise@0.000ns fall@5.000ns period=10.000ns})
  Path Group:             (none)
  Path Type:              Setup (Max at Slow Process Corner)
  Data Path Delay:        3.610ns  (logic 1.596ns (44.196%)  route 2.015ns (55.804%))
  Logic Levels:           2  (IBUF=1 LUT2=1)
  Clock Path Skew:        5.026ns (DCD - SCD + CPR)
    Destination Clock Delay (DCD):    5.026ns
    Source Clock Delay      (SCD):    0.000ns
    Clock Pessimism Removal (CPR):    0.000ns
  Clock Uncertainty:      0.025ns  ((TSJ^2 + TIJ^2)^1/2 + DJ) / 2 + PE
    Total System Jitter     (TSJ):    0.050ns
    Total Input Jitter      (TIJ):    0.000ns
    Discrete Jitter          (DJ):    0.000ns
    Phase Error              (PE):    0.000ns

    Location             Delay type                Incr(ns)  Path(ns)    Netlist Resource(s)
  -------------------------------------------------------------------    -------------------
    N17                                               0.000     0.000 r  BTNC (IN)
                         net (fo=0)                   0.000     0.000    BTNC
    N17                  IBUF (Prop_ibuf_I_O)         1.477     1.477 r  BTNC_IBUF_inst/O
                         net (fo=16, routed)          1.345     2.822    top0/BTNC_IBUF
    SLICE_X1Y90          LUT2 (Prop_lut2_I1_O)        0.119     2.941 r  top0/clk_cnt_23[22]_i_1/O
                         net (fo=24, routed)          0.669     3.610    top0/clk_cnt_23[22]_i_1_n_0
    SLICE_X2Y89          FDSE                                         r  top0/clk_cnt_23_reg[20]/S
  -------------------------------------------------------------------    -------------------

                         (clock sys_clk_pin rise edge)
                                                      0.000     0.000 r  
    E3                                                0.000     0.000 r  CLK100MHZ (IN)
                         net (fo=0)                   0.000     0.000    CLK100MHZ
    E3                   IBUF (Prop_ibuf_I_O)         1.411     1.411 r  CLK100MHZ_IBUF_inst/O
                         net (fo=1, routed)           1.920     3.331    CLK100MHZ_IBUF
    BUFGCTRL_X0Y16       BUFG (Prop_bufg_I_O)         0.091     3.422 r  CLK100MHZ_IBUF_BUFG_inst/O
                         net (fo=407, routed)         1.603     5.026    top0/CLK100MHZ_IBUF_BUFG
    SLICE_X2Y89          FDSE                                         r  top0/clk_cnt_23_reg[20]/C

Slack:                    inf
  Source:                 BTNC
                            (input port)
  Destination:            top0/clk_cnt_23_reg[21]/S
                            (rising edge-triggered cell FDSE clocked by sys_clk_pin  {rise@0.000ns fall@5.000ns period=10.000ns})
  Path Group:             (none)
  Path Type:              Setup (Max at Slow Process Corner)
  Data Path Delay:        3.610ns  (logic 1.596ns (44.196%)  route 2.015ns (55.804%))
  Logic Levels:           2  (IBUF=1 LUT2=1)
  Clock Path Skew:        5.026ns (DCD - SCD + CPR)
    Destination Clock Delay (DCD):    5.026ns
    Source Clock Delay      (SCD):    0.000ns
    Clock Pessimism Removal (CPR):    0.000ns
  Clock Uncertainty:      0.025ns  ((TSJ^2 + TIJ^2)^1/2 + DJ) / 2 + PE
    Total System Jitter     (TSJ):    0.050ns
    Total Input Jitter      (TIJ):    0.000ns
    Discrete Jitter          (DJ):    0.000ns
    Phase Error              (PE):    0.000ns

    Location             Delay type                Incr(ns)  Path(ns)    Netlist Resource(s)
  -------------------------------------------------------------------    -------------------
    N17                                               0.000     0.000 r  BTNC (IN)
                         net (fo=0)                   0.000     0.000    BTNC
    N17                  IBUF (Prop_ibuf_I_O)         1.477     1.477 r  BTNC_IBUF_inst/O
                         net (fo=16, routed)          1.345     2.822    top0/BTNC_IBUF
    SLICE_X1Y90          LUT2 (Prop_lut2_I1_O)        0.119     2.941 r  top0/clk_cnt_23[22]_i_1/O
                         net (fo=24, routed)          0.669     3.610    top0/clk_cnt_23[22]_i_1_n_0
    SLICE_X2Y89          FDSE                                         r  top0/clk_cnt_23_reg[21]/S
  -------------------------------------------------------------------    -------------------

                         (clock sys_clk_pin rise edge)
                                                      0.000     0.000 r  
    E3                                                0.000     0.000 r  CLK100MHZ (IN)
                         net (fo=0)                   0.000     0.000    CLK100MHZ
    E3                   IBUF (Prop_ibuf_I_O)         1.411     1.411 r  CLK100MHZ_IBUF_inst/O
                         net (fo=1, routed)           1.920     3.331    CLK100MHZ_IBUF
    BUFGCTRL_X0Y16       BUFG (Prop_bufg_I_O)         0.091     3.422 r  CLK100MHZ_IBUF_BUFG_inst/O
                         net (fo=407, routed)         1.603     5.026    top0/CLK100MHZ_IBUF_BUFG
    SLICE_X2Y89          FDSE                                         r  top0/clk_cnt_23_reg[21]/C

Slack:                    inf
  Source:                 BTNC
                            (input port)
  Destination:            top0/clk_cnt_23_reg[22]/S
                            (rising edge-triggered cell FDSE clocked by sys_clk_pin  {rise@0.000ns fall@5.000ns period=10.000ns})
  Path Group:             (none)
  Path Type:              Setup (Max at Slow Process Corner)
  Data Path Delay:        3.610ns  (logic 1.596ns (44.196%)  route 2.015ns (55.804%))
  Logic Levels:           2  (IBUF=1 LUT2=1)
  Clock Path Skew:        5.026ns (DCD - SCD + CPR)
    Destination Clock Delay (DCD):    5.026ns
    Source Clock Delay      (SCD):    0.000ns
    Clock Pessimism Removal (CPR):    0.000ns
  Clock Uncertainty:      0.025ns  ((TSJ^2 + TIJ^2)^1/2 + DJ) / 2 + PE
    Total System Jitter     (TSJ):    0.050ns
    Total Input Jitter      (TIJ):    0.000ns
    Discrete Jitter          (DJ):    0.000ns
    Phase Error              (PE):    0.000ns

    Location             Delay type                Incr(ns)  Path(ns)    Netlist Resource(s)
  -------------------------------------------------------------------    -------------------
    N17                                               0.000     0.000 r  BTNC (IN)
                         net (fo=0)                   0.000     0.000    BTNC
    N17                  IBUF (Prop_ibuf_I_O)         1.477     1.477 r  BTNC_IBUF_inst/O
                         net (fo=16, routed)          1.345     2.822    top0/BTNC_IBUF
    SLICE_X1Y90          LUT2 (Prop_lut2_I1_O)        0.119     2.941 r  top0/clk_cnt_23[22]_i_1/O
                         net (fo=24, routed)          0.669     3.610    top0/clk_cnt_23[22]_i_1_n_0
    SLICE_X2Y89          FDSE                                         r  top0/clk_cnt_23_reg[22]/S
  -------------------------------------------------------------------    -------------------

                         (clock sys_clk_pin rise edge)
                                                      0.000     0.000 r  
    E3                                                0.000     0.000 r  CLK100MHZ (IN)
                         net (fo=0)                   0.000     0.000    CLK100MHZ
    E3                   IBUF (Prop_ibuf_I_O)         1.411     1.411 r  CLK100MHZ_IBUF_inst/O
                         net (fo=1, routed)           1.920     3.331    CLK100MHZ_IBUF
    BUFGCTRL_X0Y16       BUFG (Prop_bufg_I_O)         0.091     3.422 r  CLK100MHZ_IBUF_BUFG_inst/O
                         net (fo=407, routed)         1.603     5.026    top0/CLK100MHZ_IBUF_BUFG
    SLICE_X2Y89          FDSE                                         r  top0/clk_cnt_23_reg[22]/C

Slack:                    inf
  Source:                 BTNC
                            (input port)
  Destination:            top0/o_random_out_reg[0]/R
                            (rising edge-triggered cell FDRE clocked by sys_clk_pin  {rise@0.000ns fall@5.000ns period=10.000ns})
  Path Group:             (none)
  Path Type:              Setup (Max at Slow Process Corner)
  Data Path Delay:        3.495ns  (logic 1.477ns (42.251%)  route 2.018ns (57.749%))
  Logic Levels:           1  (IBUF=1)
  Clock Path Skew:        5.026ns (DCD - SCD + CPR)
    Destination Clock Delay (DCD):    5.026ns
    Source Clock Delay      (SCD):    0.000ns
    Clock Pessimism Removal (CPR):    0.000ns
  Clock Uncertainty:      0.025ns  ((TSJ^2 + TIJ^2)^1/2 + DJ) / 2 + PE
    Total System Jitter     (TSJ):    0.050ns
    Total Input Jitter      (TIJ):    0.000ns
    Discrete Jitter          (DJ):    0.000ns
    Phase Error              (PE):    0.000ns

    Location             Delay type                Incr(ns)  Path(ns)    Netlist Resource(s)
  -------------------------------------------------------------------    -------------------
    N17                                               0.000     0.000 r  BTNC (IN)
                         net (fo=0)                   0.000     0.000    BTNC
    N17                  IBUF (Prop_ibuf_I_O)         1.477     1.477 r  BTNC_IBUF_inst/O
                         net (fo=16, routed)          2.018     3.495    top0/BTNC_IBUF
    SLICE_X0Y90          FDRE                                         r  top0/o_random_out_reg[0]/R
  -------------------------------------------------------------------    -------------------

                         (clock sys_clk_pin rise edge)
                                                      0.000     0.000 r  
    E3                                                0.000     0.000 r  CLK100MHZ (IN)
                         net (fo=0)                   0.000     0.000    CLK100MHZ
    E3                   IBUF (Prop_ibuf_I_O)         1.411     1.411 r  CLK100MHZ_IBUF_inst/O
                         net (fo=1, routed)           1.920     3.331    CLK100MHZ_IBUF
    BUFGCTRL_X0Y16       BUFG (Prop_bufg_I_O)         0.091     3.422 r  CLK100MHZ_IBUF_BUFG_inst/O
                         net (fo=407, routed)         1.603     5.026    top0/CLK100MHZ_IBUF_BUFG
    SLICE_X0Y90          FDRE                                         r  top0/o_random_out_reg[0]/C





Min Delay Paths
--------------------------------------------------------------------------------------
Slack:                    inf
  Source:                 SW[0]
                            (input port)
  Destination:            sw_s0_reg/D
                            (rising edge-triggered cell FDRE clocked by sys_clk_pin  {rise@0.000ns fall@5.000ns period=10.000ns})
  Path Group:             (none)
  Path Type:              Hold (Min at Fast Process Corner)
  Data Path Delay:        0.607ns  (logic 0.245ns (40.438%)  route 0.362ns (59.562%))
  Logic Levels:           1  (IBUF=1)
  Clock Path Skew:        2.037ns (DCD - SCD - CPR)
    Destination Clock Delay (DCD):    2.037ns
    Source Clock Delay      (SCD):    0.000ns
    Clock Pessimism Removal (CPR):    -0.000ns

    Location             Delay type                Incr(ns)  Path(ns)    Netlist Resource(s)
  -------------------------------------------------------------------    -------------------
    J15                                               0.000     0.000 r  SW[0] (IN)
                         net (fo=0)                   0.000     0.000    SW[0]
    J15                  IBUF (Prop_ibuf_I_O)         0.245     0.245 r  SW_IBUF[0]_inst/O
                         net (fo=1, routed)           0.362     0.607    SW_IBUF[0]
    SLICE_X2Y101         FDRE                                         r  sw_s0_reg/D
  -------------------------------------------------------------------    -------------------

                         (clock sys_clk_pin rise edge)
                                                      0.000     0.000 r  
    E3                                                0.000     0.000 r  CLK100MHZ (IN)
                         net (fo=0)                   0.000     0.000    CLK100MHZ
    E3                   IBUF (Prop_ibuf_I_O)         0.438     0.438 r  CLK100MHZ_IBUF_inst/O
                         net (fo=1, routed)           0.699     1.136    CLK100MHZ_IBUF
    BUFGCTRL_X0Y16       BUFG (Prop_bufg_I_O)         0.029     1.165 r  CLK100MHZ_IBUF_BUFG_inst/O
                         net (fo=407, routed)         0.872     2.037    CLK100MHZ_IBUF_BUFG
    SLICE_X2Y101         FDRE                                         r  sw_s0_reg/C

Slack:                    inf
  Source:                 BTNC
                            (input port)
  Destination:            rst_meta_reg/D
                            (rising edge-triggered cell FDRE clocked by sys_clk_pin  {rise@0.000ns fall@5.000ns period=10.000ns})
  Path Group:             (none)
  Path Type:              Hold (Min at Fast Process Corner)
  Data Path Delay:        0.705ns  (logic 0.244ns (34.677%)  route 0.461ns (65.323%))
  Logic Levels:           1  (IBUF=1)
  Clock Path Skew:        2.040ns (DCD - SCD - CPR)
    Destination Clock Delay (DCD):    2.040ns
    Source Clock Delay      (SCD):    0.000ns
    Clock Pessimism Removal (CPR):    -0.000ns

    Location             Delay type                Incr(ns)  Path(ns)    Netlist Resource(s)
  -------------------------------------------------------------------    -------------------
    N17                                               0.000     0.000 r  BTNC (IN)
                         net (fo=0)                   0.000     0.000    BTNC
    N17                  IBUF (Prop_ibuf_I_O)         0.244     0.244 r  BTNC_IBUF_inst/O
                         net (fo=16, routed)          0.461     0.705    BTNC_IBUF
    SLICE_X1Y89          FDRE                                         r  rst_meta_reg/D
  -------------------------------------------------------------------    -------------------

                         (clock sys_clk_pin rise edge)
                                                      0.000     0.000 r  
    E3                                                0.000     0.000 r  CLK100MHZ (IN)
                         net (fo=0)                   0.000     0.000    CLK100MHZ
    E3                   IBUF (Prop_ibuf_I_O)         0.438     0.438 r  CLK100MHZ_IBUF_inst/O
                         net (fo=1, routed)           0.699     1.136    CLK100MHZ_IBUF
    BUFGCTRL_X0Y16       BUFG (Prop_bufg_I_O)         0.029     1.165 r  CLK100MHZ_IBUF_BUFG_inst/O
                         net (fo=407, routed)         0.875     2.040    CLK100MHZ_IBUF_BUFG
    SLICE_X1Y89          FDRE                                         r  rst_meta_reg/C

Slack:                    inf
  Source:                 BTNU
                            (input port)
  Destination:            top0/clk_cnt_reg[0]/D
                            (rising edge-triggered cell FDRE clocked by sys_clk_pin  {rise@0.000ns fall@5.000ns period=10.000ns})
  Path Group:             (none)
  Path Type:              Hold (Min at Fast Process Corner)
  Data Path Delay:        0.746ns  (logic 0.299ns (40.032%)  route 0.447ns (59.968%))
  Logic Levels:           2  (IBUF=1 LUT6=1)
  Clock Path Skew:        2.040ns (DCD - SCD - CPR)
    Destination Clock Delay (DCD):    2.040ns
    Source Clock Delay      (SCD):    0.000ns
    Clock Pessimism Removal (CPR):    -0.000ns

    Location             Delay type                Incr(ns)  Path(ns)    Netlist Resource(s)
  -------------------------------------------------------------------    -------------------
    M18                                               0.000     0.000 f  BTNU (IN)
                         net (fo=0)                   0.000     0.000    BTNU
    M18                  IBUF (Prop_ibuf_I_O)         0.254     0.254 f  BTNU_IBUF_inst/O
                         net (fo=9, routed)           0.447     0.701    top0/BTNU_IBUF
    SLICE_X1Y89          LUT6 (Prop_lut6_I3_O)        0.045     0.746 r  top0/clk_cnt[0]_i_1/O
                         net (fo=1, routed)           0.000     0.746    top0/clk_cnt[0]_i_1_n_0
    SLICE_X1Y89          FDRE                                         r  top0/clk_cnt_reg[0]/D
  -------------------------------------------------------------------    -------------------

                         (clock sys_clk_pin rise edge)
                                                      0.000     0.000 r  
    E3                                                0.000     0.000 r  CLK100MHZ (IN)
                         net (fo=0)                   0.000     0.000    CLK100MHZ
    E3                   IBUF (Prop_ibuf_I_O)         0.438     0.438 r  CLK100MHZ_IBUF_inst/O
                         net (fo=1, routed)           0.699     1.136    CLK100MHZ_IBUF
    BUFGCTRL_X0Y16       BUFG (Prop_bufg_I_O)         0.029     1.165 r  CLK100MHZ_IBUF_BUFG_inst/O
                         net (fo=407, routed)         0.875     2.040    top0/CLK100MHZ_IBUF_BUFG
    SLICE_X1Y89          FDRE                                         r  top0/clk_cnt_reg[0]/C

Slack:                    inf
  Source:                 JA[1]
                            (input port)
  Destination:            ext_s0_reg/D
                            (rising edge-triggered cell FDRE clocked by sys_clk_pin  {rise@0.000ns fall@5.000ns period=10.000ns})
  Path Group:             (none)
  Path Type:              Hold (Min at Fast Process Corner)
  Data Path Delay:        0.815ns  (logic 0.278ns (34.076%)  route 0.537ns (65.924%))
  Logic Levels:           1  (IBUF=1)
  Clock Path Skew:        2.042ns (DCD - SCD - CPR)
    Destination Clock Delay (DCD):    2.042ns
    Source Clock Delay      (SCD):    0.000ns
    Clock Pessimism Removal (CPR):    -0.000ns

    Location             Delay type                Incr(ns)  Path(ns)    Netlist Resource(s)
  -------------------------------------------------------------------    -------------------
    C17                                               0.000     0.000 r  JA[1] (INOUT)
                         net (fo=0)                   0.000     0.000    JA[1]
    C17                  IBUF (Prop_ibuf_I_O)         0.278     0.278 r  JA_IBUF[1]_inst/O
                         net (fo=1, routed)           0.537     0.815    JA_IBUF[1]
    SLICE_X3Y95          FDRE                                         r  ext_s0_reg/D
  -------------------------------------------------------------------    -------------------

                         (clock sys_clk_pin rise edge)
                                                      0.000     0.000 r  
    E3                                                0.000     0.000 r  CLK100MHZ (IN)
                         net (fo=0)                   0.000     0.000    CLK100MHZ
    E3                   IBUF (Prop_ibuf_I_O)         0.438     0.438 r  CLK100MHZ_IBUF_inst/O
                         net (fo=1, routed)           0.699     1.136    CLK100MHZ_IBUF
    BUFGCTRL_X0Y16       BUFG (Prop_bufg_I_O)         0.029     1.165 r  CLK100MHZ_IBUF_BUFG_inst/O
                         net (fo=407, routed)         0.877     2.042    CLK100MHZ_IBUF_BUFG
    SLICE_X3Y95          FDRE                                         r  ext_s0_reg/C

Slack:                    inf
  Source:                 BTNC
                            (input port)
  Destination:            top0/clk_max_reg[1]/D
                            (rising edge-triggered cell FDRE clocked by sys_clk_pin  {rise@0.000ns fall@5.000ns period=10.000ns})
  Path Group:             (none)
  Path Type:              Hold (Min at Fast Process Corner)
  Data Path Delay:        0.835ns  (logic 0.289ns (34.675%)  route 0.545ns (65.325%))
  Logic Levels:           2  (IBUF=1 LUT6=1)
  Clock Path Skew:        2.040ns (DCD - SCD - CPR)
    Destination Clock Delay (DCD):    2.040ns
    Source Clock Delay      (SCD):    0.000ns
    Clock Pessimism Removal (CPR):    -0.000ns

    Location             Delay type                Incr(ns)  Path(ns)    Netlist Resource(s)
  -------------------------------------------------------------------    -------------------
    N17                                               0.000     0.000 r  BTNC (IN)
                         net (fo=0)                   0.000     0.000    BTNC
    N17                  IBUF (Prop_ibuf_I_O)         0.244     0.244 r  BTNC_IBUF_inst/O
                         net (fo=16, routed)          0.545     0.790    top0/BTNC_IBUF
    SLICE_X0Y89          LUT6 (Prop_lut6_I5_O)        0.045     0.835 r  top0/clk_max[1]_i_1/O
                         net (fo=1, routed)           0.000     0.835    top0/clk_max[1]_i_1_n_0
    SLICE_X0Y89          FDRE                                         r  top0/clk_max_reg[1]/D
  -------------------------------------------------------------------    -------------------

                         (clock sys_clk_pin rise edge)
                                                      0.000     0.000 r  
    E3                                                0.000     0.000 r  CLK100MHZ (IN)
                         net (fo=0)                   0.000     0.000    CLK100MHZ
    E3                   IBUF (Prop_ibuf_I_O)         0.438     0.438 r  CLK100MHZ_IBUF_inst/O
                         net (fo=1, routed)           0.699     1.136    CLK100MHZ_IBUF
    BUFGCTRL_X0Y16       BUFG (Prop_bufg_I_O)         0.029     1.165 r  CLK100MHZ_IBUF_BUFG_inst/O
                         net (fo=407, routed)         0.875     2.040    top0/CLK100MHZ_IBUF_BUFG
    SLICE_X0Y89          FDRE                                         r  top0/clk_max_reg[1]/C

Slack:                    inf
  Source:                 BTNU
                            (input port)
  Destination:            top0/clk_cnt_reg[1]/D
                            (rising edge-triggered cell FDRE clocked by sys_clk_pin  {rise@0.000ns fall@5.000ns period=10.000ns})
  Path Group:             (none)
  Path Type:              Hold (Min at Fast Process Corner)
  Data Path Delay:        0.835ns  (logic 0.299ns (35.738%)  route 0.537ns (64.262%))
  Logic Levels:           2  (IBUF=1 LUT6=1)
  Clock Path Skew:        2.040ns (DCD - SCD - CPR)
    Destination Clock Delay (DCD):    2.040ns
    Source Clock Delay      (SCD):    0.000ns
    Clock Pessimism Removal (CPR):    -0.000ns

    Location             Delay type                Incr(ns)  Path(ns)    Netlist Resource(s)
  -------------------------------------------------------------------    -------------------
    M18                                               0.000     0.000 r  BTNU (IN)
                         net (fo=0)                   0.000     0.000    BTNU
    M18                  IBUF (Prop_ibuf_I_O)         0.254     0.254 r  BTNU_IBUF_inst/O
                         net (fo=9, routed)           0.537     0.790    top0/BTNU_IBUF
    SLICE_X1Y89          LUT6 (Prop_lut6_I3_O)        0.045     0.835 r  top0/clk_cnt[1]_i_1/O
                         net (fo=1, routed)           0.000     0.835    top0/clk_cnt[1]_i_1_n_0
    SLICE_X1Y89          FDRE                                         r  top0/clk_cnt_reg[1]/D
  -------------------------------------------------------------------    -------------------

                         (clock sys_clk_pin rise edge)
                                                      0.000     0.000 r  
    E3                                                0.000     0.000 r  CLK100MHZ (IN)
                         net (fo=0)                   0.000     0.000    CLK100MHZ
    E3                   IBUF (Prop_ibuf_I_O)         0.438     0.438 r  CLK100MHZ_IBUF_inst/O
                         net (fo=1, routed)           0.699     1.136    CLK100MHZ_IBUF
    BUFGCTRL_X0Y16       BUFG (Prop_bufg_I_O)         0.029     1.165 r  CLK100MHZ_IBUF_BUFG_inst/O
                         net (fo=407, routed)         0.875     2.040    top0/CLK100MHZ_IBUF_BUFG
    SLICE_X1Y89          FDRE                                         r  top0/clk_cnt_reg[1]/C

Slack:                    inf
  Source:                 BTNC
                            (input port)
  Destination:            top0/o_update_reg/D
                            (rising edge-triggered cell FDRE clocked by sys_clk_pin  {rise@0.000ns fall@5.000ns period=10.000ns})
  Path Group:             (none)
  Path Type:              Hold (Min at Fast Process Corner)
  Data Path Delay:        0.917ns  (logic 0.289ns (31.567%)  route 0.628ns (68.433%))
  Logic Levels:           2  (IBUF=1 LUT3=1)
  Clock Path Skew:        2.040ns (DCD - SCD - CPR)
    Destination Clock Delay (DCD):    2.040ns
    Source Clock Delay      (SCD):    0.000ns
    Clock Pessimism Removal (CPR):    -0.000ns

    Location             Delay type                Incr(ns)  Path(ns)    Netlist Resource(s)
  -------------------------------------------------------------------    -------------------
    N17                                               0.000     0.000 f  BTNC (IN)
                         net (fo=0)                   0.000     0.000    BTNC
    N17                  IBUF (Prop_ibuf_I_O)         0.244     0.244 f  BTNC_IBUF_inst/O
                         net (fo=16, routed)          0.628     0.872    top0/BTNC_IBUF
    SLICE_X1Y89          LUT3 (Prop_lut3_I1_O)        0.045     0.917 r  top0/o_update_i_1/O
                         net (fo=1, routed)           0.000     0.917    top0/o_update_i_1_n_0
    SLICE_X1Y89          FDRE                                         r  top0/o_update_reg/D
  -------------------------------------------------------------------    -------------------

                         (clock sys_clk_pin rise edge)
                                                      0.000     0.000 r  
    E3                                                0.000     0.000 r  CLK100MHZ (IN)
                         net (fo=0)                   0.000     0.000    CLK100MHZ
    E3                   IBUF (Prop_ibuf_I_O)         0.438     0.438 r  CLK100MHZ_IBUF_inst/O
                         net (fo=1, routed)           0.699     1.136    CLK100MHZ_IBUF
    BUFGCTRL_X0Y16       BUFG (Prop_bufg_I_O)         0.029     1.165 r  CLK100MHZ_IBUF_BUFG_inst/O
                         net (fo=407, routed)         0.875     2.040    top0/CLK100MHZ_IBUF_BUFG
    SLICE_X1Y89          FDRE                                         r  top0/o_update_reg/C

Slack:                    inf
  Source:                 BTNC
                            (input port)
  Destination:            top0/repeat_cnt_reg[0]/D
                            (rising edge-triggered cell FDRE clocked by sys_clk_pin  {rise@0.000ns fall@5.000ns period=10.000ns})
  Path Group:             (none)
  Path Type:              Hold (Min at Fast Process Corner)
  Data Path Delay:        0.921ns  (logic 0.289ns (31.436%)  route 0.631ns (68.564%))
  Logic Levels:           2  (IBUF=1 LUT5=1)
  Clock Path Skew:        2.040ns (DCD - SCD - CPR)
    Destination Clock Delay (DCD):    2.040ns
    Source Clock Delay      (SCD):    0.000ns
    Clock Pessimism Removal (CPR):    -0.000ns

    Location             Delay type                Incr(ns)  Path(ns)    Netlist Resource(s)
  -------------------------------------------------------------------    -------------------
    N17                                               0.000     0.000 r  BTNC (IN)
                         net (fo=0)                   0.000     0.000    BTNC
    N17                  IBUF (Prop_ibuf_I_O)         0.244     0.244 r  BTNC_IBUF_inst/O
                         net (fo=16, routed)          0.631     0.876    top0/BTNC_IBUF
    SLICE_X0Y89          LUT5 (Prop_lut5_I4_O)        0.045     0.921 r  top0/repeat_cnt[0]_i_1/O
                         net (fo=1, routed)           0.000     0.921    top0/repeat_cnt[0]_i_1_n_0
    SLICE_X0Y89          FDRE                                         r  top0/repeat_cnt_reg[0]/D
  -------------------------------------------------------------------    -------------------

                         (clock sys_clk_pin rise edge)
                                                      0.000     0.000 r  
    E3                                                0.000     0.000 r  CLK100MHZ (IN)
                         net (fo=0)                   0.000     0.000    CLK100MHZ
    E3                   IBUF (Prop_ibuf_I_O)         0.438     0.438 r  CLK100MHZ_IBUF_inst/O
                         net (fo=1, routed)           0.699     1.136    CLK100MHZ_IBUF
    BUFGCTRL_X0Y16       BUFG (Prop_bufg_I_O)         0.029     1.165 r  CLK100MHZ_IBUF_BUFG_inst/O
                         net (fo=407, routed)         0.875     2.040    top0/CLK100MHZ_IBUF_BUFG
    SLICE_X0Y89          FDRE                                         r  top0/repeat_cnt_reg[0]/C

Slack:                    inf
  Source:                 BTNC
                            (input port)
  Destination:            top0/repeat_cnt_reg[1]/D
                            (rising edge-triggered cell FDRE clocked by sys_clk_pin  {rise@0.000ns fall@5.000ns period=10.000ns})
  Path Group:             (none)
  Path Type:              Hold (Min at Fast Process Corner)
  Data Path Delay:        0.921ns  (logic 0.289ns (31.436%)  route 0.631ns (68.564%))
  Logic Levels:           2  (IBUF=1 LUT5=1)
  Clock Path Skew:        2.040ns (DCD - SCD - CPR)
    Destination Clock Delay (DCD):    2.040ns
    Source Clock Delay      (SCD):    0.000ns
    Clock Pessimism Removal (CPR):    -0.000ns

    Location             Delay type                Incr(ns)  Path(ns)    Netlist Resource(s)
  -------------------------------------------------------------------    -------------------
    N17                                               0.000     0.000 r  BTNC (IN)
                         net (fo=0)                   0.000     0.000    BTNC
    N17                  IBUF (Prop_ibuf_I_O)         0.244     0.244 r  BTNC_IBUF_inst/O
                         net (fo=16, routed)          0.631     0.876    top0/BTNC_IBUF
    SLICE_X0Y89          LUT5 (Prop_lut5_I0_O)        0.045     0.921 r  top0/repeat_cnt[1]_i_1/O
                         net (fo=1, routed)           0.000     0.921    top0/repeat_cnt[1]_i_1_n_0
    SLICE_X0Y89          FDRE                                         r  top0/repeat_cnt_reg[1]/D
  -------------------------------------------------------------------    -------------------

                         (clock sys_clk_pin rise edge)
                                                      0.000     0.000 r  
    E3                                                0.000     0.000 r  CLK100MHZ (IN)
                         net (fo=0)                   0.000     0.000    CLK100MHZ
    E3                   IBUF (Prop_ibuf_I_O)         0.438     0.438 r  CLK100MHZ_IBUF_inst/O
                         net (fo=1, routed)           0.699     1.136    CLK100MHZ_IBUF
    BUFGCTRL_X0Y16       BUFG (Prop_bufg_I_O)         0.029     1.165 r  CLK100MHZ_IBUF_BUFG_inst/O
                         net (fo=407, routed)         0.875     2.040    top0/CLK100MHZ_IBUF_BUFG
    SLICE_X0Y89          FDRE                                         r  top0/repeat_cnt_reg[1]/C

Slack:                    inf
  Source:                 BTNU
                            (input port)
  Destination:            top0/clk_cnt_23_reg[10]/S
                            (rising edge-triggered cell FDSE clocked by sys_clk_pin  {rise@0.000ns fall@5.000ns period=10.000ns})
  Path Group:             (none)
  Path Type:              Hold (Min at Fast Process Corner)
  Data Path Delay:        0.975ns  (logic 0.297ns (30.403%)  route 0.679ns (69.597%))
  Logic Levels:           2  (IBUF=1 LUT2=1)
  Clock Path Skew:        2.041ns (DCD - SCD - CPR)
    Destination Clock Delay (DCD):    2.041ns
    Source Clock Delay      (SCD):    0.000ns
    Clock Pessimism Removal (CPR):    -0.000ns

    Location             Delay type                Incr(ns)  Path(ns)    Netlist Resource(s)
  -------------------------------------------------------------------    -------------------
    M18                                               0.000     0.000 r  BTNU (IN)
                         net (fo=0)                   0.000     0.000    BTNU
    M18                  IBUF (Prop_ibuf_I_O)         0.254     0.254 r  BTNU_IBUF_inst/O
                         net (fo=9, routed)           0.484     0.737    top0/BTNU_IBUF
    SLICE_X1Y90          LUT2 (Prop_lut2_I0_O)        0.043     0.780 r  top0/clk_cnt_23[22]_i_1/O
                         net (fo=24, routed)          0.195     0.975    top0/clk_cnt_23[22]_i_1_n_0
    SLICE_X1Y91          FDSE                                         r  top0/clk_cnt_23_reg[10]/S
  -------------------------------------------------------------------    -------------------

                         (clock sys_clk_pin rise edge)
                                                      0.000     0.000 r  
    E3                                                0.000     0.000 r  CLK100MHZ (IN)
                         net (fo=0)                   0.000     0.000    CLK100MHZ
    E3                   IBUF (Prop_ibuf_I_O)         0.438     0.438 r  CLK100MHZ_IBUF_inst/O
                         net (fo=1, routed)           0.699     1.136    CLK100MHZ_IBUF
    BUFGCTRL_X0Y16       BUFG (Prop_bufg_I_O)         0.029     1.165 r  CLK100MHZ_IBUF_BUFG_inst/O
                         net (fo=407, routed)         0.876     2.041    top0/CLK100MHZ_IBUF_BUFG
    SLICE_X1Y91          FDSE                                         r  top0/clk_cnt_23_reg[10]/C





